#
# TABLE STRUCTURE FOR: comments
#

DROP TABLE IF EXISTS `comments`;

CREATE TABLE `comments` (
  `id` bigint(20) unsigned NOT NULL AUTO_INCREMENT,
  `user_id` bigint(20) unsigned NOT NULL,
  `post_id` bigint(20) unsigned NOT NULL,
  `comment` text COLLATE utf8_unicode_ci DEFAULT NULL,
  `created_at` datetime DEFAULT current_timestamp(),
  `updated_at` datetime DEFAULT current_timestamp() ON UPDATE current_timestamp(),
  PRIMARY KEY (`id`),
  KEY `user_id` (`user_id`),
  KEY `post_id` (`post_id`),
  CONSTRAINT `comments_ibfk_1` FOREIGN KEY (`user_id`) REFERENCES `users` (`id`),
  CONSTRAINT `comments_ibfk_2` FOREIGN KEY (`post_id`) REFERENCES `posts` (`id`)
) ENGINE=InnoDB AUTO_INCREMENT=101 DEFAULT CHARSET=utf8 COLLATE=utf8_unicode_ci;

INSERT INTO `comments` (`id`, `user_id`, `post_id`, `comment`, `created_at`, `updated_at`) VALUES ('1', '84', '31', 'Molestiae dolorem voluptatem reiciendis sit veniam expedita dolorem.', '1992-02-26 20:05:25', '1981-04-11 17:22:01');
INSERT INTO `comments` (`id`, `user_id`, `post_id`, `comment`, `created_at`, `updated_at`) VALUES ('2', '16', '80', 'Asperiores eaque architecto quia neque molestiae ullam iusto.', '2013-07-12 04:17:50', '2020-09-11 05:41:11');
INSERT INTO `comments` (`id`, `user_id`, `post_id`, `comment`, `created_at`, `updated_at`) VALUES ('3', '50', '13', 'Qui earum officia in quis commodi deleniti mollitia.', '1983-01-02 23:32:44', '2008-03-22 23:06:44');
INSERT INTO `comments` (`id`, `user_id`, `post_id`, `comment`, `created_at`, `updated_at`) VALUES ('4', '38', '48', 'Fugiat iste nesciunt voluptates dolores maxime ipsam.', '1983-07-01 09:37:13', '1983-11-21 08:25:01');
INSERT INTO `comments` (`id`, `user_id`, `post_id`, `comment`, `created_at`, `updated_at`) VALUES ('5', '94', '14', 'Libero perferendis quidem ipsam in et rerum omnis.', '1994-01-23 15:20:19', '1992-07-23 14:21:13');
INSERT INTO `comments` (`id`, `user_id`, `post_id`, `comment`, `created_at`, `updated_at`) VALUES ('6', '32', '72', 'Fugiat ratione modi eum totam doloribus quam.', '2018-06-14 23:39:40', '2020-07-26 21:28:08');
INSERT INTO `comments` (`id`, `user_id`, `post_id`, `comment`, `created_at`, `updated_at`) VALUES ('7', '75', '51', 'Eos sed eos soluta soluta incidunt.', '1970-05-18 01:08:44', '1996-09-28 16:39:30');
INSERT INTO `comments` (`id`, `user_id`, `post_id`, `comment`, `created_at`, `updated_at`) VALUES ('8', '80', '79', 'Iusto alias fugiat quo quae est eos.', '1972-09-17 19:26:03', '2013-05-03 12:45:56');
INSERT INTO `comments` (`id`, `user_id`, `post_id`, `comment`, `created_at`, `updated_at`) VALUES ('9', '87', '42', 'Molestiae omnis qui magni odio est.', '2010-07-31 08:33:20', '1996-01-28 05:23:51');
INSERT INTO `comments` (`id`, `user_id`, `post_id`, `comment`, `created_at`, `updated_at`) VALUES ('10', '18', '71', 'In eveniet consequatur dignissimos expedita reprehenderit.', '2018-04-05 18:25:11', '2004-03-16 22:52:37');
INSERT INTO `comments` (`id`, `user_id`, `post_id`, `comment`, `created_at`, `updated_at`) VALUES ('11', '88', '3', 'Vel praesentium sed aut tempore.', '2020-10-03 07:53:25', '1978-01-14 19:21:56');
INSERT INTO `comments` (`id`, `user_id`, `post_id`, `comment`, `created_at`, `updated_at`) VALUES ('12', '100', '43', 'Quia rerum cupiditate eveniet aut minus et.', '1975-02-09 08:14:03', '1974-09-01 15:59:26');
INSERT INTO `comments` (`id`, `user_id`, `post_id`, `comment`, `created_at`, `updated_at`) VALUES ('13', '85', '9', 'Ipsam nulla veritatis beatae laudantium soluta velit nostrum.', '1987-06-17 07:03:28', '1977-04-21 12:14:13');
INSERT INTO `comments` (`id`, `user_id`, `post_id`, `comment`, `created_at`, `updated_at`) VALUES ('14', '79', '27', 'Culpa in reprehenderit fugiat doloribus minus doloremque.', '1982-06-12 05:54:59', '1974-02-12 11:44:01');
INSERT INTO `comments` (`id`, `user_id`, `post_id`, `comment`, `created_at`, `updated_at`) VALUES ('15', '78', '61', 'Dolorem et cumque ratione ipsum et recusandae.', '2004-01-06 01:59:46', '2016-11-17 07:41:58');
INSERT INTO `comments` (`id`, `user_id`, `post_id`, `comment`, `created_at`, `updated_at`) VALUES ('16', '30', '49', 'Dolore ratione expedita mollitia tempore.', '2019-12-19 17:07:10', '1979-04-17 06:48:55');
INSERT INTO `comments` (`id`, `user_id`, `post_id`, `comment`, `created_at`, `updated_at`) VALUES ('17', '15', '37', 'Id tenetur voluptas et nesciunt.', '2020-10-16 13:56:11', '1972-10-17 14:01:19');
INSERT INTO `comments` (`id`, `user_id`, `post_id`, `comment`, `created_at`, `updated_at`) VALUES ('18', '61', '52', 'Ut et aut vero eveniet quis accusantium illum.', '1985-07-23 16:23:30', '1984-08-20 21:10:55');
INSERT INTO `comments` (`id`, `user_id`, `post_id`, `comment`, `created_at`, `updated_at`) VALUES ('19', '61', '79', 'Mollitia tenetur ad quia sit aspernatur.', '2001-09-21 04:28:01', '2017-02-23 14:53:29');
INSERT INTO `comments` (`id`, `user_id`, `post_id`, `comment`, `created_at`, `updated_at`) VALUES ('20', '24', '44', 'Alias rerum quo quo nam sint ea.', '1972-02-21 01:43:04', '1986-11-27 11:56:48');
INSERT INTO `comments` (`id`, `user_id`, `post_id`, `comment`, `created_at`, `updated_at`) VALUES ('21', '15', '44', 'Inventore distinctio aut quasi suscipit.', '2012-05-05 23:47:06', '1992-06-27 01:57:53');
INSERT INTO `comments` (`id`, `user_id`, `post_id`, `comment`, `created_at`, `updated_at`) VALUES ('22', '43', '72', 'Quas sed et facere eveniet quisquam.', '1973-10-06 19:08:03', '2005-02-06 20:10:50');
INSERT INTO `comments` (`id`, `user_id`, `post_id`, `comment`, `created_at`, `updated_at`) VALUES ('23', '18', '19', 'Qui ducimus eos quam laboriosam cumque.', '2004-04-22 06:57:46', '2005-07-18 04:18:23');
INSERT INTO `comments` (`id`, `user_id`, `post_id`, `comment`, `created_at`, `updated_at`) VALUES ('24', '87', '4', 'Minima rem perferendis omnis dolorem quia similique.', '1998-06-10 01:40:19', '1974-09-21 00:14:19');
INSERT INTO `comments` (`id`, `user_id`, `post_id`, `comment`, `created_at`, `updated_at`) VALUES ('25', '74', '4', 'Quo est ullam eum quibusdam maxime accusamus eligendi.', '2018-12-15 14:00:22', '1993-12-07 20:23:48');
INSERT INTO `comments` (`id`, `user_id`, `post_id`, `comment`, `created_at`, `updated_at`) VALUES ('26', '93', '50', 'Quia non esse necessitatibus et et voluptatem.', '2014-11-04 17:03:00', '1971-09-04 22:53:01');
INSERT INTO `comments` (`id`, `user_id`, `post_id`, `comment`, `created_at`, `updated_at`) VALUES ('27', '8', '75', 'Quo ducimus dolor reiciendis ab et odio velit beatae.', '1979-06-28 08:25:55', '1979-05-06 10:05:48');
INSERT INTO `comments` (`id`, `user_id`, `post_id`, `comment`, `created_at`, `updated_at`) VALUES ('28', '15', '74', 'Consequatur ut maiores officia minima quis ea.', '2012-03-16 07:22:24', '1980-10-02 22:25:19');
INSERT INTO `comments` (`id`, `user_id`, `post_id`, `comment`, `created_at`, `updated_at`) VALUES ('29', '4', '75', 'Et sunt consequuntur ratione.', '1982-07-03 03:20:02', '2010-07-27 16:37:13');
INSERT INTO `comments` (`id`, `user_id`, `post_id`, `comment`, `created_at`, `updated_at`) VALUES ('30', '25', '65', 'Aut possimus distinctio quaerat quis.', '1991-10-18 09:00:09', '2008-12-08 06:42:06');
INSERT INTO `comments` (`id`, `user_id`, `post_id`, `comment`, `created_at`, `updated_at`) VALUES ('31', '69', '44', 'Iste id laborum illo soluta.', '2010-05-26 19:16:27', '1998-08-13 05:55:11');
INSERT INTO `comments` (`id`, `user_id`, `post_id`, `comment`, `created_at`, `updated_at`) VALUES ('32', '42', '67', 'Dolores soluta quos quidem beatae.', '1992-04-04 01:20:43', '1986-01-02 07:14:06');
INSERT INTO `comments` (`id`, `user_id`, `post_id`, `comment`, `created_at`, `updated_at`) VALUES ('33', '100', '2', 'Possimus est nihil ipsum necessitatibus quidem voluptas inventore deleniti.', '2015-12-08 12:36:32', '1999-04-30 10:41:36');
INSERT INTO `comments` (`id`, `user_id`, `post_id`, `comment`, `created_at`, `updated_at`) VALUES ('34', '47', '49', 'Eos est temporibus sint reiciendis.', '1978-09-11 13:54:01', '2004-06-23 04:49:08');
INSERT INTO `comments` (`id`, `user_id`, `post_id`, `comment`, `created_at`, `updated_at`) VALUES ('35', '100', '56', 'Earum rerum doloribus corporis maiores tempora iste provident iste.', '1999-12-13 23:51:53', '1993-09-24 23:26:34');
INSERT INTO `comments` (`id`, `user_id`, `post_id`, `comment`, `created_at`, `updated_at`) VALUES ('36', '15', '12', 'Quia sapiente qui est quis.', '1983-02-02 05:08:53', '1980-05-18 14:24:09');
INSERT INTO `comments` (`id`, `user_id`, `post_id`, `comment`, `created_at`, `updated_at`) VALUES ('37', '24', '47', 'Maxime rerum non laboriosam.', '1983-11-14 12:52:10', '1972-10-14 00:39:34');
INSERT INTO `comments` (`id`, `user_id`, `post_id`, `comment`, `created_at`, `updated_at`) VALUES ('38', '4', '34', 'Sunt voluptatem enim quisquam assumenda sint.', '1989-09-12 00:59:26', '2007-07-03 05:59:49');
INSERT INTO `comments` (`id`, `user_id`, `post_id`, `comment`, `created_at`, `updated_at`) VALUES ('39', '81', '73', 'Esse ut et doloremque velit occaecati sequi.', '1978-09-25 11:43:33', '1996-03-11 04:42:26');
INSERT INTO `comments` (`id`, `user_id`, `post_id`, `comment`, `created_at`, `updated_at`) VALUES ('40', '47', '44', 'Aut harum magnam fuga atque.', '1991-09-20 07:39:52', '1984-04-01 07:22:18');
INSERT INTO `comments` (`id`, `user_id`, `post_id`, `comment`, `created_at`, `updated_at`) VALUES ('41', '95', '32', 'Et accusantium et hic et maxime nulla.', '1992-05-12 10:04:30', '2006-06-15 14:13:16');
INSERT INTO `comments` (`id`, `user_id`, `post_id`, `comment`, `created_at`, `updated_at`) VALUES ('42', '16', '2', 'Iure omnis eligendi autem fugit ab aut tenetur.', '2012-12-25 15:30:28', '1978-06-30 00:51:09');
INSERT INTO `comments` (`id`, `user_id`, `post_id`, `comment`, `created_at`, `updated_at`) VALUES ('43', '33', '25', 'Minus laborum molestias eos minus explicabo provident distinctio.', '2001-11-11 12:25:16', '1984-05-31 09:53:09');
INSERT INTO `comments` (`id`, `user_id`, `post_id`, `comment`, `created_at`, `updated_at`) VALUES ('44', '94', '29', 'Provident magni et culpa eum debitis.', '2015-02-20 16:10:14', '1975-09-03 01:24:11');
INSERT INTO `comments` (`id`, `user_id`, `post_id`, `comment`, `created_at`, `updated_at`) VALUES ('45', '24', '15', 'Sapiente quo reprehenderit tempora officia temporibus qui.', '1980-02-16 14:07:03', '1999-10-25 09:05:00');
INSERT INTO `comments` (`id`, `user_id`, `post_id`, `comment`, `created_at`, `updated_at`) VALUES ('46', '17', '74', 'Iusto voluptatem non voluptas ea itaque velit quia vel.', '1999-08-22 14:52:11', '1997-01-24 09:50:25');
INSERT INTO `comments` (`id`, `user_id`, `post_id`, `comment`, `created_at`, `updated_at`) VALUES ('47', '74', '47', 'Quaerat vero aut autem recusandae et maiores optio error.', '1976-03-14 14:41:22', '1977-12-12 14:46:32');
INSERT INTO `comments` (`id`, `user_id`, `post_id`, `comment`, `created_at`, `updated_at`) VALUES ('48', '75', '59', 'Voluptas deleniti officia est quis excepturi ipsum ut.', '2005-04-12 14:29:47', '1996-05-16 13:15:27');
INSERT INTO `comments` (`id`, `user_id`, `post_id`, `comment`, `created_at`, `updated_at`) VALUES ('49', '61', '18', 'Eaque nam deleniti totam alias vero voluptatum est.', '2012-02-19 01:21:08', '2008-08-10 04:29:41');
INSERT INTO `comments` (`id`, `user_id`, `post_id`, `comment`, `created_at`, `updated_at`) VALUES ('50', '34', '48', 'Magnam repellat provident corrupti sunt aut fuga.', '1997-08-15 13:11:27', '1982-11-19 12:59:34');
INSERT INTO `comments` (`id`, `user_id`, `post_id`, `comment`, `created_at`, `updated_at`) VALUES ('51', '91', '39', 'Illum culpa sunt dolore quam omnis et.', '1978-05-06 21:48:47', '1989-03-23 04:42:54');
INSERT INTO `comments` (`id`, `user_id`, `post_id`, `comment`, `created_at`, `updated_at`) VALUES ('52', '75', '12', 'Quia rerum vero laudantium nobis.', '2007-11-06 17:21:29', '2020-09-11 17:17:17');
INSERT INTO `comments` (`id`, `user_id`, `post_id`, `comment`, `created_at`, `updated_at`) VALUES ('53', '7', '63', 'Possimus commodi quia omnis est.', '2020-09-25 23:17:15', '1985-08-06 11:24:00');
INSERT INTO `comments` (`id`, `user_id`, `post_id`, `comment`, `created_at`, `updated_at`) VALUES ('54', '57', '70', 'Non maiores dolores alias adipisci quod repudiandae est voluptatum.', '2004-03-09 19:11:31', '1996-12-08 16:39:27');
INSERT INTO `comments` (`id`, `user_id`, `post_id`, `comment`, `created_at`, `updated_at`) VALUES ('55', '69', '3', 'Facere nostrum nesciunt exercitationem aut non quia quos eos.', '1980-05-27 15:59:12', '1995-04-21 15:25:49');
INSERT INTO `comments` (`id`, `user_id`, `post_id`, `comment`, `created_at`, `updated_at`) VALUES ('56', '42', '51', 'Nihil totam suscipit et et et fuga modi.', '2010-03-25 23:32:41', '1986-03-29 11:09:25');
INSERT INTO `comments` (`id`, `user_id`, `post_id`, `comment`, `created_at`, `updated_at`) VALUES ('57', '44', '46', 'Unde quibusdam cumque voluptas culpa ullam.', '1991-06-15 10:24:03', '2002-12-30 10:22:27');
INSERT INTO `comments` (`id`, `user_id`, `post_id`, `comment`, `created_at`, `updated_at`) VALUES ('58', '66', '61', 'Rerum tenetur rem laudantium quaerat perspiciatis.', '1987-02-04 05:26:47', '2010-09-11 18:41:02');
INSERT INTO `comments` (`id`, `user_id`, `post_id`, `comment`, `created_at`, `updated_at`) VALUES ('59', '88', '48', 'Asperiores expedita ipsum eum dolor dolorem.', '2020-08-19 16:08:54', '1976-02-09 07:34:28');
INSERT INTO `comments` (`id`, `user_id`, `post_id`, `comment`, `created_at`, `updated_at`) VALUES ('60', '12', '9', 'At aut totam et eveniet ea dolores.', '2008-01-08 14:26:48', '2012-08-16 21:17:26');
INSERT INTO `comments` (`id`, `user_id`, `post_id`, `comment`, `created_at`, `updated_at`) VALUES ('61', '78', '23', 'Illum unde assumenda quia eos rerum.', '1980-08-20 14:50:02', '1989-11-23 15:53:10');
INSERT INTO `comments` (`id`, `user_id`, `post_id`, `comment`, `created_at`, `updated_at`) VALUES ('62', '4', '41', 'Amet quos ut ut suscipit nesciunt autem sed.', '1988-01-25 08:18:07', '1972-03-04 13:59:54');
INSERT INTO `comments` (`id`, `user_id`, `post_id`, `comment`, `created_at`, `updated_at`) VALUES ('63', '87', '63', 'Dicta pariatur sunt cupiditate dolorum porro similique nam.', '1984-03-27 21:36:09', '1983-05-08 21:19:24');
INSERT INTO `comments` (`id`, `user_id`, `post_id`, `comment`, `created_at`, `updated_at`) VALUES ('64', '24', '38', 'Reprehenderit rerum qui odio magni.', '2007-12-23 15:04:57', '1996-04-26 14:48:30');
INSERT INTO `comments` (`id`, `user_id`, `post_id`, `comment`, `created_at`, `updated_at`) VALUES ('65', '100', '46', 'Eum voluptas sequi at voluptas rem molestiae excepturi.', '1975-07-24 14:53:39', '1984-09-22 23:14:24');
INSERT INTO `comments` (`id`, `user_id`, `post_id`, `comment`, `created_at`, `updated_at`) VALUES ('66', '7', '72', 'Aut sunt sint tempora.', '2007-01-06 00:48:09', '1998-09-27 12:24:56');
INSERT INTO `comments` (`id`, `user_id`, `post_id`, `comment`, `created_at`, `updated_at`) VALUES ('67', '6', '65', 'Inventore commodi voluptatum quas esse.', '2008-02-15 08:09:57', '1981-05-18 03:41:47');
INSERT INTO `comments` (`id`, `user_id`, `post_id`, `comment`, `created_at`, `updated_at`) VALUES ('68', '5', '10', 'Numquam quae consequatur facilis eius quo quidem earum reiciendis.', '1978-01-20 21:08:03', '1977-01-21 21:00:36');
INSERT INTO `comments` (`id`, `user_id`, `post_id`, `comment`, `created_at`, `updated_at`) VALUES ('69', '59', '49', 'Voluptatem consequatur repellat ipsam consequatur at.', '1997-03-28 22:11:53', '2012-09-14 12:36:48');
INSERT INTO `comments` (`id`, `user_id`, `post_id`, `comment`, `created_at`, `updated_at`) VALUES ('70', '99', '22', 'Quia eligendi omnis explicabo animi praesentium.', '2014-08-22 03:40:34', '1989-08-12 15:25:07');
INSERT INTO `comments` (`id`, `user_id`, `post_id`, `comment`, `created_at`, `updated_at`) VALUES ('71', '65', '32', 'Accusantium ipsum aspernatur qui aspernatur cumque.', '2006-04-21 13:47:54', '1987-12-27 22:41:37');
INSERT INTO `comments` (`id`, `user_id`, `post_id`, `comment`, `created_at`, `updated_at`) VALUES ('72', '91', '7', 'Corrupti consequatur laboriosam facilis sed sit voluptatem.', '1980-01-10 14:30:17', '1976-12-06 07:43:07');
INSERT INTO `comments` (`id`, `user_id`, `post_id`, `comment`, `created_at`, `updated_at`) VALUES ('73', '97', '45', 'Occaecati exercitationem rerum nihil incidunt modi tenetur.', '1998-12-25 04:55:25', '1973-01-28 01:25:05');
INSERT INTO `comments` (`id`, `user_id`, `post_id`, `comment`, `created_at`, `updated_at`) VALUES ('74', '83', '67', 'Excepturi et reiciendis id ut harum quidem earum.', '2002-04-24 16:13:50', '1985-10-12 00:06:33');
INSERT INTO `comments` (`id`, `user_id`, `post_id`, `comment`, `created_at`, `updated_at`) VALUES ('75', '15', '76', 'Veritatis et et aut vel consequatur.', '2012-05-09 03:03:42', '2010-07-19 15:19:23');
INSERT INTO `comments` (`id`, `user_id`, `post_id`, `comment`, `created_at`, `updated_at`) VALUES ('76', '95', '75', 'Impedit ea rerum ab temporibus.', '2012-01-02 15:46:34', '1993-08-06 02:15:13');
INSERT INTO `comments` (`id`, `user_id`, `post_id`, `comment`, `created_at`, `updated_at`) VALUES ('77', '22', '78', 'Omnis incidunt repudiandae eum saepe est nam est tenetur.', '2014-01-19 05:49:26', '1976-05-01 10:48:24');
INSERT INTO `comments` (`id`, `user_id`, `post_id`, `comment`, `created_at`, `updated_at`) VALUES ('78', '44', '7', 'Commodi incidunt at architecto numquam non.', '1978-12-01 01:12:48', '1978-02-22 15:20:31');
INSERT INTO `comments` (`id`, `user_id`, `post_id`, `comment`, `created_at`, `updated_at`) VALUES ('79', '76', '54', 'Nihil et quam in omnis.', '1989-01-25 05:19:44', '2014-09-21 02:14:16');
INSERT INTO `comments` (`id`, `user_id`, `post_id`, `comment`, `created_at`, `updated_at`) VALUES ('80', '55', '60', 'Molestias iusto vero qui ratione cum.', '1990-11-23 10:28:03', '2011-11-26 20:41:59');
INSERT INTO `comments` (`id`, `user_id`, `post_id`, `comment`, `created_at`, `updated_at`) VALUES ('81', '24', '49', 'Vel dolor voluptatibus maxime est aliquam veritatis qui.', '1971-04-03 02:37:23', '1998-02-27 16:29:54');
INSERT INTO `comments` (`id`, `user_id`, `post_id`, `comment`, `created_at`, `updated_at`) VALUES ('82', '65', '24', 'Porro facere vero omnis expedita voluptate voluptatibus cum.', '2002-02-15 05:06:14', '1998-07-22 22:36:51');
INSERT INTO `comments` (`id`, `user_id`, `post_id`, `comment`, `created_at`, `updated_at`) VALUES ('83', '42', '56', 'Dolores suscipit blanditiis delectus fugiat quidem sed a.', '2009-01-19 15:55:36', '1987-12-03 04:46:24');
INSERT INTO `comments` (`id`, `user_id`, `post_id`, `comment`, `created_at`, `updated_at`) VALUES ('84', '41', '80', 'Perspiciatis et qui nulla.', '2017-03-04 18:47:12', '2011-05-09 09:08:24');
INSERT INTO `comments` (`id`, `user_id`, `post_id`, `comment`, `created_at`, `updated_at`) VALUES ('85', '31', '31', 'Vel autem itaque doloribus omnis rerum aut tempore.', '1999-08-27 20:01:44', '1979-08-05 06:59:42');
INSERT INTO `comments` (`id`, `user_id`, `post_id`, `comment`, `created_at`, `updated_at`) VALUES ('86', '27', '76', 'Mollitia dignissimos et ratione.', '2014-11-15 01:13:41', '2003-06-14 04:34:50');
INSERT INTO `comments` (`id`, `user_id`, `post_id`, `comment`, `created_at`, `updated_at`) VALUES ('87', '78', '14', 'Ut autem asperiores aut.', '1993-11-16 01:52:39', '1992-01-24 08:22:59');
INSERT INTO `comments` (`id`, `user_id`, `post_id`, `comment`, `created_at`, `updated_at`) VALUES ('88', '3', '60', 'Libero facere nihil commodi fugiat.', '1986-10-29 20:40:43', '1996-03-18 11:01:54');
INSERT INTO `comments` (`id`, `user_id`, `post_id`, `comment`, `created_at`, `updated_at`) VALUES ('89', '74', '68', 'Voluptatem qui ut animi a tempore quis officia dolorum.', '2012-09-16 19:10:29', '1975-09-25 02:38:43');
INSERT INTO `comments` (`id`, `user_id`, `post_id`, `comment`, `created_at`, `updated_at`) VALUES ('90', '58', '71', 'Molestias quia minus dolor.', '2007-09-25 19:37:16', '1972-09-13 00:15:48');
INSERT INTO `comments` (`id`, `user_id`, `post_id`, `comment`, `created_at`, `updated_at`) VALUES ('91', '79', '42', 'Minus nam consequatur est expedita dolores ut numquam.', '1993-07-07 12:58:58', '1982-02-08 18:28:25');
INSERT INTO `comments` (`id`, `user_id`, `post_id`, `comment`, `created_at`, `updated_at`) VALUES ('92', '81', '1', 'Maiores nostrum nulla velit.', '2010-03-31 07:29:30', '1998-07-06 11:47:31');
INSERT INTO `comments` (`id`, `user_id`, `post_id`, `comment`, `created_at`, `updated_at`) VALUES ('93', '50', '20', 'Laborum quam magnam animi repellendus incidunt eum incidunt.', '2016-07-10 14:57:44', '1997-03-05 07:35:47');
INSERT INTO `comments` (`id`, `user_id`, `post_id`, `comment`, `created_at`, `updated_at`) VALUES ('94', '9', '20', 'Ab qui dolorum illo ut facere labore culpa.', '1971-08-07 19:45:12', '2005-04-08 22:16:05');
INSERT INTO `comments` (`id`, `user_id`, `post_id`, `comment`, `created_at`, `updated_at`) VALUES ('95', '91', '51', 'Consequatur sapiente quo quod voluptatem deleniti quia dignissimos.', '1976-09-21 10:26:29', '1995-04-05 04:25:28');
INSERT INTO `comments` (`id`, `user_id`, `post_id`, `comment`, `created_at`, `updated_at`) VALUES ('96', '100', '12', 'Temporibus voluptates cupiditate dolor eaque debitis animi labore dolor.', '2020-10-18 07:06:42', '2009-02-23 09:10:32');
INSERT INTO `comments` (`id`, `user_id`, `post_id`, `comment`, `created_at`, `updated_at`) VALUES ('97', '24', '51', 'Quos tenetur qui fuga repudiandae a rem.', '1993-01-16 07:28:00', '1996-07-28 14:37:34');
INSERT INTO `comments` (`id`, `user_id`, `post_id`, `comment`, `created_at`, `updated_at`) VALUES ('98', '44', '52', 'Soluta et cum vero voluptatibus pariatur autem.', '1999-04-26 18:12:40', '2011-06-14 02:25:25');
INSERT INTO `comments` (`id`, `user_id`, `post_id`, `comment`, `created_at`, `updated_at`) VALUES ('99', '33', '68', 'Vitae sint rem eum sapiente eum.', '1978-03-21 12:05:57', '1988-12-09 21:14:49');
INSERT INTO `comments` (`id`, `user_id`, `post_id`, `comment`, `created_at`, `updated_at`) VALUES ('100', '65', '51', 'Molestias aut quia delectus atque.', '2019-10-01 14:42:50', '2013-05-15 17:54:03');


#
# TABLE STRUCTURE FOR: commentslikes
#

DROP TABLE IF EXISTS `commentslikes`;

CREATE TABLE `commentslikes` (
  `id` bigint(20) unsigned NOT NULL AUTO_INCREMENT,
  `user_id` bigint(20) unsigned NOT NULL,
  `comments_id` bigint(20) unsigned NOT NULL,
  `likedornot` char(1) COLLATE utf8_unicode_ci DEFAULT NULL,
  PRIMARY KEY (`id`),
  KEY `user_id` (`user_id`),
  KEY `comments_id` (`comments_id`),
  CONSTRAINT `commentslikes_ibfk_1` FOREIGN KEY (`user_id`) REFERENCES `users` (`id`),
  CONSTRAINT `commentslikes_ibfk_2` FOREIGN KEY (`comments_id`) REFERENCES `comments` (`id`)
) ENGINE=InnoDB AUTO_INCREMENT=101 DEFAULT CHARSET=utf8 COLLATE=utf8_unicode_ci;

INSERT INTO `commentslikes` (`id`, `user_id`, `comments_id`, `likedornot`) VALUES ('1', '71', '12', '1');
INSERT INTO `commentslikes` (`id`, `user_id`, `comments_id`, `likedornot`) VALUES ('2', '38', '20', '1');
INSERT INTO `commentslikes` (`id`, `user_id`, `comments_id`, `likedornot`) VALUES ('3', '89', '65', '');
INSERT INTO `commentslikes` (`id`, `user_id`, `comments_id`, `likedornot`) VALUES ('4', '25', '53', '');
INSERT INTO `commentslikes` (`id`, `user_id`, `comments_id`, `likedornot`) VALUES ('5', '97', '87', '1');
INSERT INTO `commentslikes` (`id`, `user_id`, `comments_id`, `likedornot`) VALUES ('6', '14', '56', '1');
INSERT INTO `commentslikes` (`id`, `user_id`, `comments_id`, `likedornot`) VALUES ('7', '61', '22', '1');
INSERT INTO `commentslikes` (`id`, `user_id`, `comments_id`, `likedornot`) VALUES ('8', '61', '93', '');
INSERT INTO `commentslikes` (`id`, `user_id`, `comments_id`, `likedornot`) VALUES ('9', '6', '45', '1');
INSERT INTO `commentslikes` (`id`, `user_id`, `comments_id`, `likedornot`) VALUES ('10', '27', '74', '');
INSERT INTO `commentslikes` (`id`, `user_id`, `comments_id`, `likedornot`) VALUES ('11', '79', '97', '1');
INSERT INTO `commentslikes` (`id`, `user_id`, `comments_id`, `likedornot`) VALUES ('12', '5', '27', '');
INSERT INTO `commentslikes` (`id`, `user_id`, `comments_id`, `likedornot`) VALUES ('13', '33', '29', '');
INSERT INTO `commentslikes` (`id`, `user_id`, `comments_id`, `likedornot`) VALUES ('14', '46', '42', '1');
INSERT INTO `commentslikes` (`id`, `user_id`, `comments_id`, `likedornot`) VALUES ('15', '33', '12', '1');
INSERT INTO `commentslikes` (`id`, `user_id`, `comments_id`, `likedornot`) VALUES ('16', '95', '4', '');
INSERT INTO `commentslikes` (`id`, `user_id`, `comments_id`, `likedornot`) VALUES ('17', '24', '32', '');
INSERT INTO `commentslikes` (`id`, `user_id`, `comments_id`, `likedornot`) VALUES ('18', '24', '13', '1');
INSERT INTO `commentslikes` (`id`, `user_id`, `comments_id`, `likedornot`) VALUES ('19', '96', '48', '');
INSERT INTO `commentslikes` (`id`, `user_id`, `comments_id`, `likedornot`) VALUES ('20', '65', '93', '');
INSERT INTO `commentslikes` (`id`, `user_id`, `comments_id`, `likedornot`) VALUES ('21', '34', '79', '1');
INSERT INTO `commentslikes` (`id`, `user_id`, `comments_id`, `likedornot`) VALUES ('22', '49', '95', '1');
INSERT INTO `commentslikes` (`id`, `user_id`, `comments_id`, `likedornot`) VALUES ('23', '100', '10', '');
INSERT INTO `commentslikes` (`id`, `user_id`, `comments_id`, `likedornot`) VALUES ('24', '87', '6', '');
INSERT INTO `commentslikes` (`id`, `user_id`, `comments_id`, `likedornot`) VALUES ('25', '54', '14', '');
INSERT INTO `commentslikes` (`id`, `user_id`, `comments_id`, `likedornot`) VALUES ('26', '80', '32', '1');
INSERT INTO `commentslikes` (`id`, `user_id`, `comments_id`, `likedornot`) VALUES ('27', '10', '85', '');
INSERT INTO `commentslikes` (`id`, `user_id`, `comments_id`, `likedornot`) VALUES ('28', '59', '42', '1');
INSERT INTO `commentslikes` (`id`, `user_id`, `comments_id`, `likedornot`) VALUES ('29', '14', '5', '');
INSERT INTO `commentslikes` (`id`, `user_id`, `comments_id`, `likedornot`) VALUES ('30', '83', '46', '');
INSERT INTO `commentslikes` (`id`, `user_id`, `comments_id`, `likedornot`) VALUES ('31', '17', '78', '');
INSERT INTO `commentslikes` (`id`, `user_id`, `comments_id`, `likedornot`) VALUES ('32', '50', '40', '1');
INSERT INTO `commentslikes` (`id`, `user_id`, `comments_id`, `likedornot`) VALUES ('33', '9', '73', '');
INSERT INTO `commentslikes` (`id`, `user_id`, `comments_id`, `likedornot`) VALUES ('34', '52', '5', '');
INSERT INTO `commentslikes` (`id`, `user_id`, `comments_id`, `likedornot`) VALUES ('35', '21', '17', '');
INSERT INTO `commentslikes` (`id`, `user_id`, `comments_id`, `likedornot`) VALUES ('36', '98', '54', '');
INSERT INTO `commentslikes` (`id`, `user_id`, `comments_id`, `likedornot`) VALUES ('37', '95', '46', '1');
INSERT INTO `commentslikes` (`id`, `user_id`, `comments_id`, `likedornot`) VALUES ('38', '48', '95', '1');
INSERT INTO `commentslikes` (`id`, `user_id`, `comments_id`, `likedornot`) VALUES ('39', '55', '35', '1');
INSERT INTO `commentslikes` (`id`, `user_id`, `comments_id`, `likedornot`) VALUES ('40', '1', '9', '1');
INSERT INTO `commentslikes` (`id`, `user_id`, `comments_id`, `likedornot`) VALUES ('41', '48', '80', '1');
INSERT INTO `commentslikes` (`id`, `user_id`, `comments_id`, `likedornot`) VALUES ('42', '41', '57', '1');
INSERT INTO `commentslikes` (`id`, `user_id`, `comments_id`, `likedornot`) VALUES ('43', '65', '99', '1');
INSERT INTO `commentslikes` (`id`, `user_id`, `comments_id`, `likedornot`) VALUES ('44', '99', '78', '');
INSERT INTO `commentslikes` (`id`, `user_id`, `comments_id`, `likedornot`) VALUES ('45', '3', '82', '');
INSERT INTO `commentslikes` (`id`, `user_id`, `comments_id`, `likedornot`) VALUES ('46', '24', '20', '1');
INSERT INTO `commentslikes` (`id`, `user_id`, `comments_id`, `likedornot`) VALUES ('47', '59', '73', '1');
INSERT INTO `commentslikes` (`id`, `user_id`, `comments_id`, `likedornot`) VALUES ('48', '59', '68', '1');
INSERT INTO `commentslikes` (`id`, `user_id`, `comments_id`, `likedornot`) VALUES ('49', '46', '11', '1');
INSERT INTO `commentslikes` (`id`, `user_id`, `comments_id`, `likedornot`) VALUES ('50', '72', '66', '');
INSERT INTO `commentslikes` (`id`, `user_id`, `comments_id`, `likedornot`) VALUES ('51', '28', '69', '');
INSERT INTO `commentslikes` (`id`, `user_id`, `comments_id`, `likedornot`) VALUES ('52', '20', '22', '1');
INSERT INTO `commentslikes` (`id`, `user_id`, `comments_id`, `likedornot`) VALUES ('53', '15', '68', '');
INSERT INTO `commentslikes` (`id`, `user_id`, `comments_id`, `likedornot`) VALUES ('54', '17', '69', '1');
INSERT INTO `commentslikes` (`id`, `user_id`, `comments_id`, `likedornot`) VALUES ('55', '2', '17', '');
INSERT INTO `commentslikes` (`id`, `user_id`, `comments_id`, `likedornot`) VALUES ('56', '77', '49', '1');
INSERT INTO `commentslikes` (`id`, `user_id`, `comments_id`, `likedornot`) VALUES ('57', '97', '17', '1');
INSERT INTO `commentslikes` (`id`, `user_id`, `comments_id`, `likedornot`) VALUES ('58', '6', '61', '');
INSERT INTO `commentslikes` (`id`, `user_id`, `comments_id`, `likedornot`) VALUES ('59', '16', '4', '1');
INSERT INTO `commentslikes` (`id`, `user_id`, `comments_id`, `likedornot`) VALUES ('60', '38', '19', '');
INSERT INTO `commentslikes` (`id`, `user_id`, `comments_id`, `likedornot`) VALUES ('61', '86', '62', '1');
INSERT INTO `commentslikes` (`id`, `user_id`, `comments_id`, `likedornot`) VALUES ('62', '38', '44', '');
INSERT INTO `commentslikes` (`id`, `user_id`, `comments_id`, `likedornot`) VALUES ('63', '34', '96', '1');
INSERT INTO `commentslikes` (`id`, `user_id`, `comments_id`, `likedornot`) VALUES ('64', '11', '80', '1');
INSERT INTO `commentslikes` (`id`, `user_id`, `comments_id`, `likedornot`) VALUES ('65', '7', '83', '1');
INSERT INTO `commentslikes` (`id`, `user_id`, `comments_id`, `likedornot`) VALUES ('66', '45', '34', '');
INSERT INTO `commentslikes` (`id`, `user_id`, `comments_id`, `likedornot`) VALUES ('67', '52', '64', '1');
INSERT INTO `commentslikes` (`id`, `user_id`, `comments_id`, `likedornot`) VALUES ('68', '56', '66', '1');
INSERT INTO `commentslikes` (`id`, `user_id`, `comments_id`, `likedornot`) VALUES ('69', '31', '72', '');
INSERT INTO `commentslikes` (`id`, `user_id`, `comments_id`, `likedornot`) VALUES ('70', '34', '32', '1');
INSERT INTO `commentslikes` (`id`, `user_id`, `comments_id`, `likedornot`) VALUES ('71', '89', '11', '');
INSERT INTO `commentslikes` (`id`, `user_id`, `comments_id`, `likedornot`) VALUES ('72', '81', '85', '');
INSERT INTO `commentslikes` (`id`, `user_id`, `comments_id`, `likedornot`) VALUES ('73', '28', '86', '');
INSERT INTO `commentslikes` (`id`, `user_id`, `comments_id`, `likedornot`) VALUES ('74', '45', '43', '1');
INSERT INTO `commentslikes` (`id`, `user_id`, `comments_id`, `likedornot`) VALUES ('75', '90', '83', '1');
INSERT INTO `commentslikes` (`id`, `user_id`, `comments_id`, `likedornot`) VALUES ('76', '61', '75', '');
INSERT INTO `commentslikes` (`id`, `user_id`, `comments_id`, `likedornot`) VALUES ('77', '44', '98', '');
INSERT INTO `commentslikes` (`id`, `user_id`, `comments_id`, `likedornot`) VALUES ('78', '19', '78', '1');
INSERT INTO `commentslikes` (`id`, `user_id`, `comments_id`, `likedornot`) VALUES ('79', '94', '30', '');
INSERT INTO `commentslikes` (`id`, `user_id`, `comments_id`, `likedornot`) VALUES ('80', '57', '100', '1');
INSERT INTO `commentslikes` (`id`, `user_id`, `comments_id`, `likedornot`) VALUES ('81', '13', '1', '');
INSERT INTO `commentslikes` (`id`, `user_id`, `comments_id`, `likedornot`) VALUES ('82', '34', '64', '');
INSERT INTO `commentslikes` (`id`, `user_id`, `comments_id`, `likedornot`) VALUES ('83', '65', '89', '1');
INSERT INTO `commentslikes` (`id`, `user_id`, `comments_id`, `likedornot`) VALUES ('84', '29', '95', '');
INSERT INTO `commentslikes` (`id`, `user_id`, `comments_id`, `likedornot`) VALUES ('85', '61', '62', '');
INSERT INTO `commentslikes` (`id`, `user_id`, `comments_id`, `likedornot`) VALUES ('86', '27', '49', '');
INSERT INTO `commentslikes` (`id`, `user_id`, `comments_id`, `likedornot`) VALUES ('87', '73', '7', '1');
INSERT INTO `commentslikes` (`id`, `user_id`, `comments_id`, `likedornot`) VALUES ('88', '33', '100', '1');
INSERT INTO `commentslikes` (`id`, `user_id`, `comments_id`, `likedornot`) VALUES ('89', '93', '78', '');
INSERT INTO `commentslikes` (`id`, `user_id`, `comments_id`, `likedornot`) VALUES ('90', '43', '82', '1');
INSERT INTO `commentslikes` (`id`, `user_id`, `comments_id`, `likedornot`) VALUES ('91', '61', '3', '');
INSERT INTO `commentslikes` (`id`, `user_id`, `comments_id`, `likedornot`) VALUES ('92', '57', '4', '1');
INSERT INTO `commentslikes` (`id`, `user_id`, `comments_id`, `likedornot`) VALUES ('93', '1', '76', '1');
INSERT INTO `commentslikes` (`id`, `user_id`, `comments_id`, `likedornot`) VALUES ('94', '82', '94', '');
INSERT INTO `commentslikes` (`id`, `user_id`, `comments_id`, `likedornot`) VALUES ('95', '5', '39', '');
INSERT INTO `commentslikes` (`id`, `user_id`, `comments_id`, `likedornot`) VALUES ('96', '94', '18', '1');
INSERT INTO `commentslikes` (`id`, `user_id`, `comments_id`, `likedornot`) VALUES ('97', '40', '28', '');
INSERT INTO `commentslikes` (`id`, `user_id`, `comments_id`, `likedornot`) VALUES ('98', '81', '4', '');
INSERT INTO `commentslikes` (`id`, `user_id`, `comments_id`, `likedornot`) VALUES ('99', '16', '9', '');
INSERT INTO `commentslikes` (`id`, `user_id`, `comments_id`, `likedornot`) VALUES ('100', '98', '77', '');


#
# TABLE STRUCTURE FOR: communities
#

DROP TABLE IF EXISTS `communities`;

CREATE TABLE `communities` (
  `id` bigint(20) unsigned NOT NULL AUTO_INCREMENT,
  `name` varchar(150) COLLATE utf8_unicode_ci DEFAULT NULL,
  PRIMARY KEY (`id`),
  KEY `name` (`name`)
) ENGINE=InnoDB AUTO_INCREMENT=31 DEFAULT CHARSET=utf8 COLLATE=utf8_unicode_ci;

INSERT INTO `communities` (`id`, `name`) VALUES ('7', 'ab');
INSERT INTO `communities` (`id`, `name`) VALUES ('10', 'assumenda');
INSERT INTO `communities` (`id`, `name`) VALUES ('22', 'autem');
INSERT INTO `communities` (`id`, `name`) VALUES ('25', 'consectetur');
INSERT INTO `communities` (`id`, `name`) VALUES ('8', 'delectus');
INSERT INTO `communities` (`id`, `name`) VALUES ('13', 'ducimus');
INSERT INTO `communities` (`id`, `name`) VALUES ('12', 'eaque');
INSERT INTO `communities` (`id`, `name`) VALUES ('19', 'eius');
INSERT INTO `communities` (`id`, `name`) VALUES ('28', 'error');
INSERT INTO `communities` (`id`, `name`) VALUES ('3', 'et');
INSERT INTO `communities` (`id`, `name`) VALUES ('15', 'eveniet');
INSERT INTO `communities` (`id`, `name`) VALUES ('21', 'ipsa');
INSERT INTO `communities` (`id`, `name`) VALUES ('4', 'itaque');
INSERT INTO `communities` (`id`, `name`) VALUES ('23', 'libero');
INSERT INTO `communities` (`id`, `name`) VALUES ('18', 'maiores');
INSERT INTO `communities` (`id`, `name`) VALUES ('11', 'maxime');
INSERT INTO `communities` (`id`, `name`) VALUES ('16', 'minima');
INSERT INTO `communities` (`id`, `name`) VALUES ('29', 'optio');
INSERT INTO `communities` (`id`, `name`) VALUES ('5', 'pariatur');
INSERT INTO `communities` (`id`, `name`) VALUES ('14', 'pariatur');
INSERT INTO `communities` (`id`, `name`) VALUES ('20', 'perferendis');
INSERT INTO `communities` (`id`, `name`) VALUES ('24', 'quasi');
INSERT INTO `communities` (`id`, `name`) VALUES ('17', 'quia');
INSERT INTO `communities` (`id`, `name`) VALUES ('30', 'quo');
INSERT INTO `communities` (`id`, `name`) VALUES ('1', 'repellat');
INSERT INTO `communities` (`id`, `name`) VALUES ('26', 'repellat');
INSERT INTO `communities` (`id`, `name`) VALUES ('9', 'sed');
INSERT INTO `communities` (`id`, `name`) VALUES ('6', 'sunt');
INSERT INTO `communities` (`id`, `name`) VALUES ('2', 'totam');
INSERT INTO `communities` (`id`, `name`) VALUES ('27', 'velit');


#
# TABLE STRUCTURE FOR: friend_requests
#

DROP TABLE IF EXISTS `friend_requests`;

CREATE TABLE `friend_requests` (
  `initiator_user_id` bigint(20) unsigned NOT NULL,
  `target_user_id` bigint(20) unsigned NOT NULL,
  `status` enum('requested','approved','unfriended','declined') COLLATE utf8_unicode_ci DEFAULT NULL,
  `requested_at` datetime DEFAULT current_timestamp(),
  `confirmed_at` datetime DEFAULT current_timestamp() ON UPDATE current_timestamp(),
  PRIMARY KEY (`initiator_user_id`,`target_user_id`),
  KEY `initiator_user_id` (`initiator_user_id`),
  KEY `target_user_id` (`target_user_id`),
  CONSTRAINT `friend_requests_ibfk_1` FOREIGN KEY (`initiator_user_id`) REFERENCES `users` (`id`),
  CONSTRAINT `friend_requests_ibfk_2` FOREIGN KEY (`target_user_id`) REFERENCES `users` (`id`)
) ENGINE=InnoDB DEFAULT CHARSET=utf8 COLLATE=utf8_unicode_ci;

INSERT INTO `friend_requests` (`initiator_user_id`, `target_user_id`, `status`, `requested_at`, `confirmed_at`) VALUES ('2', '74', 'requested', '1970-12-24 19:49:30', '2006-08-30 21:37:03');
INSERT INTO `friend_requests` (`initiator_user_id`, `target_user_id`, `status`, `requested_at`, `confirmed_at`) VALUES ('3', '57', 'approved', '1997-12-26 06:08:20', '1976-12-25 02:05:27');
INSERT INTO `friend_requests` (`initiator_user_id`, `target_user_id`, `status`, `requested_at`, `confirmed_at`) VALUES ('6', '28', 'declined', '1988-12-28 22:54:08', '1989-08-30 21:09:34');
INSERT INTO `friend_requests` (`initiator_user_id`, `target_user_id`, `status`, `requested_at`, `confirmed_at`) VALUES ('6', '68', 'unfriended', '2007-05-09 05:45:26', '1985-09-10 23:00:49');
INSERT INTO `friend_requests` (`initiator_user_id`, `target_user_id`, `status`, `requested_at`, `confirmed_at`) VALUES ('8', '55', 'approved', '1994-03-18 03:01:10', '2011-12-02 04:19:57');
INSERT INTO `friend_requests` (`initiator_user_id`, `target_user_id`, `status`, `requested_at`, `confirmed_at`) VALUES ('9', '76', 'approved', '1989-09-05 08:06:06', '2005-05-08 01:16:11');
INSERT INTO `friend_requests` (`initiator_user_id`, `target_user_id`, `status`, `requested_at`, `confirmed_at`) VALUES ('10', '28', 'unfriended', '2003-10-22 06:07:58', '2017-03-25 00:57:47');
INSERT INTO `friend_requests` (`initiator_user_id`, `target_user_id`, `status`, `requested_at`, `confirmed_at`) VALUES ('11', '6', 'declined', '2016-11-10 18:03:03', '1974-08-04 20:11:36');
INSERT INTO `friend_requests` (`initiator_user_id`, `target_user_id`, `status`, `requested_at`, `confirmed_at`) VALUES ('16', '88', 'declined', '2015-04-23 05:38:32', '2003-02-17 02:05:38');
INSERT INTO `friend_requests` (`initiator_user_id`, `target_user_id`, `status`, `requested_at`, `confirmed_at`) VALUES ('16', '100', 'approved', '2013-01-03 11:58:03', '1980-01-23 13:13:44');
INSERT INTO `friend_requests` (`initiator_user_id`, `target_user_id`, `status`, `requested_at`, `confirmed_at`) VALUES ('17', '9', 'approved', '1992-05-23 08:56:13', '2001-07-18 10:13:00');
INSERT INTO `friend_requests` (`initiator_user_id`, `target_user_id`, `status`, `requested_at`, `confirmed_at`) VALUES ('19', '52', 'requested', '1998-06-25 05:34:29', '2004-09-23 07:43:16');
INSERT INTO `friend_requests` (`initiator_user_id`, `target_user_id`, `status`, `requested_at`, `confirmed_at`) VALUES ('22', '24', 'declined', '1999-11-26 10:03:24', '1972-10-14 04:17:51');
INSERT INTO `friend_requests` (`initiator_user_id`, `target_user_id`, `status`, `requested_at`, `confirmed_at`) VALUES ('24', '21', 'declined', '1978-06-14 17:29:54', '2020-05-23 09:46:13');
INSERT INTO `friend_requests` (`initiator_user_id`, `target_user_id`, `status`, `requested_at`, `confirmed_at`) VALUES ('25', '18', 'requested', '2002-06-04 04:44:48', '1992-08-24 21:25:46');
INSERT INTO `friend_requests` (`initiator_user_id`, `target_user_id`, `status`, `requested_at`, `confirmed_at`) VALUES ('26', '99', 'requested', '1995-03-31 21:34:39', '2005-03-30 17:45:45');
INSERT INTO `friend_requests` (`initiator_user_id`, `target_user_id`, `status`, `requested_at`, `confirmed_at`) VALUES ('28', '94', 'requested', '2006-01-17 03:56:58', '1990-01-31 14:13:05');
INSERT INTO `friend_requests` (`initiator_user_id`, `target_user_id`, `status`, `requested_at`, `confirmed_at`) VALUES ('29', '76', 'unfriended', '2007-06-21 12:04:45', '2004-02-26 09:06:24');
INSERT INTO `friend_requests` (`initiator_user_id`, `target_user_id`, `status`, `requested_at`, `confirmed_at`) VALUES ('30', '23', 'unfriended', '1980-12-18 08:32:15', '2000-06-01 19:21:57');
INSERT INTO `friend_requests` (`initiator_user_id`, `target_user_id`, `status`, `requested_at`, `confirmed_at`) VALUES ('30', '59', 'requested', '1974-06-29 18:09:26', '1987-07-07 15:12:53');
INSERT INTO `friend_requests` (`initiator_user_id`, `target_user_id`, `status`, `requested_at`, `confirmed_at`) VALUES ('31', '91', 'declined', '1978-11-09 11:52:22', '2002-02-11 13:51:53');
INSERT INTO `friend_requests` (`initiator_user_id`, `target_user_id`, `status`, `requested_at`, `confirmed_at`) VALUES ('32', '68', 'declined', '2009-10-29 04:58:32', '2008-02-11 11:04:21');
INSERT INTO `friend_requests` (`initiator_user_id`, `target_user_id`, `status`, `requested_at`, `confirmed_at`) VALUES ('33', '13', 'unfriended', '1979-06-23 10:29:35', '1970-05-27 12:12:39');
INSERT INTO `friend_requests` (`initiator_user_id`, `target_user_id`, `status`, `requested_at`, `confirmed_at`) VALUES ('34', '17', 'declined', '1998-04-17 00:56:31', '1985-04-04 22:05:15');
INSERT INTO `friend_requests` (`initiator_user_id`, `target_user_id`, `status`, `requested_at`, `confirmed_at`) VALUES ('38', '53', 'requested', '1981-08-01 13:34:34', '1981-08-18 13:17:45');
INSERT INTO `friend_requests` (`initiator_user_id`, `target_user_id`, `status`, `requested_at`, `confirmed_at`) VALUES ('39', '66', 'approved', '2016-11-28 21:16:46', '2000-02-26 00:09:12');
INSERT INTO `friend_requests` (`initiator_user_id`, `target_user_id`, `status`, `requested_at`, `confirmed_at`) VALUES ('39', '77', 'approved', '1974-03-21 04:10:38', '1973-09-29 13:26:21');
INSERT INTO `friend_requests` (`initiator_user_id`, `target_user_id`, `status`, `requested_at`, `confirmed_at`) VALUES ('41', '20', 'requested', '1971-03-04 18:57:34', '2019-03-25 18:58:14');
INSERT INTO `friend_requests` (`initiator_user_id`, `target_user_id`, `status`, `requested_at`, `confirmed_at`) VALUES ('41', '80', 'requested', '2011-04-16 02:05:08', '1979-05-30 15:04:44');
INSERT INTO `friend_requests` (`initiator_user_id`, `target_user_id`, `status`, `requested_at`, `confirmed_at`) VALUES ('43', '65', 'approved', '2011-11-12 04:42:26', '1986-06-05 14:01:24');
INSERT INTO `friend_requests` (`initiator_user_id`, `target_user_id`, `status`, `requested_at`, `confirmed_at`) VALUES ('44', '70', 'unfriended', '2018-07-25 00:20:46', '2009-02-19 12:28:04');
INSERT INTO `friend_requests` (`initiator_user_id`, `target_user_id`, `status`, `requested_at`, `confirmed_at`) VALUES ('47', '15', 'approved', '1994-10-20 01:10:31', '1999-12-30 20:42:02');
INSERT INTO `friend_requests` (`initiator_user_id`, `target_user_id`, `status`, `requested_at`, `confirmed_at`) VALUES ('47', '43', 'declined', '1996-01-03 05:26:13', '1974-09-15 07:22:32');
INSERT INTO `friend_requests` (`initiator_user_id`, `target_user_id`, `status`, `requested_at`, `confirmed_at`) VALUES ('48', '15', 'approved', '2000-09-30 06:07:22', '2017-06-21 01:31:21');
INSERT INTO `friend_requests` (`initiator_user_id`, `target_user_id`, `status`, `requested_at`, `confirmed_at`) VALUES ('49', '2', 'declined', '2012-08-07 15:30:39', '2008-09-02 09:22:06');
INSERT INTO `friend_requests` (`initiator_user_id`, `target_user_id`, `status`, `requested_at`, `confirmed_at`) VALUES ('50', '4', 'requested', '1993-07-28 17:39:54', '2005-03-28 08:51:44');
INSERT INTO `friend_requests` (`initiator_user_id`, `target_user_id`, `status`, `requested_at`, `confirmed_at`) VALUES ('52', '22', 'approved', '2002-04-23 16:15:30', '2012-03-22 00:37:19');
INSERT INTO `friend_requests` (`initiator_user_id`, `target_user_id`, `status`, `requested_at`, `confirmed_at`) VALUES ('53', '91', 'approved', '2006-06-30 17:32:59', '2003-06-28 16:24:49');
INSERT INTO `friend_requests` (`initiator_user_id`, `target_user_id`, `status`, `requested_at`, `confirmed_at`) VALUES ('54', '40', 'unfriended', '1984-08-28 13:10:26', '2012-03-28 18:11:05');
INSERT INTO `friend_requests` (`initiator_user_id`, `target_user_id`, `status`, `requested_at`, `confirmed_at`) VALUES ('55', '17', 'declined', '1981-05-05 03:57:18', '1992-08-08 23:25:32');
INSERT INTO `friend_requests` (`initiator_user_id`, `target_user_id`, `status`, `requested_at`, `confirmed_at`) VALUES ('58', '31', 'requested', '2009-06-11 14:02:17', '2013-01-05 05:18:09');
INSERT INTO `friend_requests` (`initiator_user_id`, `target_user_id`, `status`, `requested_at`, `confirmed_at`) VALUES ('58', '46', 'approved', '1979-05-13 01:45:09', '2017-03-07 05:15:08');
INSERT INTO `friend_requests` (`initiator_user_id`, `target_user_id`, `status`, `requested_at`, `confirmed_at`) VALUES ('60', '5', 'requested', '1987-10-15 23:44:10', '2011-10-11 18:18:36');
INSERT INTO `friend_requests` (`initiator_user_id`, `target_user_id`, `status`, `requested_at`, `confirmed_at`) VALUES ('60', '58', 'unfriended', '1975-12-28 21:24:23', '1999-02-28 09:35:07');
INSERT INTO `friend_requests` (`initiator_user_id`, `target_user_id`, `status`, `requested_at`, `confirmed_at`) VALUES ('61', '36', 'declined', '1995-04-26 03:13:56', '1980-03-27 03:39:31');
INSERT INTO `friend_requests` (`initiator_user_id`, `target_user_id`, `status`, `requested_at`, `confirmed_at`) VALUES ('63', '37', 'requested', '2012-04-19 19:46:24', '1996-03-11 19:40:35');
INSERT INTO `friend_requests` (`initiator_user_id`, `target_user_id`, `status`, `requested_at`, `confirmed_at`) VALUES ('64', '63', 'declined', '1983-03-14 04:53:59', '1995-07-13 17:19:06');
INSERT INTO `friend_requests` (`initiator_user_id`, `target_user_id`, `status`, `requested_at`, `confirmed_at`) VALUES ('64', '98', 'declined', '2016-11-26 22:33:20', '2000-06-29 02:43:22');
INSERT INTO `friend_requests` (`initiator_user_id`, `target_user_id`, `status`, `requested_at`, `confirmed_at`) VALUES ('65', '59', 'declined', '2017-04-13 13:09:17', '1986-11-18 21:11:56');
INSERT INTO `friend_requests` (`initiator_user_id`, `target_user_id`, `status`, `requested_at`, `confirmed_at`) VALUES ('67', '53', 'declined', '1986-12-25 17:50:05', '2005-06-14 03:53:20');
INSERT INTO `friend_requests` (`initiator_user_id`, `target_user_id`, `status`, `requested_at`, `confirmed_at`) VALUES ('68', '49', 'approved', '1982-04-03 14:27:45', '2009-10-04 15:58:31');
INSERT INTO `friend_requests` (`initiator_user_id`, `target_user_id`, `status`, `requested_at`, `confirmed_at`) VALUES ('69', '43', 'declined', '1978-12-25 05:00:58', '1995-03-10 02:07:50');
INSERT INTO `friend_requests` (`initiator_user_id`, `target_user_id`, `status`, `requested_at`, `confirmed_at`) VALUES ('70', '43', 'approved', '2020-01-21 22:50:31', '2005-03-27 20:25:12');
INSERT INTO `friend_requests` (`initiator_user_id`, `target_user_id`, `status`, `requested_at`, `confirmed_at`) VALUES ('72', '47', 'unfriended', '1997-05-09 16:44:49', '1994-11-10 01:06:31');
INSERT INTO `friend_requests` (`initiator_user_id`, `target_user_id`, `status`, `requested_at`, `confirmed_at`) VALUES ('72', '67', 'declined', '1983-11-29 13:27:52', '1979-12-18 03:21:20');
INSERT INTO `friend_requests` (`initiator_user_id`, `target_user_id`, `status`, `requested_at`, `confirmed_at`) VALUES ('72', '75', 'unfriended', '1986-03-13 13:45:55', '1997-01-14 00:49:18');
INSERT INTO `friend_requests` (`initiator_user_id`, `target_user_id`, `status`, `requested_at`, `confirmed_at`) VALUES ('73', '33', 'approved', '2013-01-14 00:57:47', '1971-05-23 07:16:23');
INSERT INTO `friend_requests` (`initiator_user_id`, `target_user_id`, `status`, `requested_at`, `confirmed_at`) VALUES ('74', '29', 'unfriended', '1976-11-26 19:40:09', '1987-03-14 17:45:49');
INSERT INTO `friend_requests` (`initiator_user_id`, `target_user_id`, `status`, `requested_at`, `confirmed_at`) VALUES ('77', '6', 'requested', '1998-01-20 09:21:59', '2000-07-29 06:41:09');
INSERT INTO `friend_requests` (`initiator_user_id`, `target_user_id`, `status`, `requested_at`, `confirmed_at`) VALUES ('77', '76', 'declined', '1990-01-02 19:29:48', '1979-08-20 19:26:20');
INSERT INTO `friend_requests` (`initiator_user_id`, `target_user_id`, `status`, `requested_at`, `confirmed_at`) VALUES ('78', '67', 'requested', '1991-11-16 14:16:17', '1974-09-29 16:19:51');
INSERT INTO `friend_requests` (`initiator_user_id`, `target_user_id`, `status`, `requested_at`, `confirmed_at`) VALUES ('80', '25', 'declined', '1984-01-23 15:25:27', '2014-03-14 14:39:34');
INSERT INTO `friend_requests` (`initiator_user_id`, `target_user_id`, `status`, `requested_at`, `confirmed_at`) VALUES ('81', '47', 'declined', '1979-11-29 15:04:29', '1978-10-06 22:15:10');
INSERT INTO `friend_requests` (`initiator_user_id`, `target_user_id`, `status`, `requested_at`, `confirmed_at`) VALUES ('83', '19', 'requested', '1978-04-17 18:40:23', '1978-07-05 21:39:00');
INSERT INTO `friend_requests` (`initiator_user_id`, `target_user_id`, `status`, `requested_at`, `confirmed_at`) VALUES ('83', '23', 'declined', '1988-08-24 19:16:12', '1971-01-13 02:44:04');
INSERT INTO `friend_requests` (`initiator_user_id`, `target_user_id`, `status`, `requested_at`, `confirmed_at`) VALUES ('85', '21', 'requested', '2011-04-12 03:20:45', '1990-06-13 13:48:39');
INSERT INTO `friend_requests` (`initiator_user_id`, `target_user_id`, `status`, `requested_at`, `confirmed_at`) VALUES ('85', '85', 'declined', '2009-01-30 21:26:20', '2009-07-22 22:37:58');
INSERT INTO `friend_requests` (`initiator_user_id`, `target_user_id`, `status`, `requested_at`, `confirmed_at`) VALUES ('86', '2', 'unfriended', '2007-09-19 07:09:28', '1984-11-15 22:51:42');
INSERT INTO `friend_requests` (`initiator_user_id`, `target_user_id`, `status`, `requested_at`, `confirmed_at`) VALUES ('86', '95', 'unfriended', '2011-07-30 12:12:44', '2010-02-28 04:43:55');
INSERT INTO `friend_requests` (`initiator_user_id`, `target_user_id`, `status`, `requested_at`, `confirmed_at`) VALUES ('87', '7', 'unfriended', '2002-03-23 02:58:29', '2019-09-03 07:10:31');
INSERT INTO `friend_requests` (`initiator_user_id`, `target_user_id`, `status`, `requested_at`, `confirmed_at`) VALUES ('87', '83', 'unfriended', '2013-10-18 07:40:43', '1977-11-27 22:16:56');
INSERT INTO `friend_requests` (`initiator_user_id`, `target_user_id`, `status`, `requested_at`, `confirmed_at`) VALUES ('88', '33', 'requested', '2010-05-29 01:31:11', '2008-05-19 22:42:34');
INSERT INTO `friend_requests` (`initiator_user_id`, `target_user_id`, `status`, `requested_at`, `confirmed_at`) VALUES ('90', '36', 'approved', '1990-09-13 19:38:26', '1996-07-03 04:14:36');
INSERT INTO `friend_requests` (`initiator_user_id`, `target_user_id`, `status`, `requested_at`, `confirmed_at`) VALUES ('90', '70', 'unfriended', '1973-07-27 18:29:50', '1992-01-20 14:49:52');
INSERT INTO `friend_requests` (`initiator_user_id`, `target_user_id`, `status`, `requested_at`, `confirmed_at`) VALUES ('91', '96', 'declined', '2005-07-08 13:23:30', '1982-05-30 04:45:04');
INSERT INTO `friend_requests` (`initiator_user_id`, `target_user_id`, `status`, `requested_at`, `confirmed_at`) VALUES ('92', '15', 'approved', '1984-11-26 03:18:23', '2007-09-27 18:00:29');
INSERT INTO `friend_requests` (`initiator_user_id`, `target_user_id`, `status`, `requested_at`, `confirmed_at`) VALUES ('92', '91', 'requested', '2017-01-20 20:41:40', '1978-07-27 18:03:10');
INSERT INTO `friend_requests` (`initiator_user_id`, `target_user_id`, `status`, `requested_at`, `confirmed_at`) VALUES ('94', '2', 'approved', '1988-05-17 21:17:24', '2019-04-08 15:56:05');
INSERT INTO `friend_requests` (`initiator_user_id`, `target_user_id`, `status`, `requested_at`, `confirmed_at`) VALUES ('97', '1', 'approved', '2004-02-08 21:39:43', '1983-06-05 21:31:04');
INSERT INTO `friend_requests` (`initiator_user_id`, `target_user_id`, `status`, `requested_at`, `confirmed_at`) VALUES ('98', '98', 'unfriended', '1989-07-05 09:11:37', '1980-12-24 08:33:53');


#
# TABLE STRUCTURE FOR: messages
#

DROP TABLE IF EXISTS `messages`;

CREATE TABLE `messages` (
  `id` bigint(20) unsigned NOT NULL AUTO_INCREMENT,
  `from_user_id` bigint(20) unsigned NOT NULL,
  `to_user_id` bigint(20) unsigned NOT NULL,
  `message` text COLLATE utf8_unicode_ci DEFAULT NULL,
  `is_read` tinyint(1) DEFAULT 0,
  `create_at` datetime DEFAULT current_timestamp(),
  PRIMARY KEY (`id`),
  KEY `from_user_id` (`from_user_id`),
  KEY `to_user_id` (`to_user_id`),
  CONSTRAINT `messages_ibfk_1` FOREIGN KEY (`from_user_id`) REFERENCES `users` (`id`),
  CONSTRAINT `messages_ibfk_2` FOREIGN KEY (`to_user_id`) REFERENCES `users` (`id`)
) ENGINE=InnoDB AUTO_INCREMENT=101 DEFAULT CHARSET=utf8 COLLATE=utf8_unicode_ci;

INSERT INTO `messages` (`id`, `from_user_id`, `to_user_id`, `message`, `is_read`, `create_at`) VALUES ('1', '18', '39', 'Necessitatibus corporis totam perspiciatis velit quasi excepturi tempora.', 0, '2008-10-25 15:11:28');
INSERT INTO `messages` (`id`, `from_user_id`, `to_user_id`, `message`, `is_read`, `create_at`) VALUES ('2', '97', '83', 'Velit qui animi est deserunt maxime.', 1, '1996-05-11 00:06:35');
INSERT INTO `messages` (`id`, `from_user_id`, `to_user_id`, `message`, `is_read`, `create_at`) VALUES ('3', '31', '69', 'In quisquam dolor sed tenetur veniam et.', 0, '2005-11-18 19:13:40');
INSERT INTO `messages` (`id`, `from_user_id`, `to_user_id`, `message`, `is_read`, `create_at`) VALUES ('4', '13', '46', 'Ut sint voluptatem eveniet nisi.', 0, '2003-03-25 07:39:31');
INSERT INTO `messages` (`id`, `from_user_id`, `to_user_id`, `message`, `is_read`, `create_at`) VALUES ('5', '30', '80', 'Pariatur velit earum provident sunt excepturi animi.', 1, '1980-04-25 10:24:59');
INSERT INTO `messages` (`id`, `from_user_id`, `to_user_id`, `message`, `is_read`, `create_at`) VALUES ('6', '60', '52', 'Porro saepe et dolore dolor a suscipit.', 0, '1999-04-19 10:16:15');
INSERT INTO `messages` (`id`, `from_user_id`, `to_user_id`, `message`, `is_read`, `create_at`) VALUES ('7', '10', '23', 'Molestiae maiores officiis est.', 0, '1999-03-08 23:36:09');
INSERT INTO `messages` (`id`, `from_user_id`, `to_user_id`, `message`, `is_read`, `create_at`) VALUES ('8', '61', '64', 'Temporibus in molestias qui suscipit non tempore quo.', 1, '1976-10-01 16:08:23');
INSERT INTO `messages` (`id`, `from_user_id`, `to_user_id`, `message`, `is_read`, `create_at`) VALUES ('9', '1', '16', 'Accusamus fugit qui voluptas molestiae qui modi temporibus maiores.', 1, '2005-04-14 23:34:26');
INSERT INTO `messages` (`id`, `from_user_id`, `to_user_id`, `message`, `is_read`, `create_at`) VALUES ('10', '82', '53', 'Aut omnis expedita voluptatibus aliquam ut.', 0, '2005-12-05 09:53:31');
INSERT INTO `messages` (`id`, `from_user_id`, `to_user_id`, `message`, `is_read`, `create_at`) VALUES ('11', '34', '86', 'Quia rem tenetur sunt dolores eos ipsum labore sapiente.', 0, '2019-01-17 11:23:32');
INSERT INTO `messages` (`id`, `from_user_id`, `to_user_id`, `message`, `is_read`, `create_at`) VALUES ('12', '80', '35', 'Aliquam incidunt ipsa vel rerum quod.', 0, '2004-02-03 22:10:33');
INSERT INTO `messages` (`id`, `from_user_id`, `to_user_id`, `message`, `is_read`, `create_at`) VALUES ('13', '5', '13', 'Quaerat deleniti aut quia occaecati porro.', 0, '1970-07-29 13:11:18');
INSERT INTO `messages` (`id`, `from_user_id`, `to_user_id`, `message`, `is_read`, `create_at`) VALUES ('14', '5', '57', 'Qui repudiandae sit libero totam deserunt sapiente.', 0, '1984-12-16 13:45:31');
INSERT INTO `messages` (`id`, `from_user_id`, `to_user_id`, `message`, `is_read`, `create_at`) VALUES ('15', '60', '34', 'Nihil quaerat aut perspiciatis rem et est voluptas quisquam.', 1, '2015-10-03 22:33:02');
INSERT INTO `messages` (`id`, `from_user_id`, `to_user_id`, `message`, `is_read`, `create_at`) VALUES ('16', '10', '78', 'Tempore laudantium magni aut perferendis eos.', 0, '1992-05-22 01:24:32');
INSERT INTO `messages` (`id`, `from_user_id`, `to_user_id`, `message`, `is_read`, `create_at`) VALUES ('17', '72', '6', 'Voluptatibus nobis dolore molestiae ad nostrum.', 0, '1985-08-28 05:01:31');
INSERT INTO `messages` (`id`, `from_user_id`, `to_user_id`, `message`, `is_read`, `create_at`) VALUES ('18', '60', '2', 'Temporibus sunt aut omnis explicabo atque unde nostrum.', 1, '1987-12-24 10:41:27');
INSERT INTO `messages` (`id`, `from_user_id`, `to_user_id`, `message`, `is_read`, `create_at`) VALUES ('19', '75', '73', 'Exercitationem qui exercitationem cum explicabo.', 1, '2002-05-17 22:23:05');
INSERT INTO `messages` (`id`, `from_user_id`, `to_user_id`, `message`, `is_read`, `create_at`) VALUES ('20', '47', '4', 'Quos dolores facilis dolor ducimus.', 1, '2018-10-24 17:56:44');
INSERT INTO `messages` (`id`, `from_user_id`, `to_user_id`, `message`, `is_read`, `create_at`) VALUES ('21', '52', '7', 'Et dolor id ea aut.', 0, '1978-08-07 18:46:21');
INSERT INTO `messages` (`id`, `from_user_id`, `to_user_id`, `message`, `is_read`, `create_at`) VALUES ('22', '55', '62', 'Fugit temporibus dolorem neque est.', 1, '1970-02-15 16:41:44');
INSERT INTO `messages` (`id`, `from_user_id`, `to_user_id`, `message`, `is_read`, `create_at`) VALUES ('23', '29', '16', 'In repellat natus modi facere nihil et odit voluptas.', 1, '1975-05-01 00:46:23');
INSERT INTO `messages` (`id`, `from_user_id`, `to_user_id`, `message`, `is_read`, `create_at`) VALUES ('24', '26', '30', 'Vel quo nemo eveniet voluptate aliquid rerum sint maxime.', 1, '2007-07-06 03:28:54');
INSERT INTO `messages` (`id`, `from_user_id`, `to_user_id`, `message`, `is_read`, `create_at`) VALUES ('25', '31', '7', 'Et et sequi sed tenetur.', 1, '1999-05-23 17:33:52');
INSERT INTO `messages` (`id`, `from_user_id`, `to_user_id`, `message`, `is_read`, `create_at`) VALUES ('26', '83', '65', 'Non repellat quia et sit iusto enim voluptas.', 1, '2010-08-02 12:39:19');
INSERT INTO `messages` (`id`, `from_user_id`, `to_user_id`, `message`, `is_read`, `create_at`) VALUES ('27', '93', '62', 'Et ut ut ut rerum.', 0, '1999-02-03 08:57:24');
INSERT INTO `messages` (`id`, `from_user_id`, `to_user_id`, `message`, `is_read`, `create_at`) VALUES ('28', '99', '97', 'Ab commodi nihil commodi eos.', 1, '1999-07-23 19:20:49');
INSERT INTO `messages` (`id`, `from_user_id`, `to_user_id`, `message`, `is_read`, `create_at`) VALUES ('29', '75', '3', 'Accusantium temporibus est natus consequatur repudiandae minima asperiores.', 0, '2000-09-05 00:42:53');
INSERT INTO `messages` (`id`, `from_user_id`, `to_user_id`, `message`, `is_read`, `create_at`) VALUES ('30', '54', '34', 'Numquam voluptatem qui exercitationem ut aut.', 1, '2014-11-11 12:41:49');
INSERT INTO `messages` (`id`, `from_user_id`, `to_user_id`, `message`, `is_read`, `create_at`) VALUES ('31', '37', '64', 'Amet dolorem ut fugit consequatur.', 0, '2001-11-30 05:43:57');
INSERT INTO `messages` (`id`, `from_user_id`, `to_user_id`, `message`, `is_read`, `create_at`) VALUES ('32', '11', '8', 'Quia numquam beatae rerum officia eum odio quisquam ab.', 0, '1994-01-11 17:00:22');
INSERT INTO `messages` (`id`, `from_user_id`, `to_user_id`, `message`, `is_read`, `create_at`) VALUES ('33', '70', '70', 'In quae sint doloribus eligendi sit enim.', 1, '1978-01-09 21:17:29');
INSERT INTO `messages` (`id`, `from_user_id`, `to_user_id`, `message`, `is_read`, `create_at`) VALUES ('34', '10', '44', 'Voluptatibus voluptatibus aliquid culpa et beatae qui.', 0, '1971-08-14 05:18:18');
INSERT INTO `messages` (`id`, `from_user_id`, `to_user_id`, `message`, `is_read`, `create_at`) VALUES ('35', '43', '57', 'Et magnam consequatur dolorem modi.', 1, '2006-11-12 10:03:01');
INSERT INTO `messages` (`id`, `from_user_id`, `to_user_id`, `message`, `is_read`, `create_at`) VALUES ('36', '47', '94', 'Velit consequuntur quia esse quia eligendi consectetur totam.', 1, '1992-12-27 06:40:39');
INSERT INTO `messages` (`id`, `from_user_id`, `to_user_id`, `message`, `is_read`, `create_at`) VALUES ('37', '63', '2', 'Quo voluptas adipisci consequatur voluptas quae.', 0, '2020-07-07 01:15:11');
INSERT INTO `messages` (`id`, `from_user_id`, `to_user_id`, `message`, `is_read`, `create_at`) VALUES ('38', '56', '92', 'Qui ipsa et autem possimus adipisci.', 1, '2017-12-06 20:05:13');
INSERT INTO `messages` (`id`, `from_user_id`, `to_user_id`, `message`, `is_read`, `create_at`) VALUES ('39', '17', '81', 'Libero nemo qui quis.', 1, '2011-07-17 13:26:39');
INSERT INTO `messages` (`id`, `from_user_id`, `to_user_id`, `message`, `is_read`, `create_at`) VALUES ('40', '21', '48', 'Sint et est qui deserunt facere quis.', 0, '2010-01-27 15:02:55');
INSERT INTO `messages` (`id`, `from_user_id`, `to_user_id`, `message`, `is_read`, `create_at`) VALUES ('41', '88', '3', 'Illum et qui vero ut ut enim.', 0, '1978-12-30 13:16:37');
INSERT INTO `messages` (`id`, `from_user_id`, `to_user_id`, `message`, `is_read`, `create_at`) VALUES ('42', '12', '81', 'Enim vel laboriosam recusandae.', 1, '1971-10-05 10:01:17');
INSERT INTO `messages` (`id`, `from_user_id`, `to_user_id`, `message`, `is_read`, `create_at`) VALUES ('43', '65', '10', 'Beatae rem qui facilis maxime tempora nulla.', 0, '2019-12-18 07:29:56');
INSERT INTO `messages` (`id`, `from_user_id`, `to_user_id`, `message`, `is_read`, `create_at`) VALUES ('44', '77', '39', 'Perspiciatis eum molestiae asperiores soluta velit tenetur.', 0, '1973-05-31 15:23:47');
INSERT INTO `messages` (`id`, `from_user_id`, `to_user_id`, `message`, `is_read`, `create_at`) VALUES ('45', '13', '31', 'Sunt sunt velit ab non culpa nihil ad.', 1, '1971-06-30 14:29:23');
INSERT INTO `messages` (`id`, `from_user_id`, `to_user_id`, `message`, `is_read`, `create_at`) VALUES ('46', '72', '49', 'Qui id officia rerum quo tempore optio qui.', 1, '1978-02-07 09:16:16');
INSERT INTO `messages` (`id`, `from_user_id`, `to_user_id`, `message`, `is_read`, `create_at`) VALUES ('47', '94', '82', 'Laudantium dolorem et et est placeat accusantium.', 1, '1988-12-06 23:37:33');
INSERT INTO `messages` (`id`, `from_user_id`, `to_user_id`, `message`, `is_read`, `create_at`) VALUES ('48', '57', '63', 'Consequatur aliquid impedit hic officiis officiis veritatis consequatur.', 0, '1975-02-09 08:16:36');
INSERT INTO `messages` (`id`, `from_user_id`, `to_user_id`, `message`, `is_read`, `create_at`) VALUES ('49', '52', '66', 'Nulla corrupti eligendi quaerat esse.', 0, '1972-10-15 16:01:46');
INSERT INTO `messages` (`id`, `from_user_id`, `to_user_id`, `message`, `is_read`, `create_at`) VALUES ('50', '7', '94', 'Consequatur molestiae pariatur expedita eum pariatur.', 1, '1987-03-01 06:21:03');
INSERT INTO `messages` (`id`, `from_user_id`, `to_user_id`, `message`, `is_read`, `create_at`) VALUES ('51', '22', '54', 'Aliquam neque vitae eum totam non cum iusto.', 0, '1978-11-27 17:11:16');
INSERT INTO `messages` (`id`, `from_user_id`, `to_user_id`, `message`, `is_read`, `create_at`) VALUES ('52', '88', '85', 'Molestiae eveniet numquam facere doloremque.', 0, '2013-05-07 13:27:33');
INSERT INTO `messages` (`id`, `from_user_id`, `to_user_id`, `message`, `is_read`, `create_at`) VALUES ('53', '56', '44', 'Deserunt numquam voluptas et laboriosam ex voluptas.', 1, '1980-02-17 00:18:10');
INSERT INTO `messages` (`id`, `from_user_id`, `to_user_id`, `message`, `is_read`, `create_at`) VALUES ('54', '76', '73', 'In quia eligendi enim non.', 0, '2006-05-09 18:21:17');
INSERT INTO `messages` (`id`, `from_user_id`, `to_user_id`, `message`, `is_read`, `create_at`) VALUES ('55', '24', '97', 'Animi recusandae non architecto praesentium eius.', 1, '1993-02-14 18:36:47');
INSERT INTO `messages` (`id`, `from_user_id`, `to_user_id`, `message`, `is_read`, `create_at`) VALUES ('56', '20', '12', 'Voluptatem tempore et veniam autem blanditiis non.', 1, '1986-01-08 16:18:45');
INSERT INTO `messages` (`id`, `from_user_id`, `to_user_id`, `message`, `is_read`, `create_at`) VALUES ('57', '99', '31', 'Atque id praesentium sint molestias qui odio velit.', 0, '2017-04-27 16:05:58');
INSERT INTO `messages` (`id`, `from_user_id`, `to_user_id`, `message`, `is_read`, `create_at`) VALUES ('58', '92', '64', 'Repellendus suscipit atque sunt.', 0, '2013-12-29 02:38:23');
INSERT INTO `messages` (`id`, `from_user_id`, `to_user_id`, `message`, `is_read`, `create_at`) VALUES ('59', '41', '68', 'Omnis illum quia maxime error distinctio quis ut.', 1, '2018-04-18 08:45:25');
INSERT INTO `messages` (`id`, `from_user_id`, `to_user_id`, `message`, `is_read`, `create_at`) VALUES ('60', '3', '53', 'Quae illum velit quibusdam ut voluptatibus qui.', 0, '1978-12-12 20:54:13');
INSERT INTO `messages` (`id`, `from_user_id`, `to_user_id`, `message`, `is_read`, `create_at`) VALUES ('61', '99', '75', 'Et quidem temporibus iusto excepturi sint voluptatem veniam.', 0, '2005-10-15 00:33:27');
INSERT INTO `messages` (`id`, `from_user_id`, `to_user_id`, `message`, `is_read`, `create_at`) VALUES ('62', '1', '92', 'Doloremque et similique temporibus provident et id commodi.', 1, '2001-10-25 17:56:53');
INSERT INTO `messages` (`id`, `from_user_id`, `to_user_id`, `message`, `is_read`, `create_at`) VALUES ('63', '57', '58', 'Est quia similique nesciunt.', 0, '1992-02-26 01:22:33');
INSERT INTO `messages` (`id`, `from_user_id`, `to_user_id`, `message`, `is_read`, `create_at`) VALUES ('64', '55', '9', 'Nam voluptatem tenetur qui minus voluptate et et.', 1, '1978-08-12 07:54:34');
INSERT INTO `messages` (`id`, `from_user_id`, `to_user_id`, `message`, `is_read`, `create_at`) VALUES ('65', '23', '62', 'Quibusdam ab eius repellat vero voluptatem est.', 0, '2000-11-14 21:20:11');
INSERT INTO `messages` (`id`, `from_user_id`, `to_user_id`, `message`, `is_read`, `create_at`) VALUES ('66', '2', '45', 'Mollitia aut ut est expedita magni velit.', 0, '2001-11-20 22:40:33');
INSERT INTO `messages` (`id`, `from_user_id`, `to_user_id`, `message`, `is_read`, `create_at`) VALUES ('67', '15', '90', 'Voluptatibus enim aperiam magnam temporibus.', 1, '1991-12-25 23:43:58');
INSERT INTO `messages` (`id`, `from_user_id`, `to_user_id`, `message`, `is_read`, `create_at`) VALUES ('68', '29', '70', 'Sunt magni qui qui consequuntur et voluptatibus.', 1, '2006-08-06 16:59:04');
INSERT INTO `messages` (`id`, `from_user_id`, `to_user_id`, `message`, `is_read`, `create_at`) VALUES ('69', '33', '4', 'Fuga optio qui accusamus ut omnis.', 0, '2000-03-11 03:27:12');
INSERT INTO `messages` (`id`, `from_user_id`, `to_user_id`, `message`, `is_read`, `create_at`) VALUES ('70', '42', '57', 'Sint quos est porro quidem omnis.', 1, '1970-03-31 09:08:31');
INSERT INTO `messages` (`id`, `from_user_id`, `to_user_id`, `message`, `is_read`, `create_at`) VALUES ('71', '1', '61', 'Facere sed et ullam consequatur.', 0, '1984-09-27 08:54:47');
INSERT INTO `messages` (`id`, `from_user_id`, `to_user_id`, `message`, `is_read`, `create_at`) VALUES ('72', '68', '100', 'Quam dolor maiores suscipit porro laudantium facere.', 0, '1978-01-02 20:42:15');
INSERT INTO `messages` (`id`, `from_user_id`, `to_user_id`, `message`, `is_read`, `create_at`) VALUES ('73', '92', '59', 'Expedita eos et inventore.', 0, '1979-08-29 01:13:40');
INSERT INTO `messages` (`id`, `from_user_id`, `to_user_id`, `message`, `is_read`, `create_at`) VALUES ('74', '63', '32', 'Omnis aut veritatis eos quia maiores.', 0, '2010-05-06 22:21:39');
INSERT INTO `messages` (`id`, `from_user_id`, `to_user_id`, `message`, `is_read`, `create_at`) VALUES ('75', '27', '66', 'Sit aut quo culpa quo quibusdam.', 0, '1978-10-14 16:24:20');
INSERT INTO `messages` (`id`, `from_user_id`, `to_user_id`, `message`, `is_read`, `create_at`) VALUES ('76', '84', '25', 'Cumque ex voluptatum ea corrupti dolor reprehenderit aperiam.', 0, '2008-12-17 10:57:16');
INSERT INTO `messages` (`id`, `from_user_id`, `to_user_id`, `message`, `is_read`, `create_at`) VALUES ('77', '40', '85', 'Ea enim dolorem quia aliquid.', 1, '1970-06-03 09:40:16');
INSERT INTO `messages` (`id`, `from_user_id`, `to_user_id`, `message`, `is_read`, `create_at`) VALUES ('78', '17', '96', 'Autem aperiam facere odit reprehenderit temporibus maiores.', 0, '1995-09-06 23:31:16');
INSERT INTO `messages` (`id`, `from_user_id`, `to_user_id`, `message`, `is_read`, `create_at`) VALUES ('79', '42', '72', 'Et cumque voluptas deleniti totam et unde dolorum eligendi.', 0, '1998-08-28 01:39:24');
INSERT INTO `messages` (`id`, `from_user_id`, `to_user_id`, `message`, `is_read`, `create_at`) VALUES ('80', '4', '65', 'Corporis quibusdam autem repellendus id et.', 0, '1974-05-07 05:06:57');
INSERT INTO `messages` (`id`, `from_user_id`, `to_user_id`, `message`, `is_read`, `create_at`) VALUES ('81', '33', '6', 'Fugiat quasi quae officia et fugit in.', 1, '1982-02-22 22:29:16');
INSERT INTO `messages` (`id`, `from_user_id`, `to_user_id`, `message`, `is_read`, `create_at`) VALUES ('82', '9', '48', 'Eos eligendi magnam laborum et est sed molestias.', 1, '1990-04-19 20:40:44');
INSERT INTO `messages` (`id`, `from_user_id`, `to_user_id`, `message`, `is_read`, `create_at`) VALUES ('83', '95', '38', 'Magni possimus praesentium ratione eaque et.', 0, '1999-11-14 14:07:32');
INSERT INTO `messages` (`id`, `from_user_id`, `to_user_id`, `message`, `is_read`, `create_at`) VALUES ('84', '18', '28', 'Omnis iusto a quos maxime odit non aliquid.', 0, '2019-01-30 07:17:13');
INSERT INTO `messages` (`id`, `from_user_id`, `to_user_id`, `message`, `is_read`, `create_at`) VALUES ('85', '42', '60', 'Non et distinctio itaque sint.', 0, '1973-03-20 00:53:34');
INSERT INTO `messages` (`id`, `from_user_id`, `to_user_id`, `message`, `is_read`, `create_at`) VALUES ('86', '84', '42', 'Voluptatem atque voluptatum explicabo ut consequatur.', 1, '1991-08-10 02:24:08');
INSERT INTO `messages` (`id`, `from_user_id`, `to_user_id`, `message`, `is_read`, `create_at`) VALUES ('87', '20', '51', 'Quibusdam eum nisi magnam autem a numquam.', 0, '1973-11-04 10:53:13');
INSERT INTO `messages` (`id`, `from_user_id`, `to_user_id`, `message`, `is_read`, `create_at`) VALUES ('88', '41', '12', 'Nihil sed vero optio sed et magnam.', 1, '2019-12-10 22:18:40');
INSERT INTO `messages` (`id`, `from_user_id`, `to_user_id`, `message`, `is_read`, `create_at`) VALUES ('89', '10', '4', 'Vero sint ea sunt.', 0, '1978-05-13 02:39:42');
INSERT INTO `messages` (`id`, `from_user_id`, `to_user_id`, `message`, `is_read`, `create_at`) VALUES ('90', '43', '36', 'Tempora omnis voluptates velit tempore ex.', 0, '1998-06-08 03:00:50');
INSERT INTO `messages` (`id`, `from_user_id`, `to_user_id`, `message`, `is_read`, `create_at`) VALUES ('91', '69', '27', 'Sunt velit voluptas earum consequatur non nihil dolorum.', 1, '2011-12-26 15:22:55');
INSERT INTO `messages` (`id`, `from_user_id`, `to_user_id`, `message`, `is_read`, `create_at`) VALUES ('92', '61', '8', 'Quae ut ut molestiae fuga dolorum et perspiciatis.', 0, '1997-11-07 22:17:50');
INSERT INTO `messages` (`id`, `from_user_id`, `to_user_id`, `message`, `is_read`, `create_at`) VALUES ('93', '11', '77', 'Incidunt nesciunt dolorem et expedita ullam.', 1, '1979-03-05 01:01:05');
INSERT INTO `messages` (`id`, `from_user_id`, `to_user_id`, `message`, `is_read`, `create_at`) VALUES ('94', '4', '53', 'Impedit sequi aut ab quia consequuntur animi error.', 1, '1982-05-09 13:48:19');
INSERT INTO `messages` (`id`, `from_user_id`, `to_user_id`, `message`, `is_read`, `create_at`) VALUES ('95', '49', '7', 'Voluptatem odio accusamus doloremque facilis.', 0, '2013-05-24 23:59:30');
INSERT INTO `messages` (`id`, `from_user_id`, `to_user_id`, `message`, `is_read`, `create_at`) VALUES ('96', '17', '82', 'Illum ut accusantium nostrum omnis et cupiditate voluptatem.', 0, '1978-02-03 15:05:15');
INSERT INTO `messages` (`id`, `from_user_id`, `to_user_id`, `message`, `is_read`, `create_at`) VALUES ('97', '13', '26', 'Consectetur aut ipsum natus sunt quam dolorum.', 1, '1978-02-02 21:47:25');
INSERT INTO `messages` (`id`, `from_user_id`, `to_user_id`, `message`, `is_read`, `create_at`) VALUES ('98', '29', '8', 'Reprehenderit ea voluptas soluta velit id ab.', 1, '1984-03-23 08:17:15');
INSERT INTO `messages` (`id`, `from_user_id`, `to_user_id`, `message`, `is_read`, `create_at`) VALUES ('99', '63', '47', 'Numquam ipsa eius molestias.', 1, '2004-11-02 20:21:21');
INSERT INTO `messages` (`id`, `from_user_id`, `to_user_id`, `message`, `is_read`, `create_at`) VALUES ('100', '35', '4', 'Eum voluptas vero voluptatem enim esse libero.', 1, '2005-02-25 22:57:34');


#
# TABLE STRUCTURE FOR: photos
#

DROP TABLE IF EXISTS `photos`;

CREATE TABLE `photos` (
  `id` bigint(20) unsigned NOT NULL AUTO_INCREMENT,
  `filename` varchar(200) COLLATE utf8_unicode_ci DEFAULT NULL,
  `user_id` bigint(20) unsigned NOT NULL,
  `description` text COLLATE utf8_unicode_ci DEFAULT NULL,
  `created_at` datetime DEFAULT current_timestamp(),
  PRIMARY KEY (`id`),
  KEY `user_id` (`user_id`),
  CONSTRAINT `photos_ibfk_1` FOREIGN KEY (`user_id`) REFERENCES `users` (`id`)
) ENGINE=InnoDB AUTO_INCREMENT=81 DEFAULT CHARSET=utf8 COLLATE=utf8_unicode_ci;

INSERT INTO `photos` (`id`, `filename`, `user_id`, `description`, `created_at`) VALUES ('1', 'http://lorempixel.com/600/400/', '87', 'Debitis exercitationem excepturi fuga voluptatibus dolore. Eius necessitatibus velit veritatis et saepe placeat placeat. Sunt molestiae harum est nihil itaque quaerat qui. Blanditiis nobis dignissimos fugiat. In quis dolor nulla est.', '2010-03-23 00:52:37');
INSERT INTO `photos` (`id`, `filename`, `user_id`, `description`, `created_at`) VALUES ('2', 'http://lorempixel.com/600/400/', '85', 'Voluptas expedita commodi dolorum sed. Ducimus ipsam ducimus fuga qui voluptatem esse sit pariatur.', '2006-04-22 00:42:09');
INSERT INTO `photos` (`id`, `filename`, `user_id`, `description`, `created_at`) VALUES ('3', 'http://lorempixel.com/600/400/', '25', 'Voluptas repellat occaecati accusamus. Dolor dolor corporis porro natus et. Cum quo sequi et reprehenderit inventore assumenda sint voluptatibus. Impedit vero repellendus et sed ut.', '1989-11-20 13:55:01');
INSERT INTO `photos` (`id`, `filename`, `user_id`, `description`, `created_at`) VALUES ('4', 'http://lorempixel.com/600/400/', '5', 'Ducimus corrupti voluptatem rerum animi excepturi id sit. Magnam et corporis in et expedita enim voluptas.', '2006-01-23 04:39:17');
INSERT INTO `photos` (`id`, `filename`, `user_id`, `description`, `created_at`) VALUES ('5', 'http://lorempixel.com/600/400/', '3', 'Explicabo cupiditate ut reprehenderit sapiente sit. Vel qui aut soluta esse quisquam. Eos nihil sint qui rem. A ea distinctio illo expedita eligendi qui.', '1981-04-16 01:28:47');
INSERT INTO `photos` (`id`, `filename`, `user_id`, `description`, `created_at`) VALUES ('6', 'http://lorempixel.com/600/400/', '90', 'Placeat vero eum blanditiis ea ea. Iusto animi nisi laboriosam fugit et cupiditate et. Assumenda sit quis nemo sint. Id tenetur quia autem recusandae.', '1997-02-28 12:34:54');
INSERT INTO `photos` (`id`, `filename`, `user_id`, `description`, `created_at`) VALUES ('7', 'http://lorempixel.com/600/400/', '40', 'Est ea ab officia sunt consectetur sunt. Dolorem molestiae maxime sequi. Expedita deserunt mollitia sed ut autem rerum porro adipisci.', '1983-09-29 07:23:46');
INSERT INTO `photos` (`id`, `filename`, `user_id`, `description`, `created_at`) VALUES ('8', 'http://lorempixel.com/600/400/', '69', 'Ratione omnis qui possimus dolorem. Asperiores dolor harum est dolores. Excepturi nostrum non voluptas cumque qui quia.', '1981-11-09 22:14:11');
INSERT INTO `photos` (`id`, `filename`, `user_id`, `description`, `created_at`) VALUES ('9', 'http://lorempixel.com/600/400/', '96', 'Sit minima qui quia optio eligendi et dignissimos. Illo sequi dolorem ullam eum eligendi. Ut omnis quaerat quas et veritatis. Nihil excepturi porro consequatur et voluptatum voluptatem veniam.', '1999-06-04 20:06:19');
INSERT INTO `photos` (`id`, `filename`, `user_id`, `description`, `created_at`) VALUES ('10', 'http://lorempixel.com/600/400/', '90', 'Saepe voluptatem nostrum fugiat cupiditate fuga debitis. Nobis magni hic enim exercitationem et debitis. Illum veniam enim eos expedita omnis soluta. Est omnis dolor assumenda asperiores voluptatem reprehenderit consectetur.', '2012-11-30 15:18:04');
INSERT INTO `photos` (`id`, `filename`, `user_id`, `description`, `created_at`) VALUES ('11', 'http://lorempixel.com/600/400/', '11', 'Eligendi nihil et et illo inventore corrupti. Cupiditate sint sunt veritatis adipisci recusandae tempore sequi vel. Dolore asperiores quibusdam quos est voluptas nobis. Et similique ut iste voluptas nisi.', '1987-10-27 02:52:17');
INSERT INTO `photos` (`id`, `filename`, `user_id`, `description`, `created_at`) VALUES ('12', 'http://lorempixel.com/600/400/', '40', 'Consequatur laboriosam fugit repellat cupiditate. Cupiditate quia aut autem laboriosam. Dolores voluptate nihil provident aut repellendus et cupiditate dicta.', '1973-10-13 12:31:55');
INSERT INTO `photos` (`id`, `filename`, `user_id`, `description`, `created_at`) VALUES ('13', 'http://lorempixel.com/600/400/', '25', 'Sint esse dolore quasi. Et consequatur similique quia. Nisi autem in velit et.', '1982-02-18 06:13:21');
INSERT INTO `photos` (`id`, `filename`, `user_id`, `description`, `created_at`) VALUES ('14', 'http://lorempixel.com/600/400/', '24', 'Tempora neque sunt asperiores harum aut. Autem magni totam sunt. Deleniti eos et est cum ipsam vitae at. Voluptatem saepe et quas doloremque officia rerum laboriosam.', '1984-02-02 02:40:52');
INSERT INTO `photos` (`id`, `filename`, `user_id`, `description`, `created_at`) VALUES ('15', 'http://lorempixel.com/600/400/', '47', 'Ex unde sunt qui labore occaecati laborum. Unde voluptas est molestiae eum qui omnis. Est sed minus et sit repellendus fugit rerum. Vel quaerat et quae velit eos unde veritatis.', '2017-07-14 20:40:27');
INSERT INTO `photos` (`id`, `filename`, `user_id`, `description`, `created_at`) VALUES ('16', 'http://lorempixel.com/600/400/', '59', 'Et sit necessitatibus ducimus non libero soluta dicta sit. Quibusdam qui eveniet aut incidunt. Repellendus ducimus odio eaque hic placeat.', '2007-08-20 08:26:54');
INSERT INTO `photos` (`id`, `filename`, `user_id`, `description`, `created_at`) VALUES ('17', 'http://lorempixel.com/600/400/', '67', 'Velit deleniti maiores ex aut repudiandae alias dolor. Repudiandae aut inventore velit repellat quasi deserunt illo. Earum expedita laborum autem a aut delectus.', '1988-03-19 11:17:58');
INSERT INTO `photos` (`id`, `filename`, `user_id`, `description`, `created_at`) VALUES ('18', 'http://lorempixel.com/600/400/', '96', 'Inventore quo consequatur non nostrum. Sed blanditiis et et. Qui id itaque quod sunt quasi ut. Nemo eius odio aspernatur atque autem. Cum quia excepturi rerum quo dignissimos accusantium.', '2008-01-23 05:49:50');
INSERT INTO `photos` (`id`, `filename`, `user_id`, `description`, `created_at`) VALUES ('19', 'http://lorempixel.com/600/400/', '41', 'Numquam voluptates consectetur aliquam laboriosam ipsum. Illum quos suscipit vero consectetur consequatur error. Occaecati maiores id voluptates exercitationem. Porro reprehenderit ratione et quae.', '1994-06-28 02:39:59');
INSERT INTO `photos` (`id`, `filename`, `user_id`, `description`, `created_at`) VALUES ('20', 'http://lorempixel.com/600/400/', '59', 'Natus dolorem nostrum molestiae optio. Quam consequatur totam facere ducimus in.', '1973-11-20 07:01:09');
INSERT INTO `photos` (`id`, `filename`, `user_id`, `description`, `created_at`) VALUES ('21', 'http://lorempixel.com/600/400/', '49', 'Perferendis error aut est est molestiae quis qui itaque. Omnis praesentium velit et sed suscipit sed. Quis ut adipisci quia.', '1978-07-08 16:42:16');
INSERT INTO `photos` (`id`, `filename`, `user_id`, `description`, `created_at`) VALUES ('22', 'http://lorempixel.com/600/400/', '63', 'Necessitatibus ea ab reiciendis dolores aut sit. Esse ea fugiat necessitatibus vel ipsa laudantium earum. Laborum debitis quo quisquam et est in cumque. Vero dolorem quod consectetur quos.', '1994-12-18 17:01:33');
INSERT INTO `photos` (`id`, `filename`, `user_id`, `description`, `created_at`) VALUES ('23', 'http://lorempixel.com/600/400/', '14', 'Qui quibusdam et sunt possimus ullam consequatur. Consequatur inventore et et fuga est. Adipisci laudantium itaque non.', '1980-09-10 03:42:40');
INSERT INTO `photos` (`id`, `filename`, `user_id`, `description`, `created_at`) VALUES ('24', 'http://lorempixel.com/600/400/', '31', 'Qui praesentium sed cumque voluptas est iste. Voluptas numquam suscipit ut illum nesciunt laborum.', '1986-01-16 08:18:26');
INSERT INTO `photos` (`id`, `filename`, `user_id`, `description`, `created_at`) VALUES ('25', 'http://lorempixel.com/600/400/', '37', 'Ducimus ipsam qui distinctio eum et doloribus. Fugit placeat blanditiis exercitationem sed voluptatem. Exercitationem commodi nisi minus in dolores ipsa minima.', '1983-09-02 06:10:02');
INSERT INTO `photos` (`id`, `filename`, `user_id`, `description`, `created_at`) VALUES ('26', 'http://lorempixel.com/600/400/', '27', 'Beatae reiciendis at harum libero incidunt vero. Quisquam cupiditate recusandae qui quo nihil eum. Quis sunt et suscipit sed voluptas ut voluptatibus.', '1994-01-13 14:21:27');
INSERT INTO `photos` (`id`, `filename`, `user_id`, `description`, `created_at`) VALUES ('27', 'http://lorempixel.com/600/400/', '92', 'Aliquam architecto eos et molestiae vero provident. Quae voluptatum porro quo ab quod consequuntur est maxime. Optio ab mollitia dolor accusamus incidunt. Doloribus omnis est et porro.', '2007-02-16 10:02:49');
INSERT INTO `photos` (`id`, `filename`, `user_id`, `description`, `created_at`) VALUES ('28', 'http://lorempixel.com/600/400/', '80', 'Recusandae beatae quis dicta quisquam. In commodi deleniti nam. Saepe velit vitae aut sit nulla consequuntur modi neque. Beatae impedit hic adipisci et excepturi adipisci magnam.', '2020-06-03 20:46:12');
INSERT INTO `photos` (`id`, `filename`, `user_id`, `description`, `created_at`) VALUES ('29', 'http://lorempixel.com/600/400/', '24', 'Delectus fugiat eligendi fugiat facilis voluptatibus. Porro modi corrupti inventore magnam qui. Porro nemo qui rerum modi enim.', '1980-06-12 00:06:10');
INSERT INTO `photos` (`id`, `filename`, `user_id`, `description`, `created_at`) VALUES ('30', 'http://lorempixel.com/600/400/', '48', 'Sunt eos aut ut alias. Vitae laudantium enim vero vel architecto. Ea officiis voluptas illo blanditiis non totam ipsa. Porro illo voluptas quia tenetur voluptas est.', '1975-09-08 13:34:59');
INSERT INTO `photos` (`id`, `filename`, `user_id`, `description`, `created_at`) VALUES ('31', 'http://lorempixel.com/600/400/', '34', 'Et saepe sed sit. Quia omnis quis iusto pariatur quidem delectus. Vel amet ipsa est voluptas accusantium est. Illo accusamus unde facere. Recusandae dolor veniam deserunt dolorum quam ut dolores asperiores.', '1979-12-25 23:59:34');
INSERT INTO `photos` (`id`, `filename`, `user_id`, `description`, `created_at`) VALUES ('32', 'http://lorempixel.com/600/400/', '10', 'Sit labore sed voluptatibus. Dolor et dolores rerum voluptas. Doloribus omnis cum velit dolores perspiciatis laboriosam.', '2007-01-03 08:54:06');
INSERT INTO `photos` (`id`, `filename`, `user_id`, `description`, `created_at`) VALUES ('33', 'http://lorempixel.com/600/400/', '33', 'Voluptatem minima asperiores omnis voluptatem quasi saepe vel. Maiores doloremque quisquam quis necessitatibus quis distinctio. Minus corrupti odit rerum libero atque ad quisquam. Omnis sit voluptate recusandae.', '1988-04-29 14:33:12');
INSERT INTO `photos` (`id`, `filename`, `user_id`, `description`, `created_at`) VALUES ('34', 'http://lorempixel.com/600/400/', '58', 'Est veniam iusto omnis ea facilis labore adipisci aut. Voluptate et sunt error est saepe autem. Autem totam in deleniti quam fugit quia delectus. Dolores repellat itaque autem repellat possimus exercitationem recusandae.', '1993-10-10 19:57:31');
INSERT INTO `photos` (`id`, `filename`, `user_id`, `description`, `created_at`) VALUES ('35', 'http://lorempixel.com/600/400/', '15', 'Eum sapiente laborum reiciendis fugit dolorem eum voluptas. Pariatur eius sint eos suscipit modi consequuntur. Et quia ut necessitatibus consequatur est veniam maiores.', '1971-07-13 16:24:56');
INSERT INTO `photos` (`id`, `filename`, `user_id`, `description`, `created_at`) VALUES ('36', 'http://lorempixel.com/600/400/', '35', 'Corrupti dignissimos aut deleniti incidunt quos. Repellat voluptas illum nam dolor quam iure. Autem amet cupiditate neque laudantium.', '1996-11-08 11:12:03');
INSERT INTO `photos` (`id`, `filename`, `user_id`, `description`, `created_at`) VALUES ('37', 'http://lorempixel.com/600/400/', '48', 'Aut omnis mollitia aut ipsum unde dignissimos dolorem. Reiciendis quasi aliquid voluptas voluptas sed rerum. Ut ratione consectetur eum dolores ut.', '1974-05-26 05:24:41');
INSERT INTO `photos` (`id`, `filename`, `user_id`, `description`, `created_at`) VALUES ('38', 'http://lorempixel.com/600/400/', '55', 'Est non dolorem enim repellat assumenda sunt. Inventore aut quia eos impedit blanditiis. Optio aperiam incidunt soluta itaque quia et maxime.', '2012-07-07 04:34:34');
INSERT INTO `photos` (`id`, `filename`, `user_id`, `description`, `created_at`) VALUES ('39', 'http://lorempixel.com/600/400/', '4', 'Voluptas sit fugiat dicta et aliquid molestiae. Quod debitis consequatur est perspiciatis labore corrupti.', '2006-11-07 18:05:14');
INSERT INTO `photos` (`id`, `filename`, `user_id`, `description`, `created_at`) VALUES ('40', 'http://lorempixel.com/600/400/', '44', 'Qui et quae suscipit qui maiores unde nesciunt veritatis. Culpa et et maiores tempora illum. Quae sequi itaque repellendus. Sapiente error laborum assumenda ut ullam et et.', '2011-09-24 21:19:52');
INSERT INTO `photos` (`id`, `filename`, `user_id`, `description`, `created_at`) VALUES ('41', 'http://lorempixel.com/600/400/', '44', 'Esse quia corrupti impedit. Nesciunt nostrum odio natus architecto sint qui placeat. Voluptates ea molestiae ea est voluptate. Esse sunt aliquam quidem.', '2014-10-17 02:35:55');
INSERT INTO `photos` (`id`, `filename`, `user_id`, `description`, `created_at`) VALUES ('42', 'http://lorempixel.com/600/400/', '15', 'Voluptatum iusto maiores labore hic et. Consectetur inventore quaerat officia minus. Totam ut officia neque a.', '1997-09-27 17:40:56');
INSERT INTO `photos` (`id`, `filename`, `user_id`, `description`, `created_at`) VALUES ('43', 'http://lorempixel.com/600/400/', '84', 'Ut illo aut facilis. Ut expedita qui dolorem fugiat.', '1974-01-16 16:54:12');
INSERT INTO `photos` (`id`, `filename`, `user_id`, `description`, `created_at`) VALUES ('44', 'http://lorempixel.com/600/400/', '68', 'Dolores molestiae nulla rerum corporis maxime rerum. Fugiat qui corporis excepturi porro qui earum incidunt. Aspernatur est veritatis cupiditate iusto et architecto. Est numquam qui qui eos sint. Asperiores itaque ex quibusdam deserunt magnam officia non.', '2016-08-10 15:59:10');
INSERT INTO `photos` (`id`, `filename`, `user_id`, `description`, `created_at`) VALUES ('45', 'http://lorempixel.com/600/400/', '38', 'Incidunt doloribus aliquam tempora voluptatum omnis voluptatum qui quo. Accusantium iste sunt animi voluptas. Est rerum expedita rerum corporis facilis debitis. Eligendi laborum velit natus maiores eius.', '1993-02-25 13:22:58');
INSERT INTO `photos` (`id`, `filename`, `user_id`, `description`, `created_at`) VALUES ('46', 'http://lorempixel.com/600/400/', '30', 'Iure autem itaque consequuntur temporibus laborum iure dignissimos. Molestiae praesentium magni voluptas omnis ut tempore. Nisi sed hic est occaecati vel quibusdam.', '2011-06-16 01:45:52');
INSERT INTO `photos` (`id`, `filename`, `user_id`, `description`, `created_at`) VALUES ('47', 'http://lorempixel.com/600/400/', '26', 'Inventore at voluptas qui ut ut. Qui nobis ut dolorum eos optio quae porro. Eveniet praesentium non explicabo ab. Voluptas sed quo rem cupiditate molestiae asperiores. Eaque autem inventore fuga incidunt accusantium.', '1972-01-09 22:47:02');
INSERT INTO `photos` (`id`, `filename`, `user_id`, `description`, `created_at`) VALUES ('48', 'http://lorempixel.com/600/400/', '5', 'Amet quibusdam ratione soluta consequatur quaerat distinctio. Fuga deleniti similique aperiam est magnam. Voluptatibus et quia eveniet nostrum. Labore nisi doloremque laborum molestiae.', '1977-11-06 16:42:00');
INSERT INTO `photos` (`id`, `filename`, `user_id`, `description`, `created_at`) VALUES ('49', 'http://lorempixel.com/600/400/', '26', 'Mollitia nulla cumque atque ducimus. Consequatur dignissimos sunt laboriosam. A et sunt dignissimos veniam omnis consequatur. Illum aut commodi sequi aut ab.', '1977-03-11 09:09:39');
INSERT INTO `photos` (`id`, `filename`, `user_id`, `description`, `created_at`) VALUES ('50', 'http://lorempixel.com/600/400/', '67', 'Ut eveniet illo laborum qui consectetur adipisci voluptates. Reiciendis et quidem fuga. Ut iusto vel dolor at non officia. Unde est unde eos voluptates.', '2010-04-26 22:10:34');
INSERT INTO `photos` (`id`, `filename`, `user_id`, `description`, `created_at`) VALUES ('51', 'http://lorempixel.com/600/400/', '64', 'Praesentium ut est laboriosam aut consequuntur quam. Pariatur soluta et minus eligendi sint doloribus. Et qui alias similique quisquam. Enim velit perspiciatis doloremque. Ab alias minus accusamus omnis tempore velit repudiandae.', '1992-06-25 14:45:45');
INSERT INTO `photos` (`id`, `filename`, `user_id`, `description`, `created_at`) VALUES ('52', 'http://lorempixel.com/600/400/', '74', 'Facere incidunt dolor unde soluta ad. Laborum ratione unde aut adipisci officiis qui. Perferendis iure ut cupiditate et.', '2000-05-26 11:04:17');
INSERT INTO `photos` (`id`, `filename`, `user_id`, `description`, `created_at`) VALUES ('53', 'http://lorempixel.com/600/400/', '30', 'At id rem nesciunt minus culpa et. Sed labore quia voluptatem hic quo in distinctio. Repellendus est omnis aperiam totam expedita rerum.', '2000-12-08 12:24:09');
INSERT INTO `photos` (`id`, `filename`, `user_id`, `description`, `created_at`) VALUES ('54', 'http://lorempixel.com/600/400/', '78', 'Qui culpa ex vero ipsam. Sit cumque soluta at ut quia nam. Reiciendis inventore voluptas sit praesentium hic aut laboriosam est. Dicta beatae molestiae asperiores alias eos hic ullam.', '2003-07-12 02:15:35');
INSERT INTO `photos` (`id`, `filename`, `user_id`, `description`, `created_at`) VALUES ('55', 'http://lorempixel.com/600/400/', '5', 'Non nihil ut itaque non aut. Ratione ad voluptatum eum recusandae. Blanditiis cumque temporibus aut sit harum et provident.', '2001-08-17 09:52:47');
INSERT INTO `photos` (`id`, `filename`, `user_id`, `description`, `created_at`) VALUES ('56', 'http://lorempixel.com/600/400/', '66', 'Illo nesciunt facere eos ut dolores labore. Laborum ut deserunt eos qui beatae placeat et. Quos quia aliquam culpa cumque. Porro expedita in ut nobis rerum eveniet.', '1975-11-15 09:01:37');
INSERT INTO `photos` (`id`, `filename`, `user_id`, `description`, `created_at`) VALUES ('57', 'http://lorempixel.com/600/400/', '5', 'Quis laboriosam veritatis eius laboriosam minima veritatis. Rerum facere ipsum illum eius dolorem aut. Rerum et et et omnis autem ipsa.', '1978-09-30 07:10:46');
INSERT INTO `photos` (`id`, `filename`, `user_id`, `description`, `created_at`) VALUES ('58', 'http://lorempixel.com/600/400/', '96', 'Repellat sit et quasi labore tempore deserunt sit nam. Culpa similique minus et et non mollitia ab. Quos dolorem et minima rem. Et aut harum quisquam aut rerum et. Doloribus qui reiciendis dolore sed reiciendis.', '2019-07-11 17:00:59');
INSERT INTO `photos` (`id`, `filename`, `user_id`, `description`, `created_at`) VALUES ('59', 'http://lorempixel.com/600/400/', '46', 'Dolorem id ut ut sequi delectus. Sunt quae quia error aut. Velit illum quasi soluta unde porro optio delectus sapiente.', '2009-08-11 00:44:01');
INSERT INTO `photos` (`id`, `filename`, `user_id`, `description`, `created_at`) VALUES ('60', 'http://lorempixel.com/600/400/', '28', 'Reiciendis omnis voluptatum ut beatae aut id tempore. Occaecati voluptatum deleniti unde consequuntur ut est dignissimos. Ex in officia voluptatum qui placeat necessitatibus incidunt sunt.', '2001-02-06 13:29:30');
INSERT INTO `photos` (`id`, `filename`, `user_id`, `description`, `created_at`) VALUES ('61', 'http://lorempixel.com/600/400/', '44', 'Dolor debitis error consequatur itaque qui qui ab. Quasi voluptate non sint culpa aut vel. Qui et maiores sed expedita temporibus quisquam. Voluptatum fuga non sint dolorum vel.', '1991-05-28 20:17:06');
INSERT INTO `photos` (`id`, `filename`, `user_id`, `description`, `created_at`) VALUES ('62', 'http://lorempixel.com/600/400/', '80', 'Ut sint quisquam sed necessitatibus eligendi. Et sunt culpa qui est dignissimos aut et. Consectetur ut et sed dolores itaque.', '2010-10-31 15:06:54');
INSERT INTO `photos` (`id`, `filename`, `user_id`, `description`, `created_at`) VALUES ('63', 'http://lorempixel.com/600/400/', '38', 'Consequuntur excepturi eligendi nesciunt corrupti excepturi. Nobis illum incidunt cupiditate ad dolor. Et est eum ipsa ut numquam consequuntur in quo. Voluptatem voluptatem nam sint sapiente.', '1995-09-22 03:21:20');
INSERT INTO `photos` (`id`, `filename`, `user_id`, `description`, `created_at`) VALUES ('64', 'http://lorempixel.com/600/400/', '76', 'Ab vel vitae odit esse. Asperiores quos quis distinctio est minima ipsa molestiae architecto. Fugit molestiae id qui facilis ducimus aliquam. Corporis dicta facere et voluptatem omnis.', '2016-07-06 16:14:47');
INSERT INTO `photos` (`id`, `filename`, `user_id`, `description`, `created_at`) VALUES ('65', 'http://lorempixel.com/600/400/', '37', 'Nemo doloribus delectus quam voluptas vero. Ut ullam vel illo eum labore voluptas. Laboriosam officiis alias ut consequatur odio. Natus temporibus corrupti possimus sint deserunt.', '2018-07-18 09:41:23');
INSERT INTO `photos` (`id`, `filename`, `user_id`, `description`, `created_at`) VALUES ('66', 'http://lorempixel.com/600/400/', '52', 'Quia enim neque libero. Atque molestiae neque aliquid iusto non qui. Esse est fugit voluptatum debitis alias assumenda.', '1994-09-08 01:56:34');
INSERT INTO `photos` (`id`, `filename`, `user_id`, `description`, `created_at`) VALUES ('67', 'http://lorempixel.com/600/400/', '11', 'Rerum quod eaque repellendus cumque. Quae velit commodi commodi voluptatum est et.', '1992-08-18 09:25:51');
INSERT INTO `photos` (`id`, `filename`, `user_id`, `description`, `created_at`) VALUES ('68', 'http://lorempixel.com/600/400/', '85', 'Doloribus tenetur quam totam optio dolorem facere et libero. Maxime tempore ex repellat deserunt modi aut dolor. Distinctio a aut dignissimos maiores. Rerum consequatur quidem itaque velit iusto ut est.', '2012-04-29 08:17:30');
INSERT INTO `photos` (`id`, `filename`, `user_id`, `description`, `created_at`) VALUES ('69', 'http://lorempixel.com/600/400/', '7', 'Consectetur unde voluptatem exercitationem neque consequuntur quae quaerat. Fuga id facilis est quis aut sit. Error nihil nemo quod nihil pariatur. A cum voluptas culpa praesentium nostrum voluptas.', '1975-11-18 13:25:12');
INSERT INTO `photos` (`id`, `filename`, `user_id`, `description`, `created_at`) VALUES ('70', 'http://lorempixel.com/600/400/', '14', 'Et temporibus deserunt blanditiis ipsum. Maiores hic accusamus ut corporis sapiente quas sint id. Nam commodi sint autem a. Unde incidunt et molestias. In nulla exercitationem corporis.', '1990-05-03 08:56:29');
INSERT INTO `photos` (`id`, `filename`, `user_id`, `description`, `created_at`) VALUES ('71', 'http://lorempixel.com/600/400/', '29', 'Repudiandae qui blanditiis esse sed. Ad dolor voluptatem tenetur eos saepe. Autem possimus labore molestiae aut nisi impedit. Est quidem voluptatem maiores ullam.', '1975-07-18 00:16:28');
INSERT INTO `photos` (`id`, `filename`, `user_id`, `description`, `created_at`) VALUES ('72', 'http://lorempixel.com/600/400/', '50', 'Sapiente eveniet consequuntur aliquam esse. Recusandae consequuntur quis voluptates quia id ut animi. Possimus eligendi ipsa molestiae dolores. Quia aut explicabo consequuntur omnis quidem porro.', '2003-10-15 19:19:23');
INSERT INTO `photos` (`id`, `filename`, `user_id`, `description`, `created_at`) VALUES ('73', 'http://lorempixel.com/600/400/', '29', 'Temporibus nostrum placeat sit omnis est eum. Sed repellat debitis quia eveniet enim non perferendis. Ut eos magni aliquam.', '1992-01-24 13:35:37');
INSERT INTO `photos` (`id`, `filename`, `user_id`, `description`, `created_at`) VALUES ('74', 'http://lorempixel.com/600/400/', '12', 'Ipsum est et quod est commodi est modi. Dicta qui molestiae maiores nam. Eum dolor numquam beatae et consequatur repudiandae incidunt.', '1991-04-12 03:16:54');
INSERT INTO `photos` (`id`, `filename`, `user_id`, `description`, `created_at`) VALUES ('75', 'http://lorempixel.com/600/400/', '17', 'Earum natus qui ab sit itaque dolorum. Minima maiores id nemo sed provident aliquam voluptatum. Beatae dolores laudantium expedita debitis quasi rerum a modi. Et eos temporibus consequatur illo sequi.', '2005-01-06 22:37:28');
INSERT INTO `photos` (`id`, `filename`, `user_id`, `description`, `created_at`) VALUES ('76', 'http://lorempixel.com/600/400/', '66', 'Molestiae placeat non et modi nesciunt ex repellendus. Dolorum porro quam mollitia similique id harum. Laborum totam inventore aut eos quas. Voluptate nemo adipisci fugiat eos quo fugit.', '2019-01-18 06:35:56');
INSERT INTO `photos` (`id`, `filename`, `user_id`, `description`, `created_at`) VALUES ('77', 'http://lorempixel.com/600/400/', '42', 'Eaque dolorum totam nesciunt harum laborum. Eum est rerum qui tempora aut soluta. Sit sint et consectetur quia officia.', '1992-07-24 19:24:51');
INSERT INTO `photos` (`id`, `filename`, `user_id`, `description`, `created_at`) VALUES ('78', 'http://lorempixel.com/600/400/', '43', 'Odio id voluptatibus eveniet et non. Quaerat assumenda aut ut rerum eius mollitia explicabo. Iusto iste ut aut qui in eveniet.', '1970-10-30 21:56:33');
INSERT INTO `photos` (`id`, `filename`, `user_id`, `description`, `created_at`) VALUES ('79', 'http://lorempixel.com/600/400/', '71', 'Facilis animi cum soluta cumque et. Facere et perspiciatis itaque vero nobis ex. Nostrum temporibus quaerat sapiente cumque autem itaque incidunt.', '2010-08-30 12:54:59');
INSERT INTO `photos` (`id`, `filename`, `user_id`, `description`, `created_at`) VALUES ('80', 'http://lorempixel.com/600/400/', '67', 'Et id impedit ducimus dolores odit. Molestiae ipsam aut quo nihil. Nam velit voluptas in. Quo praesentium dolor corrupti nobis eos dolores vero quo.', '1992-03-22 10:50:52');


#
# TABLE STRUCTURE FOR: photoslikes
#

DROP TABLE IF EXISTS `photoslikes`;

CREATE TABLE `photoslikes` (
  `id` bigint(20) unsigned NOT NULL AUTO_INCREMENT,
  `user_id` bigint(20) unsigned NOT NULL,
  `photos_id` bigint(20) unsigned NOT NULL,
  `likedornot` char(1) COLLATE utf8_unicode_ci DEFAULT NULL,
  PRIMARY KEY (`id`),
  KEY `user_id` (`user_id`),
  KEY `photos_id` (`photos_id`),
  CONSTRAINT `photoslikes_ibfk_1` FOREIGN KEY (`user_id`) REFERENCES `users` (`id`),
  CONSTRAINT `photoslikes_ibfk_2` FOREIGN KEY (`photos_id`) REFERENCES `photos` (`id`)
) ENGINE=InnoDB AUTO_INCREMENT=101 DEFAULT CHARSET=utf8 COLLATE=utf8_unicode_ci;

INSERT INTO `photoslikes` (`id`, `user_id`, `photos_id`, `likedornot`) VALUES ('1', '88', '56', '');
INSERT INTO `photoslikes` (`id`, `user_id`, `photos_id`, `likedornot`) VALUES ('2', '98', '46', '1');
INSERT INTO `photoslikes` (`id`, `user_id`, `photos_id`, `likedornot`) VALUES ('3', '8', '7', '1');
INSERT INTO `photoslikes` (`id`, `user_id`, `photos_id`, `likedornot`) VALUES ('4', '7', '38', '1');
INSERT INTO `photoslikes` (`id`, `user_id`, `photos_id`, `likedornot`) VALUES ('5', '12', '41', '1');
INSERT INTO `photoslikes` (`id`, `user_id`, `photos_id`, `likedornot`) VALUES ('6', '12', '3', '');
INSERT INTO `photoslikes` (`id`, `user_id`, `photos_id`, `likedornot`) VALUES ('7', '34', '7', '1');
INSERT INTO `photoslikes` (`id`, `user_id`, `photos_id`, `likedornot`) VALUES ('8', '36', '27', '1');
INSERT INTO `photoslikes` (`id`, `user_id`, `photos_id`, `likedornot`) VALUES ('9', '19', '10', '1');
INSERT INTO `photoslikes` (`id`, `user_id`, `photos_id`, `likedornot`) VALUES ('10', '90', '61', '1');
INSERT INTO `photoslikes` (`id`, `user_id`, `photos_id`, `likedornot`) VALUES ('11', '88', '6', '');
INSERT INTO `photoslikes` (`id`, `user_id`, `photos_id`, `likedornot`) VALUES ('12', '94', '57', '');
INSERT INTO `photoslikes` (`id`, `user_id`, `photos_id`, `likedornot`) VALUES ('13', '80', '10', '');
INSERT INTO `photoslikes` (`id`, `user_id`, `photos_id`, `likedornot`) VALUES ('14', '99', '1', '1');
INSERT INTO `photoslikes` (`id`, `user_id`, `photos_id`, `likedornot`) VALUES ('15', '7', '23', '');
INSERT INTO `photoslikes` (`id`, `user_id`, `photos_id`, `likedornot`) VALUES ('16', '47', '76', '1');
INSERT INTO `photoslikes` (`id`, `user_id`, `photos_id`, `likedornot`) VALUES ('17', '98', '35', '');
INSERT INTO `photoslikes` (`id`, `user_id`, `photos_id`, `likedornot`) VALUES ('18', '52', '4', '');
INSERT INTO `photoslikes` (`id`, `user_id`, `photos_id`, `likedornot`) VALUES ('19', '52', '46', '');
INSERT INTO `photoslikes` (`id`, `user_id`, `photos_id`, `likedornot`) VALUES ('20', '53', '51', '1');
INSERT INTO `photoslikes` (`id`, `user_id`, `photos_id`, `likedornot`) VALUES ('21', '9', '52', '1');
INSERT INTO `photoslikes` (`id`, `user_id`, `photos_id`, `likedornot`) VALUES ('22', '66', '34', '1');
INSERT INTO `photoslikes` (`id`, `user_id`, `photos_id`, `likedornot`) VALUES ('23', '73', '1', '');
INSERT INTO `photoslikes` (`id`, `user_id`, `photos_id`, `likedornot`) VALUES ('24', '75', '73', '1');
INSERT INTO `photoslikes` (`id`, `user_id`, `photos_id`, `likedornot`) VALUES ('25', '13', '52', '');
INSERT INTO `photoslikes` (`id`, `user_id`, `photos_id`, `likedornot`) VALUES ('26', '67', '80', '');
INSERT INTO `photoslikes` (`id`, `user_id`, `photos_id`, `likedornot`) VALUES ('27', '72', '48', '1');
INSERT INTO `photoslikes` (`id`, `user_id`, `photos_id`, `likedornot`) VALUES ('28', '70', '41', '');
INSERT INTO `photoslikes` (`id`, `user_id`, `photos_id`, `likedornot`) VALUES ('29', '72', '55', '1');
INSERT INTO `photoslikes` (`id`, `user_id`, `photos_id`, `likedornot`) VALUES ('30', '52', '63', '1');
INSERT INTO `photoslikes` (`id`, `user_id`, `photos_id`, `likedornot`) VALUES ('31', '97', '79', '');
INSERT INTO `photoslikes` (`id`, `user_id`, `photos_id`, `likedornot`) VALUES ('32', '73', '75', '');
INSERT INTO `photoslikes` (`id`, `user_id`, `photos_id`, `likedornot`) VALUES ('33', '42', '20', '');
INSERT INTO `photoslikes` (`id`, `user_id`, `photos_id`, `likedornot`) VALUES ('34', '99', '74', '');
INSERT INTO `photoslikes` (`id`, `user_id`, `photos_id`, `likedornot`) VALUES ('35', '82', '41', '1');
INSERT INTO `photoslikes` (`id`, `user_id`, `photos_id`, `likedornot`) VALUES ('36', '55', '72', '');
INSERT INTO `photoslikes` (`id`, `user_id`, `photos_id`, `likedornot`) VALUES ('37', '15', '17', '');
INSERT INTO `photoslikes` (`id`, `user_id`, `photos_id`, `likedornot`) VALUES ('38', '32', '70', '');
INSERT INTO `photoslikes` (`id`, `user_id`, `photos_id`, `likedornot`) VALUES ('39', '21', '5', '1');
INSERT INTO `photoslikes` (`id`, `user_id`, `photos_id`, `likedornot`) VALUES ('40', '78', '27', '');
INSERT INTO `photoslikes` (`id`, `user_id`, `photos_id`, `likedornot`) VALUES ('41', '70', '36', '');
INSERT INTO `photoslikes` (`id`, `user_id`, `photos_id`, `likedornot`) VALUES ('42', '33', '33', '');
INSERT INTO `photoslikes` (`id`, `user_id`, `photos_id`, `likedornot`) VALUES ('43', '4', '2', '1');
INSERT INTO `photoslikes` (`id`, `user_id`, `photos_id`, `likedornot`) VALUES ('44', '93', '61', '');
INSERT INTO `photoslikes` (`id`, `user_id`, `photos_id`, `likedornot`) VALUES ('45', '71', '36', '');
INSERT INTO `photoslikes` (`id`, `user_id`, `photos_id`, `likedornot`) VALUES ('46', '54', '54', '1');
INSERT INTO `photoslikes` (`id`, `user_id`, `photos_id`, `likedornot`) VALUES ('47', '42', '21', '');
INSERT INTO `photoslikes` (`id`, `user_id`, `photos_id`, `likedornot`) VALUES ('48', '60', '67', '1');
INSERT INTO `photoslikes` (`id`, `user_id`, `photos_id`, `likedornot`) VALUES ('49', '50', '47', '');
INSERT INTO `photoslikes` (`id`, `user_id`, `photos_id`, `likedornot`) VALUES ('50', '76', '25', '');
INSERT INTO `photoslikes` (`id`, `user_id`, `photos_id`, `likedornot`) VALUES ('51', '9', '25', '1');
INSERT INTO `photoslikes` (`id`, `user_id`, `photos_id`, `likedornot`) VALUES ('52', '21', '19', '');
INSERT INTO `photoslikes` (`id`, `user_id`, `photos_id`, `likedornot`) VALUES ('53', '51', '42', '1');
INSERT INTO `photoslikes` (`id`, `user_id`, `photos_id`, `likedornot`) VALUES ('54', '10', '57', '1');
INSERT INTO `photoslikes` (`id`, `user_id`, `photos_id`, `likedornot`) VALUES ('55', '58', '70', '');
INSERT INTO `photoslikes` (`id`, `user_id`, `photos_id`, `likedornot`) VALUES ('56', '4', '23', '');
INSERT INTO `photoslikes` (`id`, `user_id`, `photos_id`, `likedornot`) VALUES ('57', '31', '29', '1');
INSERT INTO `photoslikes` (`id`, `user_id`, `photos_id`, `likedornot`) VALUES ('58', '69', '28', '1');
INSERT INTO `photoslikes` (`id`, `user_id`, `photos_id`, `likedornot`) VALUES ('59', '39', '49', '1');
INSERT INTO `photoslikes` (`id`, `user_id`, `photos_id`, `likedornot`) VALUES ('60', '10', '7', '1');
INSERT INTO `photoslikes` (`id`, `user_id`, `photos_id`, `likedornot`) VALUES ('61', '5', '51', '1');
INSERT INTO `photoslikes` (`id`, `user_id`, `photos_id`, `likedornot`) VALUES ('62', '75', '37', '1');
INSERT INTO `photoslikes` (`id`, `user_id`, `photos_id`, `likedornot`) VALUES ('63', '89', '28', '');
INSERT INTO `photoslikes` (`id`, `user_id`, `photos_id`, `likedornot`) VALUES ('64', '30', '32', '');
INSERT INTO `photoslikes` (`id`, `user_id`, `photos_id`, `likedornot`) VALUES ('65', '93', '4', '');
INSERT INTO `photoslikes` (`id`, `user_id`, `photos_id`, `likedornot`) VALUES ('66', '70', '1', '1');
INSERT INTO `photoslikes` (`id`, `user_id`, `photos_id`, `likedornot`) VALUES ('67', '35', '73', '1');
INSERT INTO `photoslikes` (`id`, `user_id`, `photos_id`, `likedornot`) VALUES ('68', '24', '69', '');
INSERT INTO `photoslikes` (`id`, `user_id`, `photos_id`, `likedornot`) VALUES ('69', '43', '27', '');
INSERT INTO `photoslikes` (`id`, `user_id`, `photos_id`, `likedornot`) VALUES ('70', '57', '1', '1');
INSERT INTO `photoslikes` (`id`, `user_id`, `photos_id`, `likedornot`) VALUES ('71', '21', '49', '');
INSERT INTO `photoslikes` (`id`, `user_id`, `photos_id`, `likedornot`) VALUES ('72', '29', '41', '');
INSERT INTO `photoslikes` (`id`, `user_id`, `photos_id`, `likedornot`) VALUES ('73', '97', '78', '1');
INSERT INTO `photoslikes` (`id`, `user_id`, `photos_id`, `likedornot`) VALUES ('74', '86', '28', '1');
INSERT INTO `photoslikes` (`id`, `user_id`, `photos_id`, `likedornot`) VALUES ('75', '58', '77', '1');
INSERT INTO `photoslikes` (`id`, `user_id`, `photos_id`, `likedornot`) VALUES ('76', '43', '50', '1');
INSERT INTO `photoslikes` (`id`, `user_id`, `photos_id`, `likedornot`) VALUES ('77', '59', '14', '');
INSERT INTO `photoslikes` (`id`, `user_id`, `photos_id`, `likedornot`) VALUES ('78', '8', '38', '1');
INSERT INTO `photoslikes` (`id`, `user_id`, `photos_id`, `likedornot`) VALUES ('79', '52', '30', '1');
INSERT INTO `photoslikes` (`id`, `user_id`, `photos_id`, `likedornot`) VALUES ('80', '86', '35', '1');
INSERT INTO `photoslikes` (`id`, `user_id`, `photos_id`, `likedornot`) VALUES ('81', '42', '45', '');
INSERT INTO `photoslikes` (`id`, `user_id`, `photos_id`, `likedornot`) VALUES ('82', '44', '61', '');
INSERT INTO `photoslikes` (`id`, `user_id`, `photos_id`, `likedornot`) VALUES ('83', '47', '54', '');
INSERT INTO `photoslikes` (`id`, `user_id`, `photos_id`, `likedornot`) VALUES ('84', '62', '72', '1');
INSERT INTO `photoslikes` (`id`, `user_id`, `photos_id`, `likedornot`) VALUES ('85', '1', '14', '1');
INSERT INTO `photoslikes` (`id`, `user_id`, `photos_id`, `likedornot`) VALUES ('86', '91', '17', '');
INSERT INTO `photoslikes` (`id`, `user_id`, `photos_id`, `likedornot`) VALUES ('87', '78', '15', '');
INSERT INTO `photoslikes` (`id`, `user_id`, `photos_id`, `likedornot`) VALUES ('88', '72', '60', '');
INSERT INTO `photoslikes` (`id`, `user_id`, `photos_id`, `likedornot`) VALUES ('89', '16', '47', '');
INSERT INTO `photoslikes` (`id`, `user_id`, `photos_id`, `likedornot`) VALUES ('90', '9', '59', '1');
INSERT INTO `photoslikes` (`id`, `user_id`, `photos_id`, `likedornot`) VALUES ('91', '53', '42', '1');
INSERT INTO `photoslikes` (`id`, `user_id`, `photos_id`, `likedornot`) VALUES ('92', '35', '9', '');
INSERT INTO `photoslikes` (`id`, `user_id`, `photos_id`, `likedornot`) VALUES ('93', '69', '34', '1');
INSERT INTO `photoslikes` (`id`, `user_id`, `photos_id`, `likedornot`) VALUES ('94', '59', '16', '');
INSERT INTO `photoslikes` (`id`, `user_id`, `photos_id`, `likedornot`) VALUES ('95', '79', '36', '');
INSERT INTO `photoslikes` (`id`, `user_id`, `photos_id`, `likedornot`) VALUES ('96', '63', '16', '1');
INSERT INTO `photoslikes` (`id`, `user_id`, `photos_id`, `likedornot`) VALUES ('97', '100', '5', '');
INSERT INTO `photoslikes` (`id`, `user_id`, `photos_id`, `likedornot`) VALUES ('98', '96', '38', '1');
INSERT INTO `photoslikes` (`id`, `user_id`, `photos_id`, `likedornot`) VALUES ('99', '74', '46', '');
INSERT INTO `photoslikes` (`id`, `user_id`, `photos_id`, `likedornot`) VALUES ('100', '37', '59', '');


#
# TABLE STRUCTURE FOR: posts
#

DROP TABLE IF EXISTS `posts`;

CREATE TABLE `posts` (
  `id` bigint(20) unsigned NOT NULL AUTO_INCREMENT,
  `user_id` bigint(20) unsigned NOT NULL,
  `post` text COLLATE utf8_unicode_ci DEFAULT NULL,
  `created_at` datetime DEFAULT current_timestamp(),
  `updated_at` datetime DEFAULT current_timestamp() ON UPDATE current_timestamp(),
  PRIMARY KEY (`id`),
  KEY `user_id` (`user_id`),
  CONSTRAINT `posts_ibfk_1` FOREIGN KEY (`user_id`) REFERENCES `users` (`id`)
) ENGINE=InnoDB AUTO_INCREMENT=81 DEFAULT CHARSET=utf8 COLLATE=utf8_unicode_ci;

INSERT INTO `posts` (`id`, `user_id`, `post`, `created_at`, `updated_at`) VALUES ('1', '23', 'They had a large pigeon had flown into her head. \'If I eat one of the shelves as she went round the neck of the officers of the soldiers had to pinch it to half-past one as long as it was as much as.', '2001-04-26 21:58:39', '1986-12-22 22:38:00');
INSERT INTO `posts` (`id`, `user_id`, `post`, `created_at`, `updated_at`) VALUES ('2', '62', 'Kings and Queens, and among them Alice recognised the White Rabbit blew three blasts on the song, she kept tossing the baby joined):-- \'Wow! wow! wow!\' While the Panther were sharing a pie--\' [later.', '1981-12-05 15:38:31', '2003-06-02 04:25:38');
INSERT INTO `posts` (`id`, `user_id`, `post`, `created_at`, `updated_at`) VALUES ('3', '13', 'I THINK,\' said Alice. \'Of course not,\' said the Gryphon: and it sat down a good many voices all talking together: she made out the proper way of speaking to a lobster--\' (Alice began to get dry.', '1980-04-24 04:48:50', '1995-04-15 20:48:21');
INSERT INTO `posts` (`id`, `user_id`, `post`, `created_at`, `updated_at`) VALUES ('4', '42', 'I wonder?\' Alice guessed who it was, and, as the Caterpillar sternly. \'Explain yourself!\' \'I can\'t remember half of fright and half of them--and it belongs to a mouse, That he met in the same side.', '2000-12-03 13:49:13', '2003-04-11 20:24:21');
INSERT INTO `posts` (`id`, `user_id`, `post`, `created_at`, `updated_at`) VALUES ('5', '93', 'White Rabbit; \'in fact, there\'s nothing written on the table. \'Have some wine,\' the March Hare said--\' \'I didn\'t!\' the March Hare. \'Yes, please do!\' pleaded Alice. \'And ever since that,\' the Hatter.', '2002-06-01 16:56:36', '1982-05-12 23:23:51');
INSERT INTO `posts` (`id`, `user_id`, `post`, `created_at`, `updated_at`) VALUES ('6', '25', 'It did so indeed, and much sooner than she had hoped) a fan and two or three of her skirt, upsetting all the players, except the Lizard, who seemed too much overcome to do so. \'Shall we try another.', '2018-12-09 22:12:23', '1990-07-16 16:53:13');
INSERT INTO `posts` (`id`, `user_id`, `post`, `created_at`, `updated_at`) VALUES ('7', '6', 'I don\'t want to stay with it as a partner!\' cried the Mock Turtle interrupted, \'if you don\'t like it, yer honour, at all, as the door as you might knock, and I shall see it written up somewhere.\'.', '1989-02-04 17:51:22', '1983-05-21 17:33:50');
INSERT INTO `posts` (`id`, `user_id`, `post`, `created_at`, `updated_at`) VALUES ('8', '55', 'Alice for some time in silence: at last it unfolded its arms, took the regular course.\' \'What was THAT like?\' said Alice. The poor little thing sat down again in a loud, indignant voice, but she did.', '2017-11-23 21:23:42', '2008-10-25 18:15:58');
INSERT INTO `posts` (`id`, `user_id`, `post`, `created_at`, `updated_at`) VALUES ('9', '79', 'Alice. \'Stand up and said, \'It was a little of the players to be done, I wonder?\' And here poor Alice in a coaxing tone, and added \'It isn\'t directed at all,\' said Alice: \'three inches is such a.', '1987-08-17 01:27:32', '1984-03-16 19:26:18');
INSERT INTO `posts` (`id`, `user_id`, `post`, `created_at`, `updated_at`) VALUES ('10', '26', 'Duchess; \'and the moral of that is--\"The more there is of finding morals in things!\' Alice began to cry again. \'You ought to go down the chimney as she added, to herself, \'after such a capital one.', '1978-11-16 02:30:55', '1984-06-23 22:37:30');
INSERT INTO `posts` (`id`, `user_id`, `post`, `created_at`, `updated_at`) VALUES ('11', '48', 'Queen. \'Can you play croquet?\' The soldiers were silent, and looked at poor Alice, \'it would be QUITE as much right,\' said the Dormouse, not choosing to notice this question, but hurriedly went on,.', '2018-10-23 08:39:04', '1980-12-26 15:34:47');
INSERT INTO `posts` (`id`, `user_id`, `post`, `created_at`, `updated_at`) VALUES ('12', '29', 'How the Owl and the second time round, she came upon a little door was shut again, and the three gardeners, but she was quite tired of being such a nice soft thing to eat her up in such a thing.', '1994-08-31 21:25:06', '2000-07-06 09:59:35');
INSERT INTO `posts` (`id`, `user_id`, `post`, `created_at`, `updated_at`) VALUES ('13', '18', 'Alice, \'but I haven\'t been invited yet.\' \'You\'ll see me there,\' said the Gryphon, \'she wants for to know what a Gryphon is, look at me like a star-fish,\' thought Alice. The King laid his hand upon.', '2016-06-17 10:53:09', '2005-04-20 01:34:02');
INSERT INTO `posts` (`id`, `user_id`, `post`, `created_at`, `updated_at`) VALUES ('14', '54', 'I THINK,\' said Alice. \'I\'m a--I\'m a--\' \'Well! WHAT are you?\' said the Mock Turtle to sing you a couple?\' \'You are old,\' said the Queen, who was reading the list of singers. \'You may not have lived.', '1983-03-28 03:22:23', '2005-07-28 07:05:45');
INSERT INTO `posts` (`id`, `user_id`, `post`, `created_at`, `updated_at`) VALUES ('15', '81', 'COULD grin.\' \'They all can,\' said the Duchess; \'and that\'s the queerest thing about it.\' (The jury all brightened up again.) \'Please your Majesty,\' said the one who had meanwhile been examining the.', '1980-08-14 00:55:30', '2020-02-20 19:23:31');
INSERT INTO `posts` (`id`, `user_id`, `post`, `created_at`, `updated_at`) VALUES ('16', '13', 'And she began thinking over all she could not make out what she was playing against herself, for she felt certain it must be getting home; the night-air doesn\'t suit my throat!\' and a large pool all.', '1976-09-13 05:29:02', '2004-11-11 19:50:54');
INSERT INTO `posts` (`id`, `user_id`, `post`, `created_at`, `updated_at`) VALUES ('17', '26', 'I beg your pardon,\' said Alice sharply, for she had succeeded in bringing herself down to look over their heads. She felt very lonely and low-spirited. In a minute or two the Caterpillar called.', '1993-05-24 03:42:50', '1989-03-05 23:46:26');
INSERT INTO `posts` (`id`, `user_id`, `post`, `created_at`, `updated_at`) VALUES ('18', '72', 'Alice went on, \'--likely to win, that it\'s hardly worth while finishing the game.\' The Queen turned angrily away from him, and very soon finished off the cake. * * * * * * * * * * * * * * * * * * *.', '1980-05-05 15:18:53', '1989-04-10 02:34:21');
INSERT INTO `posts` (`id`, `user_id`, `post`, `created_at`, `updated_at`) VALUES ('19', '48', 'Dormouse; \'--well in.\' This answer so confused poor Alice, that she was now more than that, if you want to see it again, but it had entirely disappeared; so the King said, turning to the porpoise,.', '2015-03-12 14:51:31', '1972-03-07 14:46:11');
INSERT INTO `posts` (`id`, `user_id`, `post`, `created_at`, `updated_at`) VALUES ('20', '37', 'Mock Turtle sighed deeply, and drew the back of one flapper across his eyes. \'I wasn\'t asleep,\' he said do. Alice looked round, eager to see that the reason of that?\' \'In my youth,\' Father William.', '1993-03-10 17:12:52', '1999-06-17 08:30:44');
INSERT INTO `posts` (`id`, `user_id`, `post`, `created_at`, `updated_at`) VALUES ('21', '10', 'The first thing she heard something splashing about in the night? Let me see: four times five is twelve, and four times five is twelve, and four times five is twelve, and four times seven is--oh.', '1985-12-05 18:33:22', '1993-02-26 21:30:28');
INSERT INTO `posts` (`id`, `user_id`, `post`, `created_at`, `updated_at`) VALUES ('22', '15', 'Hatter went on, without attending to her, though, as they all spoke at once, in a mournful tone, \'he won\'t do a thing I ever heard!\' \'Yes, I think I could, if I must, I must,\' the King said to.', '1976-03-12 19:53:46', '1982-07-05 23:03:02');
INSERT INTO `posts` (`id`, `user_id`, `post`, `created_at`, `updated_at`) VALUES ('23', '96', 'So Alice began to cry again. \'You ought to have wondered at this, but at the top with its legs hanging down, but generally, just as I used--and I don\'t think,\' Alice went on, turning to Alice again..', '1995-03-31 04:33:35', '1981-09-14 21:54:14');
INSERT INTO `posts` (`id`, `user_id`, `post`, `created_at`, `updated_at`) VALUES ('24', '19', 'Mock Turtle said with some severity; \'it\'s very easy to take out of a tree. \'Did you say \"What a pity!\"?\' the Rabbit actually TOOK A WATCH OUT OF ITS WAISTCOAT-POCKET, and looked very anxiously into.', '1971-09-16 06:43:15', '1979-11-12 20:51:31');
INSERT INTO `posts` (`id`, `user_id`, `post`, `created_at`, `updated_at`) VALUES ('25', '58', 'THE KING AND QUEEN OF HEARTS. Alice was very hot, she kept tossing the baby with some difficulty, as it was talking in his throat,\' said the Queen, and Alice heard the Rabbit asked. \'No, I didn\'t,\'.', '1986-10-15 22:41:27', '1991-12-10 03:54:42');
INSERT INTO `posts` (`id`, `user_id`, `post`, `created_at`, `updated_at`) VALUES ('26', '50', 'Gryphon. \'--you advance twice--\' \'Each with a round face, and was delighted to find any. And yet I don\'t want YOU with us!\"\' \'They were obliged to write this down on one side, to look about her any.', '1973-03-25 18:26:09', '1998-09-08 02:55:54');
INSERT INTO `posts` (`id`, `user_id`, `post`, `created_at`, `updated_at`) VALUES ('27', '83', 'Duchess: \'and the moral of that is--\"Birds of a globe of goldfish she had this fit) An obstacle that came between Him, and ourselves, and it. Don\'t let him know she liked them best, For this must.', '1982-06-16 15:32:27', '1985-02-12 18:15:31');
INSERT INTO `posts` (`id`, `user_id`, `post`, `created_at`, `updated_at`) VALUES ('28', '13', 'Duchess replied, in a tone of great surprise. \'Of course not,\' Alice cautiously replied, not feeling at all a proper way of speaking to a day-school, too,\' said Alice; \'all I know who I am! But I\'d.', '1979-10-12 09:46:38', '1976-02-11 23:12:06');
INSERT INTO `posts` (`id`, `user_id`, `post`, `created_at`, `updated_at`) VALUES ('29', '100', 'I can\'t get out again. The rabbit-hole went straight on like a tunnel for some time without hearing anything more: at last the Mouse, frowning, but very politely: \'Did you say it.\' \'That\'s nothing.', '1972-12-12 08:04:49', '2002-08-24 06:01:51');
INSERT INTO `posts` (`id`, `user_id`, `post`, `created_at`, `updated_at`) VALUES ('30', '11', 'I\'m somebody else\"--but, oh dear!\' cried Alice (she was obliged to write this down on one side, to look over their shoulders, that all the time she had not gone far before they saw the White Rabbit.', '2015-09-15 20:43:23', '2020-02-28 04:53:18');
INSERT INTO `posts` (`id`, `user_id`, `post`, `created_at`, `updated_at`) VALUES ('31', '95', 'In the very tones of the right-hand bit to try the whole pack rose up into a tidy little room with a yelp of delight, and rushed at the Footman\'s head: it just missed her. Alice caught the baby at.', '1986-07-23 11:38:06', '2000-11-10 14:34:09');
INSERT INTO `posts` (`id`, `user_id`, `post`, `created_at`, `updated_at`) VALUES ('32', '23', 'Mouse, sharply and very soon found herself falling down a good deal to ME,\' said the King. On this the whole party look so grave that she was looking down at once, and ran the faster, while more and.', '2010-02-05 00:01:08', '1982-06-21 17:59:04');
INSERT INTO `posts` (`id`, `user_id`, `post`, `created_at`, `updated_at`) VALUES ('33', '73', 'Mock Turtle repeated thoughtfully. \'I should like to be told so. \'It\'s really dreadful,\' she muttered to herself, \'I wonder how many hours a day or two: wouldn\'t it be murder to leave it behind?\'.', '2017-07-24 08:31:30', '1980-03-02 15:12:20');
INSERT INTO `posts` (`id`, `user_id`, `post`, `created_at`, `updated_at`) VALUES ('34', '8', 'The Cat\'s head began fading away the time. Alice had no reason to be ashamed of yourself,\' said Alice, very loudly and decidedly, and there stood the Queen put on his spectacles and looked very.', '1970-02-17 07:35:32', '2003-08-24 09:14:13');
INSERT INTO `posts` (`id`, `user_id`, `post`, `created_at`, `updated_at`) VALUES ('35', '65', 'There was not quite know what they\'re like.\' \'I believe so,\' Alice replied very gravely. \'What else have you executed, whether you\'re a little way out of the doors of the sort. Next came the guests,.', '2007-04-06 22:50:01', '1970-03-12 00:57:40');
INSERT INTO `posts` (`id`, `user_id`, `post`, `created_at`, `updated_at`) VALUES ('36', '66', 'Queen in front of them, with her head to keep herself from being broken. She hastily put down her flamingo, and began an account of the crowd below, and there stood the Queen say only yesterday you.', '1980-07-23 00:29:13', '1984-09-12 17:10:43');
INSERT INTO `posts` (`id`, `user_id`, `post`, `created_at`, `updated_at`) VALUES ('37', '33', 'Hatter with a knife, it usually bleeds; and she could not answer without a moment\'s pause. The only things in the direction it pointed to, without trying to explain the mistake it had some kind of.', '1986-03-23 08:25:23', '1996-01-22 15:24:33');
INSERT INTO `posts` (`id`, `user_id`, `post`, `created_at`, `updated_at`) VALUES ('38', '70', 'Alice looked all round her, calling out in a minute. Alice began telling them her adventures from the sky! Ugh, Serpent!\' \'But I\'m NOT a serpent!\' said Alice desperately: \'he\'s perfectly idiotic!\'.', '1992-03-17 04:24:04', '2016-04-04 22:55:32');
INSERT INTO `posts` (`id`, `user_id`, `post`, `created_at`, `updated_at`) VALUES ('39', '20', 'This was not an encouraging opening for a little glass box that was lying on their slates, and then Alice dodged behind a great hurry to change them--\' when she caught it, and very neatly and simply.', '1970-02-21 19:21:11', '2012-03-09 10:54:22');
INSERT INTO `posts` (`id`, `user_id`, `post`, `created_at`, `updated_at`) VALUES ('40', '11', 'The moment Alice felt a violent shake at the Queen, who was talking. Alice could think of anything to say, she simply bowed, and took the watch and looked at the March Hare will be When they take us.', '1976-02-25 12:42:59', '1979-03-12 18:04:29');
INSERT INTO `posts` (`id`, `user_id`, `post`, `created_at`, `updated_at`) VALUES ('41', '95', 'Alice a little of the shelves as she did not at all a pity. I said \"What for?\"\' \'She boxed the Queen\'s voice in the pool rippling to the baby, and not to lie down upon their faces. There was a most.', '2016-12-03 12:20:34', '1975-06-03 03:45:42');
INSERT INTO `posts` (`id`, `user_id`, `post`, `created_at`, `updated_at`) VALUES ('42', '68', 'YOUR temper!\' \'Hold your tongue!\' said the Gryphon said, in a fight with another dig of her hedgehog. The hedgehog was engaged in a deep sigh, \'I was a bright idea came into her face, with such a.', '1972-10-31 04:08:05', '1975-04-01 20:46:31');
INSERT INTO `posts` (`id`, `user_id`, `post`, `created_at`, `updated_at`) VALUES ('43', '40', 'I tell you, you coward!\' and at last it sat down with her arms folded, frowning like a wild beast, screamed \'Off with her head!\' the Queen never left off quarrelling with the edge with each hand..', '2011-09-07 16:19:15', '1977-10-26 21:34:32');
INSERT INTO `posts` (`id`, `user_id`, `post`, `created_at`, `updated_at`) VALUES ('44', '13', 'Alice replied in a moment to think to herself, \'I don\'t much care where--\' said Alice. \'Of course you know about it, so she helped herself to some tea and bread-and-butter, and went by without.', '1992-04-26 21:57:42', '1988-11-26 02:37:13');
INSERT INTO `posts` (`id`, `user_id`, `post`, `created_at`, `updated_at`) VALUES ('45', '22', 'I wish you were me?\' \'Well, perhaps your feelings may be ONE.\' \'One, indeed!\' said the Dodo in an offended tone. And she began again: \'Ou est ma chatte?\' which was lit up by two guinea-pigs, who.', '1972-02-12 05:40:03', '1994-04-12 18:11:12');
INSERT INTO `posts` (`id`, `user_id`, `post`, `created_at`, `updated_at`) VALUES ('46', '20', 'Those whom she sentenced were taken into custody by the little passage: and THEN--she found herself safe in a twinkling! Half-past one, time for dinner!\' (\'I only wish they WOULD put their heads.', '1993-07-17 16:07:57', '2020-01-24 04:53:19');
INSERT INTO `posts` (`id`, `user_id`, `post`, `created_at`, `updated_at`) VALUES ('47', '25', 'My notion was that it would be four thousand miles down, I think--\' (she was obliged to write out a new idea to Alice, very earnestly. \'I\'ve had nothing else to do, and perhaps as this is May it.', '1970-04-24 23:50:48', '1981-03-16 15:50:36');
INSERT INTO `posts` (`id`, `user_id`, `post`, `created_at`, `updated_at`) VALUES ('48', '47', 'King: \'leave out that part.\' \'Well, at any rate he might answer questions.--How am I then? Tell me that first, and then said, \'It was much pleasanter at home,\' thought poor Alice, that she began.', '1986-10-05 00:24:35', '1993-05-25 02:38:57');
INSERT INTO `posts` (`id`, `user_id`, `post`, `created_at`, `updated_at`) VALUES ('49', '92', 'Dormouse is asleep again,\' said the King. (The jury all wrote down on her hand, and a large dish of tarts upon it: they looked so good, that it led into the sky. Alice went on, \'--likely to win,.', '1977-05-31 02:29:30', '2001-04-23 19:59:47');
INSERT INTO `posts` (`id`, `user_id`, `post`, `created_at`, `updated_at`) VALUES ('50', '72', 'But do cats eat bats, I wonder?\' As she said to herself; \'I should think you can find them.\' As she said these words her foot as far down the chimney?--Nay, I shan\'t! YOU do it!--That I won\'t,.', '2009-01-22 19:57:12', '1992-12-15 14:28:24');
INSERT INTO `posts` (`id`, `user_id`, `post`, `created_at`, `updated_at`) VALUES ('51', '83', 'Five, \'and I\'ll tell him--it was for bringing the cook and the three were all turning into little cakes as they were all turning into little cakes as they used to call him Tortoise, if he were.', '1993-10-24 01:28:16', '1971-02-24 21:53:28');
INSERT INTO `posts` (`id`, `user_id`, `post`, `created_at`, `updated_at`) VALUES ('52', '2', 'I wonder if I was, I shouldn\'t like THAT!\' \'Oh, you foolish Alice!\' she answered herself. \'How can you learn lessons in here? Why, there\'s hardly room to open it; but, as the March Hare. Alice was.', '2018-08-29 07:59:23', '2010-08-19 06:59:49');
INSERT INTO `posts` (`id`, `user_id`, `post`, `created_at`, `updated_at`) VALUES ('53', '87', 'There was nothing on it were nine o\'clock in the middle of one! There ought to go from here?\' \'That depends a good deal until she made her look up and said, without opening its eyes, for it was.', '1983-04-18 15:08:19', '1980-02-29 15:13:49');
INSERT INTO `posts` (`id`, `user_id`, `post`, `created_at`, `updated_at`) VALUES ('54', '79', 'Mock Turtle said: \'I\'m too stiff. And the Gryphon went on just as if a fish came to ME, and told me he was obliged to write out a box of comfits, (luckily the salt water had not gone (We know it was.', '1971-06-28 15:00:21', '1984-01-30 13:24:54');
INSERT INTO `posts` (`id`, `user_id`, `post`, `created_at`, `updated_at`) VALUES ('55', '20', 'Hatter. This piece of it altogether; but after a minute or two the Caterpillar called after her. \'I\'ve something important to say!\' This sounded promising, certainly: Alice turned and came back.', '1985-06-11 14:41:56', '1980-11-10 08:26:26');
INSERT INTO `posts` (`id`, `user_id`, `post`, `created_at`, `updated_at`) VALUES ('56', '44', 'The master was an uncomfortably sharp chin. However, she soon made out the words: \'Where\'s the other players, and shouting \'Off with his head!\' she said, without opening its eyes, for it flashed.', '1997-01-28 11:13:14', '1997-10-02 17:28:26');
INSERT INTO `posts` (`id`, `user_id`, `post`, `created_at`, `updated_at`) VALUES ('57', '28', 'I say,\' the Mock Turtle drew a long time together.\' \'Which is just the case with MINE,\' said the Pigeon. \'I\'m NOT a serpent!\' said Alice more boldly: \'you know you\'re growing too.\' \'Yes, but some.', '2001-07-31 00:08:35', '1978-08-18 05:59:21');
INSERT INTO `posts` (`id`, `user_id`, `post`, `created_at`, `updated_at`) VALUES ('58', '2', 'In a minute or two the Caterpillar decidedly, and he went on \'And how did you do lessons?\' said Alice, (she had kept a piece of rudeness was more and more puzzled, but she got up in such confusion.', '2015-11-26 02:39:23', '2004-07-15 15:24:27');
INSERT INTO `posts` (`id`, `user_id`, `post`, `created_at`, `updated_at`) VALUES ('59', '57', 'However, this bottle does. I do wonder what I was a treacle-well.\' \'There\'s no such thing!\' Alice was very likely it can be,\' said the Queen said--\' \'Get to your places!\' shouted the Gryphon, and,.', '1997-03-06 12:29:11', '1988-07-18 13:24:40');
INSERT INTO `posts` (`id`, `user_id`, `post`, `created_at`, `updated_at`) VALUES ('60', '28', 'Alice heard the King had said that day. \'That PROVES his guilt,\' said the Pigeon in a melancholy tone. \'Nobody seems to grin, How neatly spread his claws, And welcome little fishes in With gently.', '1975-05-12 00:51:55', '1974-01-29 19:26:21');
INSERT INTO `posts` (`id`, `user_id`, `post`, `created_at`, `updated_at`) VALUES ('61', '13', 'I can\'t understand it myself to begin at HIS time of life. The King\'s argument was, that if something wasn\'t done about it just missed her. Alice caught the flamingo and brought it back, the fight.', '1998-08-17 20:52:05', '2000-09-04 05:07:56');
INSERT INTO `posts` (`id`, `user_id`, `post`, `created_at`, `updated_at`) VALUES ('62', '52', 'WOULD not remember the simple and loving heart of her sister, who was trembling down to look over their heads. She felt very lonely and low-spirited. In a little door was shut again, and did not.', '2008-03-01 15:53:14', '1985-09-18 06:41:55');
INSERT INTO `posts` (`id`, `user_id`, `post`, `created_at`, `updated_at`) VALUES ('63', '50', 'She felt very curious to know when the Rabbit say, \'A barrowful will do, to begin at HIS time of life. The King\'s argument was, that she was considering in her brother\'s Latin Grammar, \'A mouse--of.', '1970-06-17 07:46:32', '1970-02-14 21:54:48');
INSERT INTO `posts` (`id`, `user_id`, `post`, `created_at`, `updated_at`) VALUES ('64', '85', 'King. The next witness was the Hatter. This piece of it at last, they must needs come wriggling down from the change: and Alice was so much frightened that she could not help bursting out laughing:.', '2007-01-12 11:27:32', '1998-07-04 13:02:53');
INSERT INTO `posts` (`id`, `user_id`, `post`, `created_at`, `updated_at`) VALUES ('65', '59', 'Alice, swallowing down her anger as well she might, what a long tail, certainly,\' said Alice very humbly: \'you had got to grow here,\' said the Mock Turtle. \'And how many miles I\'ve fallen by this.', '2015-03-06 17:48:29', '1995-10-25 05:17:12');
INSERT INTO `posts` (`id`, `user_id`, `post`, `created_at`, `updated_at`) VALUES ('66', '14', 'Alice asked in a low, hurried tone. He looked at it gloomily: then he dipped it into his cup of tea, and looked at poor Alice, \'to pretend to be treated with respect. \'Cheshire Puss,\' she began,.', '2017-05-14 08:07:47', '1991-11-22 11:08:37');
INSERT INTO `posts` (`id`, `user_id`, `post`, `created_at`, `updated_at`) VALUES ('67', '50', 'Dormouse go on for some minutes. The Caterpillar was the first question, you know.\' \'I don\'t see any wine,\' she remarked. \'There isn\'t any,\' said the Queen, turning purple. \'I won\'t!\' said Alice..', '1986-12-15 18:07:05', '2007-12-23 01:43:49');
INSERT INTO `posts` (`id`, `user_id`, `post`, `created_at`, `updated_at`) VALUES ('68', '91', 'I had it written up somewhere.\' Down, down, down. Would the fall was over. However, when they met in the other: the Duchess was VERY ugly; and secondly, because they\'re making such a thing before,.', '1994-06-03 17:03:34', '1982-10-01 01:06:25');
INSERT INTO `posts` (`id`, `user_id`, `post`, `created_at`, `updated_at`) VALUES ('69', '84', 'Dormouse say?\' one of the court, arm-in-arm with the Duchess, \'as pigs have to beat time when she had not as yet had any sense, they\'d take the hint; but the Dormouse fell asleep instantly, and.', '2011-12-24 11:27:48', '1982-02-07 20:07:20');
INSERT INTO `posts` (`id`, `user_id`, `post`, `created_at`, `updated_at`) VALUES ('70', '70', 'Alice. \'And be quick about it,\' added the Dormouse, without considering at all a pity. I said \"What for?\"\' \'She boxed the Queen\'s shrill cries to the Knave. The Knave of Hearts, he stole those.', '1985-09-04 14:55:33', '2001-03-22 04:46:46');
INSERT INTO `posts` (`id`, `user_id`, `post`, `created_at`, `updated_at`) VALUES ('71', '2', 'Why, I haven\'t been invited yet.\' \'You\'ll see me there,\' said the Lory, who at last she stretched her arms round it as you say pig, or fig?\' said the Cat; and this Alice would not give all else for.', '1982-11-07 00:15:37', '1980-10-03 19:10:03');
INSERT INTO `posts` (`id`, `user_id`, `post`, `created_at`, `updated_at`) VALUES ('72', '79', 'I only wish people knew that: then they both cried. \'Wake up, Alice dear!\' said her sister; \'Why, what are they made of?\' \'Pepper, mostly,\' said the Dormouse; \'--well in.\' This answer so confused.', '1985-12-22 21:02:26', '2011-12-04 00:38:52');
INSERT INTO `posts` (`id`, `user_id`, `post`, `created_at`, `updated_at`) VALUES ('73', '38', 'The jury all wrote down all three dates on their throne when they had to pinch it to his son, \'I feared it might be hungry, in which you usually see Shakespeare, in the morning, just time to begin.', '1989-04-15 07:40:05', '1970-11-06 01:24:20');
INSERT INTO `posts` (`id`, `user_id`, `post`, `created_at`, `updated_at`) VALUES ('74', '42', 'March Hare said in a tone of great curiosity. \'It\'s a Cheshire cat,\' said the Lory. Alice replied in an offended tone, \'Hm! No accounting for tastes! Sing her \"Turtle Soup,\" will you, won\'t you,.', '1984-11-07 05:37:32', '1977-08-09 08:09:40');
INSERT INTO `posts` (`id`, `user_id`, `post`, `created_at`, `updated_at`) VALUES ('75', '91', 'Mock Turtle to the game. CHAPTER IX. The Mock Turtle in a loud, indignant voice, but she could guess, she was out of sight, they were trying to find that she was losing her temper. \'Are you content.', '1995-07-20 14:27:03', '1985-01-26 00:24:45');
INSERT INTO `posts` (`id`, `user_id`, `post`, `created_at`, `updated_at`) VALUES ('76', '59', 'Mock Turtle went on again:-- \'You may go,\' said the Hatter. \'Stolen!\' the King added in an offended tone, and added with a soldier on each side, and opened their eyes and mouths so VERY remarkable.', '1983-06-09 15:17:55', '1990-08-05 09:13:43');
INSERT INTO `posts` (`id`, `user_id`, `post`, `created_at`, `updated_at`) VALUES ('77', '61', 'I THINK; or is it twelve? I--\' \'Oh, don\'t bother ME,\' said Alice very politely; but she remembered having seen such a pleasant temper, and thought it must be the use of a book,\' thought Alice to.', '1981-01-31 10:55:45', '2010-02-15 20:38:38');
INSERT INTO `posts` (`id`, `user_id`, `post`, `created_at`, `updated_at`) VALUES ('78', '15', 'Alice soon began talking to him,\' the Mock Turtle persisted. \'How COULD he turn them out again. That\'s all.\' \'Thank you,\' said the King, rubbing his hands; \'so now let the jury--\' \'If any one of.', '2009-04-10 11:34:31', '1988-11-22 20:06:38');
INSERT INTO `posts` (`id`, `user_id`, `post`, `created_at`, `updated_at`) VALUES ('79', '5', 'I eat one of the month is it?\' The Gryphon sat up and to her chin in salt water. Her first idea was that it led into a small passage, not much surprised at her own ears for having missed their.', '2016-10-26 09:17:01', '1986-08-11 05:27:36');
INSERT INTO `posts` (`id`, `user_id`, `post`, `created_at`, `updated_at`) VALUES ('80', '53', 'Queen\'s hedgehog just now, only it ran away when it saw mine coming!\' \'How do you call it purring, not growling,\' said Alice. \'I don\'t see how the Dodo replied very readily: \'but that\'s because it.', '2003-10-12 18:45:38', '1990-05-17 05:00:56');


#
# TABLE STRUCTURE FOR: postslikes
#

DROP TABLE IF EXISTS `postslikes`;

CREATE TABLE `postslikes` (
  `id` bigint(20) unsigned NOT NULL AUTO_INCREMENT,
  `user_id` bigint(20) unsigned NOT NULL,
  `post_id` bigint(20) unsigned NOT NULL,
  `likedornot` char(1) COLLATE utf8_unicode_ci DEFAULT NULL,
  PRIMARY KEY (`id`),
  KEY `user_id` (`user_id`),
  KEY `post_id` (`post_id`),
  CONSTRAINT `postslikes_ibfk_1` FOREIGN KEY (`user_id`) REFERENCES `users` (`id`),
  CONSTRAINT `postslikes_ibfk_2` FOREIGN KEY (`post_id`) REFERENCES `posts` (`id`)
) ENGINE=InnoDB AUTO_INCREMENT=101 DEFAULT CHARSET=utf8 COLLATE=utf8_unicode_ci;

INSERT INTO `postslikes` (`id`, `user_id`, `post_id`, `likedornot`) VALUES ('1', '11', '15', '1');
INSERT INTO `postslikes` (`id`, `user_id`, `post_id`, `likedornot`) VALUES ('2', '58', '80', '1');
INSERT INTO `postslikes` (`id`, `user_id`, `post_id`, `likedornot`) VALUES ('3', '70', '56', '1');
INSERT INTO `postslikes` (`id`, `user_id`, `post_id`, `likedornot`) VALUES ('4', '67', '3', '1');
INSERT INTO `postslikes` (`id`, `user_id`, `post_id`, `likedornot`) VALUES ('5', '1', '75', '1');
INSERT INTO `postslikes` (`id`, `user_id`, `post_id`, `likedornot`) VALUES ('6', '36', '76', '1');
INSERT INTO `postslikes` (`id`, `user_id`, `post_id`, `likedornot`) VALUES ('7', '23', '12', '');
INSERT INTO `postslikes` (`id`, `user_id`, `post_id`, `likedornot`) VALUES ('8', '56', '65', '1');
INSERT INTO `postslikes` (`id`, `user_id`, `post_id`, `likedornot`) VALUES ('9', '39', '5', '1');
INSERT INTO `postslikes` (`id`, `user_id`, `post_id`, `likedornot`) VALUES ('10', '29', '16', '');
INSERT INTO `postslikes` (`id`, `user_id`, `post_id`, `likedornot`) VALUES ('11', '74', '45', '1');
INSERT INTO `postslikes` (`id`, `user_id`, `post_id`, `likedornot`) VALUES ('12', '67', '56', '');
INSERT INTO `postslikes` (`id`, `user_id`, `post_id`, `likedornot`) VALUES ('13', '33', '68', '');
INSERT INTO `postslikes` (`id`, `user_id`, `post_id`, `likedornot`) VALUES ('14', '15', '76', '');
INSERT INTO `postslikes` (`id`, `user_id`, `post_id`, `likedornot`) VALUES ('15', '2', '1', '1');
INSERT INTO `postslikes` (`id`, `user_id`, `post_id`, `likedornot`) VALUES ('16', '66', '10', '1');
INSERT INTO `postslikes` (`id`, `user_id`, `post_id`, `likedornot`) VALUES ('17', '19', '19', '');
INSERT INTO `postslikes` (`id`, `user_id`, `post_id`, `likedornot`) VALUES ('18', '11', '71', '');
INSERT INTO `postslikes` (`id`, `user_id`, `post_id`, `likedornot`) VALUES ('19', '93', '62', '');
INSERT INTO `postslikes` (`id`, `user_id`, `post_id`, `likedornot`) VALUES ('20', '92', '75', '1');
INSERT INTO `postslikes` (`id`, `user_id`, `post_id`, `likedornot`) VALUES ('21', '71', '22', '');
INSERT INTO `postslikes` (`id`, `user_id`, `post_id`, `likedornot`) VALUES ('22', '87', '75', '');
INSERT INTO `postslikes` (`id`, `user_id`, `post_id`, `likedornot`) VALUES ('23', '42', '35', '1');
INSERT INTO `postslikes` (`id`, `user_id`, `post_id`, `likedornot`) VALUES ('24', '74', '64', '1');
INSERT INTO `postslikes` (`id`, `user_id`, `post_id`, `likedornot`) VALUES ('25', '49', '2', '');
INSERT INTO `postslikes` (`id`, `user_id`, `post_id`, `likedornot`) VALUES ('26', '99', '18', '1');
INSERT INTO `postslikes` (`id`, `user_id`, `post_id`, `likedornot`) VALUES ('27', '59', '53', '');
INSERT INTO `postslikes` (`id`, `user_id`, `post_id`, `likedornot`) VALUES ('28', '92', '73', '1');
INSERT INTO `postslikes` (`id`, `user_id`, `post_id`, `likedornot`) VALUES ('29', '51', '6', '1');
INSERT INTO `postslikes` (`id`, `user_id`, `post_id`, `likedornot`) VALUES ('30', '86', '42', '');
INSERT INTO `postslikes` (`id`, `user_id`, `post_id`, `likedornot`) VALUES ('31', '8', '41', '1');
INSERT INTO `postslikes` (`id`, `user_id`, `post_id`, `likedornot`) VALUES ('32', '63', '22', '1');
INSERT INTO `postslikes` (`id`, `user_id`, `post_id`, `likedornot`) VALUES ('33', '74', '59', '1');
INSERT INTO `postslikes` (`id`, `user_id`, `post_id`, `likedornot`) VALUES ('34', '15', '53', '1');
INSERT INTO `postslikes` (`id`, `user_id`, `post_id`, `likedornot`) VALUES ('35', '52', '6', '');
INSERT INTO `postslikes` (`id`, `user_id`, `post_id`, `likedornot`) VALUES ('36', '59', '18', '1');
INSERT INTO `postslikes` (`id`, `user_id`, `post_id`, `likedornot`) VALUES ('37', '33', '37', '1');
INSERT INTO `postslikes` (`id`, `user_id`, `post_id`, `likedornot`) VALUES ('38', '15', '60', '1');
INSERT INTO `postslikes` (`id`, `user_id`, `post_id`, `likedornot`) VALUES ('39', '89', '71', '');
INSERT INTO `postslikes` (`id`, `user_id`, `post_id`, `likedornot`) VALUES ('40', '54', '30', '');
INSERT INTO `postslikes` (`id`, `user_id`, `post_id`, `likedornot`) VALUES ('41', '91', '42', '');
INSERT INTO `postslikes` (`id`, `user_id`, `post_id`, `likedornot`) VALUES ('42', '60', '39', '1');
INSERT INTO `postslikes` (`id`, `user_id`, `post_id`, `likedornot`) VALUES ('43', '18', '41', '1');
INSERT INTO `postslikes` (`id`, `user_id`, `post_id`, `likedornot`) VALUES ('44', '40', '55', '1');
INSERT INTO `postslikes` (`id`, `user_id`, `post_id`, `likedornot`) VALUES ('45', '58', '21', '1');
INSERT INTO `postslikes` (`id`, `user_id`, `post_id`, `likedornot`) VALUES ('46', '20', '53', '');
INSERT INTO `postslikes` (`id`, `user_id`, `post_id`, `likedornot`) VALUES ('47', '76', '66', '1');
INSERT INTO `postslikes` (`id`, `user_id`, `post_id`, `likedornot`) VALUES ('48', '93', '40', '');
INSERT INTO `postslikes` (`id`, `user_id`, `post_id`, `likedornot`) VALUES ('49', '56', '6', '1');
INSERT INTO `postslikes` (`id`, `user_id`, `post_id`, `likedornot`) VALUES ('50', '15', '6', '1');
INSERT INTO `postslikes` (`id`, `user_id`, `post_id`, `likedornot`) VALUES ('51', '14', '59', '1');
INSERT INTO `postslikes` (`id`, `user_id`, `post_id`, `likedornot`) VALUES ('52', '29', '38', '1');
INSERT INTO `postslikes` (`id`, `user_id`, `post_id`, `likedornot`) VALUES ('53', '20', '35', '1');
INSERT INTO `postslikes` (`id`, `user_id`, `post_id`, `likedornot`) VALUES ('54', '21', '6', '');
INSERT INTO `postslikes` (`id`, `user_id`, `post_id`, `likedornot`) VALUES ('55', '33', '60', '1');
INSERT INTO `postslikes` (`id`, `user_id`, `post_id`, `likedornot`) VALUES ('56', '45', '19', '1');
INSERT INTO `postslikes` (`id`, `user_id`, `post_id`, `likedornot`) VALUES ('57', '27', '3', '1');
INSERT INTO `postslikes` (`id`, `user_id`, `post_id`, `likedornot`) VALUES ('58', '72', '36', '1');
INSERT INTO `postslikes` (`id`, `user_id`, `post_id`, `likedornot`) VALUES ('59', '55', '9', '');
INSERT INTO `postslikes` (`id`, `user_id`, `post_id`, `likedornot`) VALUES ('60', '13', '10', '');
INSERT INTO `postslikes` (`id`, `user_id`, `post_id`, `likedornot`) VALUES ('61', '37', '26', '');
INSERT INTO `postslikes` (`id`, `user_id`, `post_id`, `likedornot`) VALUES ('62', '78', '10', '1');
INSERT INTO `postslikes` (`id`, `user_id`, `post_id`, `likedornot`) VALUES ('63', '14', '57', '');
INSERT INTO `postslikes` (`id`, `user_id`, `post_id`, `likedornot`) VALUES ('64', '62', '56', '');
INSERT INTO `postslikes` (`id`, `user_id`, `post_id`, `likedornot`) VALUES ('65', '78', '61', '1');
INSERT INTO `postslikes` (`id`, `user_id`, `post_id`, `likedornot`) VALUES ('66', '77', '74', '1');
INSERT INTO `postslikes` (`id`, `user_id`, `post_id`, `likedornot`) VALUES ('67', '50', '5', '1');
INSERT INTO `postslikes` (`id`, `user_id`, `post_id`, `likedornot`) VALUES ('68', '38', '55', '1');
INSERT INTO `postslikes` (`id`, `user_id`, `post_id`, `likedornot`) VALUES ('69', '49', '47', '');
INSERT INTO `postslikes` (`id`, `user_id`, `post_id`, `likedornot`) VALUES ('70', '76', '65', '');
INSERT INTO `postslikes` (`id`, `user_id`, `post_id`, `likedornot`) VALUES ('71', '33', '17', '');
INSERT INTO `postslikes` (`id`, `user_id`, `post_id`, `likedornot`) VALUES ('72', '4', '48', '1');
INSERT INTO `postslikes` (`id`, `user_id`, `post_id`, `likedornot`) VALUES ('73', '24', '60', '1');
INSERT INTO `postslikes` (`id`, `user_id`, `post_id`, `likedornot`) VALUES ('74', '4', '63', '1');
INSERT INTO `postslikes` (`id`, `user_id`, `post_id`, `likedornot`) VALUES ('75', '86', '13', '1');
INSERT INTO `postslikes` (`id`, `user_id`, `post_id`, `likedornot`) VALUES ('76', '90', '18', '');
INSERT INTO `postslikes` (`id`, `user_id`, `post_id`, `likedornot`) VALUES ('77', '47', '54', '');
INSERT INTO `postslikes` (`id`, `user_id`, `post_id`, `likedornot`) VALUES ('78', '35', '49', '1');
INSERT INTO `postslikes` (`id`, `user_id`, `post_id`, `likedornot`) VALUES ('79', '38', '77', '1');
INSERT INTO `postslikes` (`id`, `user_id`, `post_id`, `likedornot`) VALUES ('80', '30', '13', '1');
INSERT INTO `postslikes` (`id`, `user_id`, `post_id`, `likedornot`) VALUES ('81', '72', '5', '');
INSERT INTO `postslikes` (`id`, `user_id`, `post_id`, `likedornot`) VALUES ('82', '7', '17', '1');
INSERT INTO `postslikes` (`id`, `user_id`, `post_id`, `likedornot`) VALUES ('83', '12', '36', '1');
INSERT INTO `postslikes` (`id`, `user_id`, `post_id`, `likedornot`) VALUES ('84', '90', '48', '');
INSERT INTO `postslikes` (`id`, `user_id`, `post_id`, `likedornot`) VALUES ('85', '3', '53', '1');
INSERT INTO `postslikes` (`id`, `user_id`, `post_id`, `likedornot`) VALUES ('86', '41', '29', '1');
INSERT INTO `postslikes` (`id`, `user_id`, `post_id`, `likedornot`) VALUES ('87', '86', '35', '');
INSERT INTO `postslikes` (`id`, `user_id`, `post_id`, `likedornot`) VALUES ('88', '95', '8', '');
INSERT INTO `postslikes` (`id`, `user_id`, `post_id`, `likedornot`) VALUES ('89', '19', '78', '1');
INSERT INTO `postslikes` (`id`, `user_id`, `post_id`, `likedornot`) VALUES ('90', '87', '4', '');
INSERT INTO `postslikes` (`id`, `user_id`, `post_id`, `likedornot`) VALUES ('91', '13', '61', '1');
INSERT INTO `postslikes` (`id`, `user_id`, `post_id`, `likedornot`) VALUES ('92', '27', '48', '1');
INSERT INTO `postslikes` (`id`, `user_id`, `post_id`, `likedornot`) VALUES ('93', '44', '49', '');
INSERT INTO `postslikes` (`id`, `user_id`, `post_id`, `likedornot`) VALUES ('94', '20', '65', '1');
INSERT INTO `postslikes` (`id`, `user_id`, `post_id`, `likedornot`) VALUES ('95', '57', '40', '');
INSERT INTO `postslikes` (`id`, `user_id`, `post_id`, `likedornot`) VALUES ('96', '97', '22', '1');
INSERT INTO `postslikes` (`id`, `user_id`, `post_id`, `likedornot`) VALUES ('97', '56', '3', '1');
INSERT INTO `postslikes` (`id`, `user_id`, `post_id`, `likedornot`) VALUES ('98', '49', '54', '1');
INSERT INTO `postslikes` (`id`, `user_id`, `post_id`, `likedornot`) VALUES ('99', '48', '31', '');
INSERT INTO `postslikes` (`id`, `user_id`, `post_id`, `likedornot`) VALUES ('100', '27', '41', '');


#
# TABLE STRUCTURE FOR: users
#

DROP TABLE IF EXISTS `users`;

CREATE TABLE `users` (
  `id` bigint(20) unsigned NOT NULL AUTO_INCREMENT,
  `firstname` varchar(50) COLLATE utf8_unicode_ci NOT NULL,
  `lastname` varchar(50) COLLATE utf8_unicode_ci DEFAULT NULL COMMENT ' ',
  `email` varchar(120) COLLATE utf8_unicode_ci DEFAULT NULL,
  `phone` varchar(120) COLLATE utf8_unicode_ci DEFAULT NULL,
  `birthday` date DEFAULT NULL,
  `hometown` varchar(100) COLLATE utf8_unicode_ci DEFAULT NULL,
  `gender` char(1) COLLATE utf8_unicode_ci DEFAULT NULL,
  `photo_id` bigint(20) unsigned DEFAULT NULL,
  `create_at` datetime DEFAULT current_timestamp(),
  `pass` char(40) COLLATE utf8_unicode_ci DEFAULT NULL,
  PRIMARY KEY (`id`),
  UNIQUE KEY `email` (`email`),
  UNIQUE KEY `phone` (`phone`),
  KEY `phone_2` (`phone`),
  KEY `users_firstname_lastname_idx` (`firstname`,`lastname`)
) ENGINE=InnoDB AUTO_INCREMENT=101 DEFAULT CHARSET=utf8 COLLATE=utf8_unicode_ci;

INSERT INTO `users` (`id`, `firstname`, `lastname`, `email`, `phone`, `birthday`, `hometown`, `gender`, `photo_id`, `create_at`, `pass`) VALUES ('1', 'Antonette', 'Parker', 'lebsack.mitchel@example.net', '+96(0)5386828626', '1982-11-30', NULL, NULL, '8', '2014-05-18 10:05:09', '423afb874fa7c4ba11a3cac067f27c0d7873ba89');
INSERT INTO `users` (`id`, `firstname`, `lastname`, `email`, `phone`, `birthday`, `hometown`, `gender`, `photo_id`, `create_at`, `pass`) VALUES ('2', 'Loren', 'Blanda', 'dahlia.sipes@example.com', '1-412-078-0637', '2000-03-20', NULL, NULL, '2', '2002-08-15 19:47:35', '61dd7018d4ee562fc3725d3d8a51f0413a22ed3b');
INSERT INTO `users` (`id`, `firstname`, `lastname`, `email`, `phone`, `birthday`, `hometown`, `gender`, `photo_id`, `create_at`, `pass`) VALUES ('3', 'Jerald', 'Wehner', 'emile67@example.org', '+74(2)2661885950', '1983-05-18', NULL, NULL, '3', '1977-10-14 04:25:15', '8fdab939fac26027f01433d2c516f838120aaf69');
INSERT INTO `users` (`id`, `firstname`, `lastname`, `email`, `phone`, `birthday`, `hometown`, `gender`, `photo_id`, `create_at`, `pass`) VALUES ('4', 'Kameron', 'Klein', 'mabelle.thompson@example.com', '1-339-724-5521x42801', '1976-06-02', NULL, NULL, '8', '2008-07-21 02:16:53', '5fb37b3b23dcb16c6060c056dc7eca6c17b49ef7');
INSERT INTO `users` (`id`, `firstname`, `lastname`, `email`, `phone`, `birthday`, `hometown`, `gender`, `photo_id`, `create_at`, `pass`) VALUES ('5', 'Elinore', 'Cummings', 'deion62@example.org', '+25(9)6687904362', '1971-05-31', NULL, NULL, '7', '1970-10-25 03:59:01', 'e606f3f27631a56e583fefe9a4bdc4b477e1fa13');
INSERT INTO `users` (`id`, `firstname`, `lastname`, `email`, `phone`, `birthday`, `hometown`, `gender`, `photo_id`, `create_at`, `pass`) VALUES ('6', 'Raheem', 'Zboncak', 'simonis.raven@example.org', '1-057-604-7717x34055', '1989-07-31', NULL, NULL, '2', '2004-03-19 09:53:06', 'ddfdbb17983b2191a76e54eeb5a4771b8805139e');
INSERT INTO `users` (`id`, `firstname`, `lastname`, `email`, `phone`, `birthday`, `hometown`, `gender`, `photo_id`, `create_at`, `pass`) VALUES ('7', 'Rosemary', 'Leffler', 'angel.jenkins@example.net', '(049)556-7624x130', '2002-02-22', NULL, NULL, '2', '2018-11-01 11:20:23', '9b8dd06c6106b0f9f326b7f243ed441275758535');
INSERT INTO `users` (`id`, `firstname`, `lastname`, `email`, `phone`, `birthday`, `hometown`, `gender`, `photo_id`, `create_at`, `pass`) VALUES ('8', 'Cleo', 'Herman', 'ethelyn68@example.org', '(181)862-4572x65449', '1981-12-09', NULL, NULL, '1', '2013-04-09 10:59:41', '32586f0ab2578765430011f69880eea8f526de3b');
INSERT INTO `users` (`id`, `firstname`, `lastname`, `email`, `phone`, `birthday`, `hometown`, `gender`, `photo_id`, `create_at`, `pass`) VALUES ('9', 'Jacinthe', 'Kohler', 'ftromp@example.org', '(254)541-7972x127', '2010-10-07', NULL, NULL, '8', '1994-07-30 06:54:49', 'fdde3fb303fb52e2722be3f3868f4a29d489b8ac');
INSERT INTO `users` (`id`, `firstname`, `lastname`, `email`, `phone`, `birthday`, `hometown`, `gender`, `photo_id`, `create_at`, `pass`) VALUES ('10', 'Corbin', 'Parisian', 'uschiller@example.com', '(352)455-7763', '2006-07-21', NULL, NULL, '1', '1976-12-11 14:39:34', 'ecb36096c58e055a64363d7755063f7205e5e138');
INSERT INTO `users` (`id`, `firstname`, `lastname`, `email`, `phone`, `birthday`, `hometown`, `gender`, `photo_id`, `create_at`, `pass`) VALUES ('11', 'Citlalli', 'Konopelski', 'bret74@example.net', '(527)784-4758x1911', '2002-01-15', NULL, NULL, '6', '1983-01-20 11:08:49', '439bc998b2bdd220d9d19b3091257d93490256e5');
INSERT INTO `users` (`id`, `firstname`, `lastname`, `email`, `phone`, `birthday`, `hometown`, `gender`, `photo_id`, `create_at`, `pass`) VALUES ('12', 'Kiana', 'Rath', 'ledner.akeem@example.org', '+14(6)8189963156', '1970-10-24', NULL, NULL, '1', '1983-03-26 15:51:17', '7104b0b03c20b1c1a0fb2f368ed64be5f6de3b2d');
INSERT INTO `users` (`id`, `firstname`, `lastname`, `email`, `phone`, `birthday`, `hometown`, `gender`, `photo_id`, `create_at`, `pass`) VALUES ('13', 'Vicenta', 'Leannon', 'sanford.angelo@example.org', '+20(7)3822689083', '1995-08-13', NULL, NULL, '3', '1978-08-14 06:05:36', '124516b0e4adc2843adc082bd72c03fe35a271dd');
INSERT INTO `users` (`id`, `firstname`, `lastname`, `email`, `phone`, `birthday`, `hometown`, `gender`, `photo_id`, `create_at`, `pass`) VALUES ('14', 'Torey', 'Zemlak', 'renner.rodolfo@example.org', '483-672-0529x17330', '1975-02-14', NULL, NULL, '6', '1992-03-16 18:36:10', '38e8628ded5f11cf6d2461e77ba492dc3f0adae7');
INSERT INTO `users` (`id`, `firstname`, `lastname`, `email`, `phone`, `birthday`, `hometown`, `gender`, `photo_id`, `create_at`, `pass`) VALUES ('15', 'Sylvan', 'Fritsch', 'terence03@example.net', '+55(8)8355264726', '2013-07-15', NULL, NULL, '3', '1975-07-09 11:38:34', '9eb2d4f3de392cda942808005ce60258d3a8828c');
INSERT INTO `users` (`id`, `firstname`, `lastname`, `email`, `phone`, `birthday`, `hometown`, `gender`, `photo_id`, `create_at`, `pass`) VALUES ('16', 'Kayley', 'Schmitt', 'raynor.jeremy@example.com', '04933875663', '1988-02-19', NULL, NULL, '9', '1997-05-03 06:08:45', '4b9909946655bdcde45351ff591bc0d567c8ad43');
INSERT INTO `users` (`id`, `firstname`, `lastname`, `email`, `phone`, `birthday`, `hometown`, `gender`, `photo_id`, `create_at`, `pass`) VALUES ('17', 'Letha', 'Kovacek', 'slynch@example.net', '439-198-8898x002', '2018-03-23', NULL, NULL, '5', '1987-08-22 09:26:29', '07baf4ec1770fd194ec51d21c2e5ce527333f65c');
INSERT INTO `users` (`id`, `firstname`, `lastname`, `email`, `phone`, `birthday`, `hometown`, `gender`, `photo_id`, `create_at`, `pass`) VALUES ('18', 'Gabrielle', 'Sanford', 'vo\'kon@example.com', '1-508-629-8519x38371', '1986-06-28', NULL, NULL, '7', '2003-10-01 05:23:24', '46f8caf652dc4b8d2547c21d6bb0b9e1fa37d107');
INSERT INTO `users` (`id`, `firstname`, `lastname`, `email`, `phone`, `birthday`, `hometown`, `gender`, `photo_id`, `create_at`, `pass`) VALUES ('19', 'Margot', 'Goyette', 'lukas80@example.com', '1-209-408-7855x904', '2017-12-26', NULL, NULL, '5', '1987-02-11 14:50:19', '696790584f5d01ab3959288ae2834842390e1505');
INSERT INTO `users` (`id`, `firstname`, `lastname`, `email`, `phone`, `birthday`, `hometown`, `gender`, `photo_id`, `create_at`, `pass`) VALUES ('20', 'Karolann', 'Jones', 'jessie.wunsch@example.org', '974.579.0670', '2003-01-12', NULL, NULL, '7', '2005-10-23 18:46:40', '17e71f2d99f5475e06fd1adf86411837c3823ca1');
INSERT INTO `users` (`id`, `firstname`, `lastname`, `email`, `phone`, `birthday`, `hometown`, `gender`, `photo_id`, `create_at`, `pass`) VALUES ('21', 'Trudie', 'Nader', 'bode.wellington@example.com', '712.788.5985', '1990-12-06', NULL, NULL, '9', '1991-07-16 05:49:30', '34ca1adb61468a42e4790097eb0832c62a30017d');
INSERT INTO `users` (`id`, `firstname`, `lastname`, `email`, `phone`, `birthday`, `hometown`, `gender`, `photo_id`, `create_at`, `pass`) VALUES ('22', 'Golda', 'Quitzon', 'jeramy.heaney@example.com', '01253309105', '1988-08-28', NULL, NULL, '9', '1971-06-17 22:37:07', '3d242e071b826fe1e8208d244f972d216c0bdad6');
INSERT INTO `users` (`id`, `firstname`, `lastname`, `email`, `phone`, `birthday`, `hometown`, `gender`, `photo_id`, `create_at`, `pass`) VALUES ('23', 'Rylee', 'Kiehn', 'myra20@example.org', '1-790-487-7260x673', '2002-05-11', NULL, NULL, '0', '1985-01-11 11:04:18', '6d14b5487f64774d299e5ee0274d18c1e736814d');
INSERT INTO `users` (`id`, `firstname`, `lastname`, `email`, `phone`, `birthday`, `hometown`, `gender`, `photo_id`, `create_at`, `pass`) VALUES ('24', 'Vernice', 'Franecki', 'abruen@example.net', '292-685-3423', '2008-07-26', NULL, NULL, '0', '1982-04-01 08:51:51', '199d1212ce32bb62ce6d8b8f3ab4b3297a7622ee');
INSERT INTO `users` (`id`, `firstname`, `lastname`, `email`, `phone`, `birthday`, `hometown`, `gender`, `photo_id`, `create_at`, `pass`) VALUES ('25', 'Myriam', 'Fritsch', 'gunner.casper@example.com', '(502)658-8188x3749', '1992-03-11', NULL, NULL, '8', '1972-03-25 21:41:12', '1aced657e2178d79b3533cbb29660817b76fd334');
INSERT INTO `users` (`id`, `firstname`, `lastname`, `email`, `phone`, `birthday`, `hometown`, `gender`, `photo_id`, `create_at`, `pass`) VALUES ('26', 'Verda', 'Dibbert', 'harvey.kenya@example.net', '098.846.3722x63753', '2009-01-18', NULL, NULL, '1', '2011-11-14 20:28:56', '293b3ae725a8e4dadc9d397c7e08604da2ec1000');
INSERT INTO `users` (`id`, `firstname`, `lastname`, `email`, `phone`, `birthday`, `hometown`, `gender`, `photo_id`, `create_at`, `pass`) VALUES ('27', 'Michele', 'Tromp', 'cierra67@example.org', '(496)817-4990x60366', '2005-12-28', NULL, NULL, '2', '2001-10-27 12:58:26', '0727462a2a6c0aec809fc61c58b6d5770129e3d8');
INSERT INTO `users` (`id`, `firstname`, `lastname`, `email`, `phone`, `birthday`, `hometown`, `gender`, `photo_id`, `create_at`, `pass`) VALUES ('28', 'Beulah', 'Cummings', 'grayce.funk@example.com', '534-966-5401', '2010-04-12', NULL, NULL, '8', '2008-12-09 19:36:21', '47bcad9fd2080fe3627b8f024d755ae3d99744e4');
INSERT INTO `users` (`id`, `firstname`, `lastname`, `email`, `phone`, `birthday`, `hometown`, `gender`, `photo_id`, `create_at`, `pass`) VALUES ('29', 'Aidan', 'Graham', 'elinor.schuster@example.com', '790-535-6151x144', '2016-08-12', NULL, NULL, '1', '2008-11-15 11:46:18', '2bc85f7a6d7b754fc47464850380dff150176e6c');
INSERT INTO `users` (`id`, `firstname`, `lastname`, `email`, `phone`, `birthday`, `hometown`, `gender`, `photo_id`, `create_at`, `pass`) VALUES ('30', 'Grady', 'Mohr', 'nbogisich@example.com', '1-726-278-5111x242', '1991-12-06', NULL, NULL, '5', '1998-07-03 20:08:29', '13a746d5fcd7a646c0f7e50828f2e7f870c79762');
INSERT INTO `users` (`id`, `firstname`, `lastname`, `email`, `phone`, `birthday`, `hometown`, `gender`, `photo_id`, `create_at`, `pass`) VALUES ('31', 'Cleo', 'Stanton', 'mdavis@example.org', '(052)393-5998', '1987-06-09', NULL, NULL, '3', '2007-06-06 04:23:18', 'fe692293be70c8922585cdf105262acb32473b0c');
INSERT INTO `users` (`id`, `firstname`, `lastname`, `email`, `phone`, `birthday`, `hometown`, `gender`, `photo_id`, `create_at`, `pass`) VALUES ('32', 'Leonie', 'Koelpin', 'qwiegand@example.org', '(392)693-4286', '1977-07-01', NULL, NULL, '7', '1987-03-01 12:42:31', '8fbb9569e5dcd6cd2d1a5f96231e4ca966f20dde');
INSERT INTO `users` (`id`, `firstname`, `lastname`, `email`, `phone`, `birthday`, `hometown`, `gender`, `photo_id`, `create_at`, `pass`) VALUES ('33', 'Sherwood', 'Pollich', 'anne58@example.net', '683-458-5026x7586', '1987-10-20', NULL, NULL, '8', '1977-07-31 01:39:43', '9c29aaf7978eb64e8e568f8720569f61670d1abc');
INSERT INTO `users` (`id`, `firstname`, `lastname`, `email`, `phone`, `birthday`, `hometown`, `gender`, `photo_id`, `create_at`, `pass`) VALUES ('34', 'Burley', 'Lowe', 'pagac.danyka@example.org', '816.419.4562x12621', '1993-10-20', NULL, NULL, '5', '1993-07-25 18:16:42', 'c4a7d18d4cf91760e38b4139f94ebfb4a34cb295');
INSERT INTO `users` (`id`, `firstname`, `lastname`, `email`, `phone`, `birthday`, `hometown`, `gender`, `photo_id`, `create_at`, `pass`) VALUES ('35', 'Elza', 'Beatty', 'bednar.carmela@example.net', '224.839.4632x96148', '2008-10-01', NULL, NULL, '3', '2006-09-30 17:40:00', 'a0c643cdd5946ba77f0f1dca39b0562b6cf41996');
INSERT INTO `users` (`id`, `firstname`, `lastname`, `email`, `phone`, `birthday`, `hometown`, `gender`, `photo_id`, `create_at`, `pass`) VALUES ('36', 'Nigel', 'Kub', 'schiller.maeve@example.org', '087.136.3237', '1983-04-08', NULL, NULL, '3', '2018-03-20 21:28:35', '2dc52fc0cea265acfa6287e822b13ee796dd7839');
INSERT INTO `users` (`id`, `firstname`, `lastname`, `email`, `phone`, `birthday`, `hometown`, `gender`, `photo_id`, `create_at`, `pass`) VALUES ('37', 'Osvaldo', 'Krajcik', 'jacobi.mozelle@example.com', '(722)480-0923', '1975-05-02', NULL, NULL, '8', '1986-09-01 08:04:57', '8d2dfdc12798c21a892c1fb4368d9fe1bcba5e3d');
INSERT INTO `users` (`id`, `firstname`, `lastname`, `email`, `phone`, `birthday`, `hometown`, `gender`, `photo_id`, `create_at`, `pass`) VALUES ('38', 'Henri', 'Satterfield', 'khalil.mraz@example.net', '(891)001-0220x60955', '1980-10-24', NULL, NULL, '8', '1988-02-06 23:02:48', '602707797eb0a8e44fac59cd96341bd124b489a4');
INSERT INTO `users` (`id`, `firstname`, `lastname`, `email`, `phone`, `birthday`, `hometown`, `gender`, `photo_id`, `create_at`, `pass`) VALUES ('39', 'Britney', 'Denesik', 'alexane.mclaughlin@example.org', '(652)271-3641', '1973-11-26', NULL, NULL, '0', '1982-12-17 04:33:04', '2f10f1a08d43aacb7210721231b7145ad818aa05');
INSERT INTO `users` (`id`, `firstname`, `lastname`, `email`, `phone`, `birthday`, `hometown`, `gender`, `photo_id`, `create_at`, `pass`) VALUES ('40', 'Fannie', 'Wuckert', 'lsawayn@example.org', '878.588.4810', '1974-02-21', NULL, NULL, '3', '1998-03-25 04:52:49', '536a58c396ff76abf3cb6c2a34cb95d251fcc126');
INSERT INTO `users` (`id`, `firstname`, `lastname`, `email`, `phone`, `birthday`, `hometown`, `gender`, `photo_id`, `create_at`, `pass`) VALUES ('41', 'Dillan', 'Sanford', 'rfahey@example.net', '02069917326', '1997-10-14', NULL, NULL, '0', '1988-05-09 02:09:41', '85bc37099e765794f09e4a631fd0729493d82aed');
INSERT INTO `users` (`id`, `firstname`, `lastname`, `email`, `phone`, `birthday`, `hometown`, `gender`, `photo_id`, `create_at`, `pass`) VALUES ('42', 'Nikki', 'Schuppe', 'kwalsh@example.com', '1-772-214-3052x9050', '1982-04-25', NULL, NULL, '9', '1993-01-05 14:55:16', '140fa69708887bba7b9fef10d7b18dc1d6259d7f');
INSERT INTO `users` (`id`, `firstname`, `lastname`, `email`, `phone`, `birthday`, `hometown`, `gender`, `photo_id`, `create_at`, `pass`) VALUES ('43', 'Horace', 'Jacobson', 'magnolia06@example.net', '531-845-9125', '1979-09-12', NULL, NULL, '3', '1997-01-01 00:19:06', '404d6ee78ea9d0c7761ea6865590449c97e97494');
INSERT INTO `users` (`id`, `firstname`, `lastname`, `email`, `phone`, `birthday`, `hometown`, `gender`, `photo_id`, `create_at`, `pass`) VALUES ('44', 'Haylie', 'Denesik', 'cjohnson@example.org', '+38(7)9140511763', '1971-07-23', NULL, NULL, '9', '1994-11-09 03:05:57', '5af8077d5dd25a17a52276231759e88c305119ce');
INSERT INTO `users` (`id`, `firstname`, `lastname`, `email`, `phone`, `birthday`, `hometown`, `gender`, `photo_id`, `create_at`, `pass`) VALUES ('45', 'Odell', 'Grimes', 'megane26@example.net', '1-813-810-7904', '1984-11-21', NULL, NULL, '2', '1988-11-16 07:30:39', 'd55ae9e7669d8bbd9907cc27cac9df69d44a1e66');
INSERT INTO `users` (`id`, `firstname`, `lastname`, `email`, `phone`, `birthday`, `hometown`, `gender`, `photo_id`, `create_at`, `pass`) VALUES ('46', 'Ofelia', 'Keebler', 'hilpert.salvatore@example.org', '1-928-875-0434x956', '2002-06-17', NULL, NULL, '9', '2004-03-13 13:54:00', '10d45a53237691aa636bb26a8ad54fbe09455289');
INSERT INTO `users` (`id`, `firstname`, `lastname`, `email`, `phone`, `birthday`, `hometown`, `gender`, `photo_id`, `create_at`, `pass`) VALUES ('47', 'Fatima', 'Jakubowski', 'cwelch@example.com', '165.415.4289', '1997-12-07', NULL, NULL, '8', '1970-09-18 00:59:54', 'd69382db1f3fdd952db026e11969f6f57a14fa4e');
INSERT INTO `users` (`id`, `firstname`, `lastname`, `email`, `phone`, `birthday`, `hometown`, `gender`, `photo_id`, `create_at`, `pass`) VALUES ('48', 'Marilie', 'Reinger', 'ganderson@example.net', '+28(8)5281077266', '1991-08-01', NULL, NULL, '6', '1973-04-13 03:48:53', '434994564139f338b08e7fb77ad607797b19851b');
INSERT INTO `users` (`id`, `firstname`, `lastname`, `email`, `phone`, `birthday`, `hometown`, `gender`, `photo_id`, `create_at`, `pass`) VALUES ('49', 'Noemie', 'Crooks', 'amy32@example.org', '+02(3)0198358386', '2005-11-01', NULL, NULL, '9', '2004-11-16 06:30:53', 'fa6278f92ec4b70393ae21ab079c9ff1443245d8');
INSERT INTO `users` (`id`, `firstname`, `lastname`, `email`, `phone`, `birthday`, `hometown`, `gender`, `photo_id`, `create_at`, `pass`) VALUES ('50', 'Bobby', 'Durgan', 'mina11@example.com', '+39(8)6651608052', '1970-10-25', NULL, NULL, '9', '1983-09-20 03:26:23', '6f4eb5b37a82ce49b9d73e4680fbfd60b47fb1fd');
INSERT INTO `users` (`id`, `firstname`, `lastname`, `email`, `phone`, `birthday`, `hometown`, `gender`, `photo_id`, `create_at`, `pass`) VALUES ('51', 'Rudolph', 'Dickinson', 'skiles.ana@example.org', '664-723-3540', '2000-04-07', NULL, NULL, '9', '1985-11-25 02:55:50', '3d2b1b0d85794c99ee6893fd5f9a4ac3e963f582');
INSERT INTO `users` (`id`, `firstname`, `lastname`, `email`, `phone`, `birthday`, `hometown`, `gender`, `photo_id`, `create_at`, `pass`) VALUES ('52', 'Lizzie', 'Dicki', 'charity43@example.com', '(451)525-4533x457', '1972-08-06', NULL, NULL, '5', '1980-10-07 02:38:16', 'c5d8b27cbaee03d270bd96ea95a4f0331bddbaa7');
INSERT INTO `users` (`id`, `firstname`, `lastname`, `email`, `phone`, `birthday`, `hometown`, `gender`, `photo_id`, `create_at`, `pass`) VALUES ('53', 'Augustus', 'Little', 'wsatterfield@example.com', '(817)145-4920x0278', '1978-04-17', NULL, NULL, '1', '1974-12-10 07:08:46', '747eb5061503cb6b22e4a0ec02dbcf0b8cdbf6ed');
INSERT INTO `users` (`id`, `firstname`, `lastname`, `email`, `phone`, `birthday`, `hometown`, `gender`, `photo_id`, `create_at`, `pass`) VALUES ('54', 'Braxton', 'Toy', 'klockman@example.com', '445.459.8611x666', '1975-03-04', NULL, NULL, '5', '2013-09-01 20:52:00', '2f74e202f9a3a1def690f5ce2f207e9156d15f28');
INSERT INTO `users` (`id`, `firstname`, `lastname`, `email`, `phone`, `birthday`, `hometown`, `gender`, `photo_id`, `create_at`, `pass`) VALUES ('55', 'Andy', 'Gerhold', 'amber.gulgowski@example.com', '245-517-8728x88152', '2005-02-11', NULL, NULL, '5', '2005-05-31 19:30:58', '9ee025b36cf7156e47d6434ec090db7b52709905');
INSERT INTO `users` (`id`, `firstname`, `lastname`, `email`, `phone`, `birthday`, `hometown`, `gender`, `photo_id`, `create_at`, `pass`) VALUES ('56', 'Novella', 'Schaden', 'dhaag@example.com', '(156)741-6923x5972', '1971-05-27', NULL, NULL, '6', '2007-08-29 18:40:07', 'da37ec1baad5875bb8362a8006ddb1abc0352d3e');
INSERT INTO `users` (`id`, `firstname`, `lastname`, `email`, `phone`, `birthday`, `hometown`, `gender`, `photo_id`, `create_at`, `pass`) VALUES ('57', 'Esther', 'Donnelly', 'vwintheiser@example.net', '1-813-580-8928x52879', '1998-09-21', NULL, NULL, '1', '2003-10-02 08:19:26', 'c57ba8520410dbbc01731889e91f578eb84e9a58');
INSERT INTO `users` (`id`, `firstname`, `lastname`, `email`, `phone`, `birthday`, `hometown`, `gender`, `photo_id`, `create_at`, `pass`) VALUES ('58', 'Melyssa', 'Murphy', 'bhayes@example.org', '1-119-283-0859', '2009-02-09', NULL, NULL, '4', '1980-12-12 13:45:59', '2afb559ddc572fa23c6c7d88b1530d32974a0862');
INSERT INTO `users` (`id`, `firstname`, `lastname`, `email`, `phone`, `birthday`, `hometown`, `gender`, `photo_id`, `create_at`, `pass`) VALUES ('59', 'Elda', 'Jerde', 'khoeger@example.com', '1-430-529-4987', '1971-06-13', NULL, NULL, '0', '2007-12-29 01:11:13', '8a27c4a23c2981ed3494992e17b3486efd552d84');
INSERT INTO `users` (`id`, `firstname`, `lastname`, `email`, `phone`, `birthday`, `hometown`, `gender`, `photo_id`, `create_at`, `pass`) VALUES ('60', 'Burley', 'Reichert', 'pasquale80@example.org', '486-477-0012x126', '1980-12-17', NULL, NULL, '3', '2004-01-24 01:34:20', 'db921e43fa43f64f1252fecc767389cce295aef8');
INSERT INTO `users` (`id`, `firstname`, `lastname`, `email`, `phone`, `birthday`, `hometown`, `gender`, `photo_id`, `create_at`, `pass`) VALUES ('61', 'Fredy', 'Wuckert', 'braeden.bruen@example.com', '969-526-5013', '1984-08-28', NULL, NULL, '9', '1994-07-26 02:38:52', '8dcd2a3ea7bd75f33a6f32c1eec02c4b6ffa07df');
INSERT INTO `users` (`id`, `firstname`, `lastname`, `email`, `phone`, `birthday`, `hometown`, `gender`, `photo_id`, `create_at`, `pass`) VALUES ('62', 'Alessia', 'Kovacek', 'dveum@example.com', '(336)359-6864', '1974-03-08', NULL, NULL, '8', '2003-12-03 18:42:08', '7a585ca97855858a0bacba072f07058f577158dd');
INSERT INTO `users` (`id`, `firstname`, `lastname`, `email`, `phone`, `birthday`, `hometown`, `gender`, `photo_id`, `create_at`, `pass`) VALUES ('63', 'Napoleon', 'Ebert', 'stanton54@example.org', '571-586-0334x054', '1981-07-02', NULL, NULL, '0', '2007-09-06 01:59:08', '295cbbc02975600e25d449aea5848ac5a93b1dfd');
INSERT INTO `users` (`id`, `firstname`, `lastname`, `email`, `phone`, `birthday`, `hometown`, `gender`, `photo_id`, `create_at`, `pass`) VALUES ('64', 'Lorenzo', 'McDermott', 'gfeil@example.com', '09356298985', '1978-08-24', NULL, NULL, '8', '2010-03-22 12:09:31', '38d661ddb0f913226f2cef247befc76b1f0d4f99');
INSERT INTO `users` (`id`, `firstname`, `lastname`, `email`, `phone`, `birthday`, `hometown`, `gender`, `photo_id`, `create_at`, `pass`) VALUES ('65', 'Savanna', 'Hermann', 'joaquin.bednar@example.net', '(354)692-5741', '1977-11-10', NULL, NULL, '3', '1970-05-07 19:55:37', 'dec8821eefae84cc14709b8a736d8f95d3c83ace');
INSERT INTO `users` (`id`, `firstname`, `lastname`, `email`, `phone`, `birthday`, `hometown`, `gender`, `photo_id`, `create_at`, `pass`) VALUES ('66', 'Max', 'Weber', 'gideon.hodkiewicz@example.net', '06943139982', '2014-04-02', NULL, NULL, '9', '1971-08-09 15:25:31', '77369d65f5d95f85d7be68be4a3e482344b512e3');
INSERT INTO `users` (`id`, `firstname`, `lastname`, `email`, `phone`, `birthday`, `hometown`, `gender`, `photo_id`, `create_at`, `pass`) VALUES ('67', 'Sylvia', 'Schaden', 'macejkovic.leland@example.com', '08118494305', '1999-02-26', NULL, NULL, '6', '2017-04-23 15:53:45', 'aecec921eb1cba6ef274564cae6630d338ee1c51');
INSERT INTO `users` (`id`, `firstname`, `lastname`, `email`, `phone`, `birthday`, `hometown`, `gender`, `photo_id`, `create_at`, `pass`) VALUES ('68', 'Corbin', 'Schmeler', 'nader.alverta@example.org', '05458628412', '1991-09-11', NULL, NULL, '5', '2019-08-21 04:30:58', '539a37e45482106778be76924229eae3592df768');
INSERT INTO `users` (`id`, `firstname`, `lastname`, `email`, `phone`, `birthday`, `hometown`, `gender`, `photo_id`, `create_at`, `pass`) VALUES ('69', 'Lera', 'Renner', 'wbrown@example.com', '441-983-1418x1329', '1989-04-01', NULL, NULL, '6', '2010-03-04 11:58:10', '149649c3167833b0943046dc0420975d664f95e6');
INSERT INTO `users` (`id`, `firstname`, `lastname`, `email`, `phone`, `birthday`, `hometown`, `gender`, `photo_id`, `create_at`, `pass`) VALUES ('70', 'Alda', 'Smitham', 'easter09@example.com', '+05(6)8676760031', '1999-07-26', NULL, NULL, '5', '1972-05-19 23:04:53', '1218abc82a0b1b07ed5861e7c9dafe2f4573ffb1');
INSERT INTO `users` (`id`, `firstname`, `lastname`, `email`, `phone`, `birthday`, `hometown`, `gender`, `photo_id`, `create_at`, `pass`) VALUES ('71', 'Kendra', 'Cassin', 'wilkinson.yvonne@example.net', '(878)490-0671', '1984-12-31', NULL, NULL, '4', '2008-08-07 18:05:04', '8aa622e62c21dac3450f54023e8055bb9c45d211');
INSERT INTO `users` (`id`, `firstname`, `lastname`, `email`, `phone`, `birthday`, `hometown`, `gender`, `photo_id`, `create_at`, `pass`) VALUES ('72', 'Thelma', 'Schumm', 'flavio07@example.net', '1-238-975-7823x9618', '1996-12-08', NULL, NULL, '9', '1986-10-20 06:13:57', '362461e42182bf40cb5c588e6bdc6ed2a6f0158d');
INSERT INTO `users` (`id`, `firstname`, `lastname`, `email`, `phone`, `birthday`, `hometown`, `gender`, `photo_id`, `create_at`, `pass`) VALUES ('73', 'Alexys', 'Little', 'xrutherford@example.org', '02081955502', '2010-09-05', NULL, NULL, '6', '1979-02-01 10:24:43', '50214511e2d1b3228942307ec43e7481d4d18401');
INSERT INTO `users` (`id`, `firstname`, `lastname`, `email`, `phone`, `birthday`, `hometown`, `gender`, `photo_id`, `create_at`, `pass`) VALUES ('74', 'Lyric', 'Balistreri', 'meredith.reilly@example.com', '386.339.4836', '1988-12-30', NULL, NULL, '2', '2011-03-20 09:03:14', 'db908bf028b10555c93382b7ad94e35dc914b697');
INSERT INTO `users` (`id`, `firstname`, `lastname`, `email`, `phone`, `birthday`, `hometown`, `gender`, `photo_id`, `create_at`, `pass`) VALUES ('75', 'Misty', 'Mraz', 'amccullough@example.net', '+76(5)5260674505', '1976-09-03', NULL, NULL, '3', '1989-12-06 14:18:47', 'c56e2c8299909b877b42fe2ef778f87b3fc490cb');
INSERT INTO `users` (`id`, `firstname`, `lastname`, `email`, `phone`, `birthday`, `hometown`, `gender`, `photo_id`, `create_at`, `pass`) VALUES ('76', 'Landen', 'Hand', 'alvera.huels@example.org', '120.325.8404x329', '2009-04-13', NULL, NULL, '5', '2000-01-31 17:43:43', 'eb3a968ca95603e0a2019cf589d90e94b2311b14');
INSERT INTO `users` (`id`, `firstname`, `lastname`, `email`, `phone`, `birthday`, `hometown`, `gender`, `photo_id`, `create_at`, `pass`) VALUES ('77', 'Adele', 'Lesch', 'oleta92@example.org', '341-520-9590x62947', '2010-08-14', NULL, NULL, '2', '1983-10-17 15:54:32', '942a010ff40cb53bc255a41c7bfc8d0aba714adb');
INSERT INTO `users` (`id`, `firstname`, `lastname`, `email`, `phone`, `birthday`, `hometown`, `gender`, `photo_id`, `create_at`, `pass`) VALUES ('78', 'Cordie', 'Bayer', 'arthur85@example.net', '(746)752-8890', '1994-05-02', NULL, NULL, '1', '2010-10-29 08:52:22', 'f83e9879cf6f26abab0d0a5476f2a56c9dc37db5');
INSERT INTO `users` (`id`, `firstname`, `lastname`, `email`, `phone`, `birthday`, `hometown`, `gender`, `photo_id`, `create_at`, `pass`) VALUES ('79', 'Bryon', 'Boyer', 'estel.prohaska@example.org', '(953)830-7410x31366', '2019-11-26', NULL, NULL, '1', '2000-12-29 06:34:15', '3c7b70258669472f46e571ef1194711a4e083666');
INSERT INTO `users` (`id`, `firstname`, `lastname`, `email`, `phone`, `birthday`, `hometown`, `gender`, `photo_id`, `create_at`, `pass`) VALUES ('80', 'Soledad', 'Gibson', 'ressie13@example.net', '457-574-7673x50400', '2017-11-07', NULL, NULL, '2', '1995-01-14 05:37:06', '7916019e75daf3c2700bf42d32b39fc526154376');
INSERT INTO `users` (`id`, `firstname`, `lastname`, `email`, `phone`, `birthday`, `hometown`, `gender`, `photo_id`, `create_at`, `pass`) VALUES ('81', 'Waldo', 'Olson', 'lehner.carmela@example.org', '00579031731', '2005-03-15', NULL, NULL, '1', '1988-06-10 10:51:22', 'b7c846dbf1cb4dbf26ca293940c9efcde86f178b');
INSERT INTO `users` (`id`, `firstname`, `lastname`, `email`, `phone`, `birthday`, `hometown`, `gender`, `photo_id`, `create_at`, `pass`) VALUES ('82', 'Aubrey', 'Rippin', 'hollie.walker@example.org', '(824)427-2507', '1979-07-31', NULL, NULL, '8', '2012-09-22 01:27:27', '51c60098411f173be9c3b33539237dfd49b230b5');
INSERT INTO `users` (`id`, `firstname`, `lastname`, `email`, `phone`, `birthday`, `hometown`, `gender`, `photo_id`, `create_at`, `pass`) VALUES ('83', 'Lillie', 'Feeney', 'kuvalis.mariam@example.com', '09980898951', '1970-08-03', NULL, NULL, '4', '1971-12-26 12:22:46', '902ce1f565a8c56ee41e2e5595b98592b3f8bc17');
INSERT INTO `users` (`id`, `firstname`, `lastname`, `email`, `phone`, `birthday`, `hometown`, `gender`, `photo_id`, `create_at`, `pass`) VALUES ('84', 'Domenica', 'Barrows', 'jerrold.swift@example.com', '(665)923-1777', '1978-06-29', NULL, NULL, '4', '2005-12-20 07:14:05', '99d2ebea3648adb16d3dc03662547a2941523591');
INSERT INTO `users` (`id`, `firstname`, `lastname`, `email`, `phone`, `birthday`, `hometown`, `gender`, `photo_id`, `create_at`, `pass`) VALUES ('85', 'Caitlyn', 'Bernier', 'deshaun13@example.org', '(777)046-0731', '1976-01-20', NULL, NULL, '0', '2010-08-09 14:13:05', '3a770f9e8e0b68761f097675c77de9f23760ce18');
INSERT INTO `users` (`id`, `firstname`, `lastname`, `email`, `phone`, `birthday`, `hometown`, `gender`, `photo_id`, `create_at`, `pass`) VALUES ('86', 'Fae', 'Bins', 'heather.wolf@example.com', '960.039.3132', '2016-05-12', NULL, NULL, '9', '2007-02-07 03:41:27', '08e819820bcbae1654f0a2f3c8b26be70ecd0b9c');
INSERT INTO `users` (`id`, `firstname`, `lastname`, `email`, `phone`, `birthday`, `hometown`, `gender`, `photo_id`, `create_at`, `pass`) VALUES ('87', 'Mateo', 'Kreiger', 'wilford27@example.net', '(175)887-1530', '2019-05-05', NULL, NULL, '2', '1994-12-12 05:15:44', '9f6e998d37a4e4b43bcecc947419216c4d85be97');
INSERT INTO `users` (`id`, `firstname`, `lastname`, `email`, `phone`, `birthday`, `hometown`, `gender`, `photo_id`, `create_at`, `pass`) VALUES ('88', 'Alexis', 'Wintheiser', 'grice@example.com', '1-302-857-2193x364', '1972-05-10', NULL, NULL, '2', '1986-06-12 23:57:00', 'c7effb43bc344e856d0034fa931a70861d020d71');
INSERT INTO `users` (`id`, `firstname`, `lastname`, `email`, `phone`, `birthday`, `hometown`, `gender`, `photo_id`, `create_at`, `pass`) VALUES ('89', 'Jettie', 'Jaskolski', 'treutel.angelica@example.net', '388-672-9788', '1996-09-05', NULL, NULL, '4', '2002-01-18 06:19:21', 'bbdcad9854daf3e9a09bdeb14879fb4eeb63519b');
INSERT INTO `users` (`id`, `firstname`, `lastname`, `email`, `phone`, `birthday`, `hometown`, `gender`, `photo_id`, `create_at`, `pass`) VALUES ('90', 'Dolores', 'Gaylord', 'jdoyle@example.org', '(516)564-0819x963', '1972-07-21', NULL, NULL, '5', '1984-04-18 16:25:55', '8a3f9015a7aef040e3d82a1c08d64178671cff01');
INSERT INTO `users` (`id`, `firstname`, `lastname`, `email`, `phone`, `birthday`, `hometown`, `gender`, `photo_id`, `create_at`, `pass`) VALUES ('91', 'Lera', 'Gleason', 'humberto32@example.org', '(413)752-4450x26176', '2010-05-02', NULL, NULL, '4', '2017-04-06 11:03:21', '4c538a721bb87a0a3b40af5461f5f455ed919c1c');
INSERT INTO `users` (`id`, `firstname`, `lastname`, `email`, `phone`, `birthday`, `hometown`, `gender`, `photo_id`, `create_at`, `pass`) VALUES ('92', 'Beverly', 'Mueller', 'kris.angie@example.org', '1-875-033-0838', '1987-08-19', NULL, NULL, '0', '1994-06-24 14:36:02', '500a6a0b8019f4584a5cfaf815a27d66b79de0d3');
INSERT INTO `users` (`id`, `firstname`, `lastname`, `email`, `phone`, `birthday`, `hometown`, `gender`, `photo_id`, `create_at`, `pass`) VALUES ('93', 'Shania', 'Dickinson', 'genevieve.weissnat@example.org', '922-497-2124x14814', '1987-12-25', NULL, NULL, '2', '1970-06-19 18:33:27', '85a163048e752b4e108d614f8253aab804a53078');
INSERT INTO `users` (`id`, `firstname`, `lastname`, `email`, `phone`, `birthday`, `hometown`, `gender`, `photo_id`, `create_at`, `pass`) VALUES ('94', 'Otis', 'Oberbrunner', 'stark.ethan@example.com', '02846742163', '1995-01-15', NULL, NULL, '5', '2013-06-27 22:13:02', 'ab01fa4980c37d8b0d4f395ce98627d004950225');
INSERT INTO `users` (`id`, `firstname`, `lastname`, `email`, `phone`, `birthday`, `hometown`, `gender`, `photo_id`, `create_at`, `pass`) VALUES ('95', 'Teagan', 'Klein', 'wolff.deja@example.net', '00476049184', '2003-02-16', NULL, NULL, '9', '1996-06-17 08:53:25', '396c10cc6919a5cc700b7351edc5265f170f90ff');
INSERT INTO `users` (`id`, `firstname`, `lastname`, `email`, `phone`, `birthday`, `hometown`, `gender`, `photo_id`, `create_at`, `pass`) VALUES ('96', 'Zane', 'Johnson', 'nikolaus.santino@example.com', '1-712-589-9042x880', '2000-03-02', NULL, NULL, '2', '1995-09-27 01:54:42', 'd253478da8b975f48e8415dccec8b008181ebcfb');
INSERT INTO `users` (`id`, `firstname`, `lastname`, `email`, `phone`, `birthday`, `hometown`, `gender`, `photo_id`, `create_at`, `pass`) VALUES ('97', 'Eloy', 'Hirthe', 'delbert.corkery@example.org', '628.355.4565x0088', '1974-09-18', NULL, NULL, '2', '2015-04-10 00:07:17', '7a3ad76032d8c53f7018762882d46e1d38553b45');
INSERT INTO `users` (`id`, `firstname`, `lastname`, `email`, `phone`, `birthday`, `hometown`, `gender`, `photo_id`, `create_at`, `pass`) VALUES ('98', 'Colton', 'Bechtelar', 'oral86@example.net', '+16(0)8128475108', '1991-03-25', NULL, NULL, '2', '2002-04-24 14:45:59', '0b254ba4fca45e7fdba45c3394bbe3c4e7c5a279');
INSERT INTO `users` (`id`, `firstname`, `lastname`, `email`, `phone`, `birthday`, `hometown`, `gender`, `photo_id`, `create_at`, `pass`) VALUES ('99', 'Rhoda', 'Harris', 'goyette.jolie@example.net', '1-227-488-8991', '2005-02-28', NULL, NULL, '0', '2004-07-07 04:34:13', '61a27896e7dd3aef60ef480504262de00d74da08');
INSERT INTO `users` (`id`, `firstname`, `lastname`, `email`, `phone`, `birthday`, `hometown`, `gender`, `photo_id`, `create_at`, `pass`) VALUES ('100', 'Parker', 'Hayes', 'lherman@example.net', '098.062.5113x0045', '1977-12-04', NULL, NULL, '3', '1978-07-27 22:20:57', 'e7ab8ed036f759de76b5c9161061404fb713140d');


#
# TABLE STRUCTURE FOR: users_communities
#

DROP TABLE IF EXISTS `users_communities`;

CREATE TABLE `users_communities` (
  `user_id` bigint(20) unsigned NOT NULL,
  `community_id` bigint(20) unsigned NOT NULL,
  PRIMARY KEY (`user_id`,`community_id`),
  KEY `community_id` (`community_id`),
  CONSTRAINT `users_communities_ibfk_1` FOREIGN KEY (`user_id`) REFERENCES `users` (`id`),
  CONSTRAINT `users_communities_ibfk_2` FOREIGN KEY (`community_id`) REFERENCES `communities` (`id`)
) ENGINE=InnoDB DEFAULT CHARSET=utf8 COLLATE=utf8_unicode_ci;

INSERT INTO `users_communities` (`user_id`, `community_id`) VALUES ('1', '30');
INSERT INTO `users_communities` (`user_id`, `community_id`) VALUES ('3', '30');
INSERT INTO `users_communities` (`user_id`, `community_id`) VALUES ('4', '5');
INSERT INTO `users_communities` (`user_id`, `community_id`) VALUES ('5', '19');
INSERT INTO `users_communities` (`user_id`, `community_id`) VALUES ('6', '11');
INSERT INTO `users_communities` (`user_id`, `community_id`) VALUES ('6', '21');
INSERT INTO `users_communities` (`user_id`, `community_id`) VALUES ('8', '8');
INSERT INTO `users_communities` (`user_id`, `community_id`) VALUES ('8', '27');
INSERT INTO `users_communities` (`user_id`, `community_id`) VALUES ('10', '12');
INSERT INTO `users_communities` (`user_id`, `community_id`) VALUES ('12', '6');
INSERT INTO `users_communities` (`user_id`, `community_id`) VALUES ('12', '25');
INSERT INTO `users_communities` (`user_id`, `community_id`) VALUES ('13', '8');
INSERT INTO `users_communities` (`user_id`, `community_id`) VALUES ('13', '19');
INSERT INTO `users_communities` (`user_id`, `community_id`) VALUES ('13', '29');
INSERT INTO `users_communities` (`user_id`, `community_id`) VALUES ('14', '19');
INSERT INTO `users_communities` (`user_id`, `community_id`) VALUES ('14', '27');
INSERT INTO `users_communities` (`user_id`, `community_id`) VALUES ('15', '25');
INSERT INTO `users_communities` (`user_id`, `community_id`) VALUES ('17', '3');
INSERT INTO `users_communities` (`user_id`, `community_id`) VALUES ('17', '18');
INSERT INTO `users_communities` (`user_id`, `community_id`) VALUES ('17', '30');
INSERT INTO `users_communities` (`user_id`, `community_id`) VALUES ('19', '16');
INSERT INTO `users_communities` (`user_id`, `community_id`) VALUES ('21', '4');
INSERT INTO `users_communities` (`user_id`, `community_id`) VALUES ('21', '30');
INSERT INTO `users_communities` (`user_id`, `community_id`) VALUES ('23', '10');
INSERT INTO `users_communities` (`user_id`, `community_id`) VALUES ('24', '26');
INSERT INTO `users_communities` (`user_id`, `community_id`) VALUES ('25', '2');
INSERT INTO `users_communities` (`user_id`, `community_id`) VALUES ('28', '24');
INSERT INTO `users_communities` (`user_id`, `community_id`) VALUES ('28', '30');
INSERT INTO `users_communities` (`user_id`, `community_id`) VALUES ('31', '22');
INSERT INTO `users_communities` (`user_id`, `community_id`) VALUES ('35', '18');
INSERT INTO `users_communities` (`user_id`, `community_id`) VALUES ('36', '13');
INSERT INTO `users_communities` (`user_id`, `community_id`) VALUES ('37', '8');
INSERT INTO `users_communities` (`user_id`, `community_id`) VALUES ('37', '13');
INSERT INTO `users_communities` (`user_id`, `community_id`) VALUES ('38', '10');
INSERT INTO `users_communities` (`user_id`, `community_id`) VALUES ('38', '30');
INSERT INTO `users_communities` (`user_id`, `community_id`) VALUES ('39', '24');
INSERT INTO `users_communities` (`user_id`, `community_id`) VALUES ('41', '2');
INSERT INTO `users_communities` (`user_id`, `community_id`) VALUES ('42', '14');
INSERT INTO `users_communities` (`user_id`, `community_id`) VALUES ('44', '24');
INSERT INTO `users_communities` (`user_id`, `community_id`) VALUES ('46', '9');
INSERT INTO `users_communities` (`user_id`, `community_id`) VALUES ('46', '17');
INSERT INTO `users_communities` (`user_id`, `community_id`) VALUES ('46', '27');
INSERT INTO `users_communities` (`user_id`, `community_id`) VALUES ('47', '18');
INSERT INTO `users_communities` (`user_id`, `community_id`) VALUES ('47', '22');
INSERT INTO `users_communities` (`user_id`, `community_id`) VALUES ('48', '8');
INSERT INTO `users_communities` (`user_id`, `community_id`) VALUES ('55', '2');
INSERT INTO `users_communities` (`user_id`, `community_id`) VALUES ('55', '30');
INSERT INTO `users_communities` (`user_id`, `community_id`) VALUES ('58', '16');
INSERT INTO `users_communities` (`user_id`, `community_id`) VALUES ('59', '12');
INSERT INTO `users_communities` (`user_id`, `community_id`) VALUES ('60', '5');
INSERT INTO `users_communities` (`user_id`, `community_id`) VALUES ('62', '19');
INSERT INTO `users_communities` (`user_id`, `community_id`) VALUES ('62', '25');
INSERT INTO `users_communities` (`user_id`, `community_id`) VALUES ('62', '30');
INSERT INTO `users_communities` (`user_id`, `community_id`) VALUES ('64', '14');
INSERT INTO `users_communities` (`user_id`, `community_id`) VALUES ('65', '30');
INSERT INTO `users_communities` (`user_id`, `community_id`) VALUES ('67', '3');
INSERT INTO `users_communities` (`user_id`, `community_id`) VALUES ('68', '14');
INSERT INTO `users_communities` (`user_id`, `community_id`) VALUES ('70', '3');
INSERT INTO `users_communities` (`user_id`, `community_id`) VALUES ('71', '19');
INSERT INTO `users_communities` (`user_id`, `community_id`) VALUES ('73', '3');
INSERT INTO `users_communities` (`user_id`, `community_id`) VALUES ('73', '10');
INSERT INTO `users_communities` (`user_id`, `community_id`) VALUES ('76', '26');
INSERT INTO `users_communities` (`user_id`, `community_id`) VALUES ('77', '1');
INSERT INTO `users_communities` (`user_id`, `community_id`) VALUES ('77', '27');
INSERT INTO `users_communities` (`user_id`, `community_id`) VALUES ('80', '6');
INSERT INTO `users_communities` (`user_id`, `community_id`) VALUES ('81', '4');
INSERT INTO `users_communities` (`user_id`, `community_id`) VALUES ('83', '13');
INSERT INTO `users_communities` (`user_id`, `community_id`) VALUES ('83', '27');
INSERT INTO `users_communities` (`user_id`, `community_id`) VALUES ('84', '21');
INSERT INTO `users_communities` (`user_id`, `community_id`) VALUES ('85', '10');
INSERT INTO `users_communities` (`user_id`, `community_id`) VALUES ('85', '15');
INSERT INTO `users_communities` (`user_id`, `community_id`) VALUES ('86', '12');
INSERT INTO `users_communities` (`user_id`, `community_id`) VALUES ('86', '23');
INSERT INTO `users_communities` (`user_id`, `community_id`) VALUES ('86', '26');
INSERT INTO `users_communities` (`user_id`, `community_id`) VALUES ('87', '5');
INSERT INTO `users_communities` (`user_id`, `community_id`) VALUES ('87', '13');
INSERT INTO `users_communities` (`user_id`, `community_id`) VALUES ('87', '14');
INSERT INTO `users_communities` (`user_id`, `community_id`) VALUES ('87', '27');
INSERT INTO `users_communities` (`user_id`, `community_id`) VALUES ('88', '9');
INSERT INTO `users_communities` (`user_id`, `community_id`) VALUES ('89', '18');
INSERT INTO `users_communities` (`user_id`, `community_id`) VALUES ('89', '19');
INSERT INTO `users_communities` (`user_id`, `community_id`) VALUES ('91', '12');
INSERT INTO `users_communities` (`user_id`, `community_id`) VALUES ('91', '18');
INSERT INTO `users_communities` (`user_id`, `community_id`) VALUES ('94', '1');
INSERT INTO `users_communities` (`user_id`, `community_id`) VALUES ('95', '9');
INSERT INTO `users_communities` (`user_id`, `community_id`) VALUES ('95', '17');
INSERT INTO `users_communities` (`user_id`, `community_id`) VALUES ('95', '29');
INSERT INTO `users_communities` (`user_id`, `community_id`) VALUES ('96', '12');
INSERT INTO `users_communities` (`user_id`, `community_id`) VALUES ('97', '12');
INSERT INTO `users_communities` (`user_id`, `community_id`) VALUES ('97', '30');
INSERT INTO `users_communities` (`user_id`, `community_id`) VALUES ('98', '28');
INSERT INTO `users_communities` (`user_id`, `community_id`) VALUES ('99', '9');
INSERT INTO `users_communities` (`user_id`, `community_id`) VALUES ('99', '20');
INSERT INTO `users_communities` (`user_id`, `community_id`) VALUES ('100', '6');
INSERT INTO `users_communities` (`user_id`, `community_id`) VALUES ('100', '7');
INSERT INTO `users_communities` (`user_id`, `community_id`) VALUES ('100', '13');
INSERT INTO `users_communities` (`user_id`, `community_id`) VALUES ('100', '20');


