-- MySQL dump 10.13  Distrib 8.0.22, for Win64 (x86_64)
--
-- Host: localhost    Database: music1
-- ------------------------------------------------------
-- Server version	8.0.22

/*!40101 SET @OLD_CHARACTER_SET_CLIENT=@@CHARACTER_SET_CLIENT */;
/*!40101 SET @OLD_CHARACTER_SET_RESULTS=@@CHARACTER_SET_RESULTS */;
/*!40101 SET @OLD_COLLATION_CONNECTION=@@COLLATION_CONNECTION */;
/*!50503 SET NAMES utf8mb4 */;
/*!40103 SET @OLD_TIME_ZONE=@@TIME_ZONE */;
/*!40103 SET TIME_ZONE='+00:00' */;
/*!40014 SET @OLD_UNIQUE_CHECKS=@@UNIQUE_CHECKS, UNIQUE_CHECKS=0 */;
/*!40014 SET @OLD_FOREIGN_KEY_CHECKS=@@FOREIGN_KEY_CHECKS, FOREIGN_KEY_CHECKS=0 */;
/*!40101 SET @OLD_SQL_MODE=@@SQL_MODE, SQL_MODE='NO_AUTO_VALUE_ON_ZERO' */;
/*!40111 SET @OLD_SQL_NOTES=@@SQL_NOTES, SQL_NOTES=0 */;

--
-- Table structure for table `albums`
--

DROP TABLE IF EXISTS `albums`;
/*!40101 SET @saved_cs_client     = @@character_set_client */;
/*!50503 SET character_set_client = utf8mb4 */;
CREATE TABLE `albums` (
  `id` bigint unsigned NOT NULL AUTO_INCREMENT,
  `albumname` varchar(50) DEFAULT NULL COMMENT 'Название альбома/EP',
  `coverimage` varchar(200) DEFAULT NULL,
  `yearofrelease` bigint DEFAULT NULL,
  `created_at` datetime DEFAULT CURRENT_TIMESTAMP,
  `genre` varchar(50) DEFAULT NULL COMMENT 'Название музыкального жанра альбома',
  PRIMARY KEY (`id`),
  UNIQUE KEY `id` (`id`),
  KEY `genre` (`genre`),
  KEY `albumname` (`albumname`)
) ENGINE=InnoDB AUTO_INCREMENT=18 DEFAULT CHARSET=utf8mb4 COLLATE=utf8mb4_0900_ai_ci;
/*!40101 SET character_set_client = @saved_cs_client */;

--
-- Dumping data for table `albums`
--

LOCK TABLES `albums` WRITE;
/*!40000 ALTER TABLE `albums` DISABLE KEYS */;
INSERT INTO `albums` VALUES (1,'Unknown Pleasures','https://robohash.org/temporeinventoreincidunt.bmp?size=50x50&set=set1',1979,'2020-12-26 00:43:05','Post-punk'),(2,'Closer','https://robohash.org/optionemoaut.bmp?size=50x50&set=set1',1980,'2020-12-26 00:43:05','Post-punk'),(3,'A Hero\'s Death','https://robohash.org/reiciendissolutasuscipit.bmp?size=50x50&set=set1',2020,'2020-12-26 00:43:05','Post-punk'),(4,'Dogrel','https://robohash.org/totammollitiaexplicabo.png?size=50x50&set=set1',2019,'2020-12-26 00:43:05','Post-punk'),(5,'Pearl','https://robohash.org/dolorlaborumest.bmp?size=50x50&set=set1',1971,'2020-12-26 00:43:05','Blues rock'),(6,'Welcome to Sky Valley','https://robohash.org/adharumpossimus.png?size=50x50&set=set1',1994,'2020-12-26 00:43:05','Stoner rock'),(7,'Metallica','https://robohash.org/hicitaquein.jpg?size=50x50&set=set1',1991,'2020-12-26 00:43:05','Heavy metal'),(8,'Back to Black','https://robohash.org/consequunturmagnamquaerat.bmp?size=50x50&set=set1',2006,'2020-12-26 00:43:05','Soul/R&B'),(9,'21','https://robohash.org/occaecatiquiavoluptas.jpg?size=50x50&set=set1',2011,'2020-12-26 00:43:05','Soul'),(10,'25','https://robohash.org/estsitut.jpg?size=50x50&set=set1',2015,'2020-12-26 00:43:05','Soul'),(11,'Born to Die','https://robohash.org/necessitatibusnobismodi.png?size=50x50&set=set1',2012,'2020-12-26 00:43:05','Alternative pop'),(12,'Songs in A Minor','https://robohash.org/consequaturquidemdeleniti.png?size=50x50&set=set1',2001,'2020-12-26 00:43:05','Neo soul'),(13,'The Doors','https://robohash.org/animisintiste.bmp?size=50x50&set=set1',1967,'2020-12-26 00:43:05','Rock'),(14,'Strange Days','https://robohash.org/sedreprehenderitsed.bmp?size=50x50&set=set1',1967,'2020-12-26 00:43:05','Psychedelic rock'),(15,'Waiting for the Sun','https://robohash.org/laudantiumsedofficia.bmp?size=50x50&set=set1',1968,'2020-12-26 00:43:05','Rock'),(16,'Morrison Hotel','https://robohash.org/quasidignissimosodio.bmp?size=50x50&set=set1',1970,'2020-12-26 00:43:05','Psychedelic rock'),(17,'The Diary of Alicia Keys','https://robohash.org/autaccusamuset.jpg?size=50x50&set=set1',2003,'2020-12-26 00:43:05','Soul/R&B');
/*!40000 ALTER TABLE `albums` ENABLE KEYS */;
UNLOCK TABLES;

--
-- Temporary view structure for view `allsongalbumartist`
--

DROP TABLE IF EXISTS `allsongalbumartist`;
/*!50001 DROP VIEW IF EXISTS `allsongalbumartist`*/;
SET @saved_cs_client     = @@character_set_client;
/*!50503 SET character_set_client = utf8mb4 */;
/*!50001 CREATE VIEW `allsongalbumartist` AS SELECT 
 1 AS `id`,
 1 AS `songname`,
 1 AS `albumname`,
 1 AS `artist_id`,
 1 AS `artistsname`*/;
SET character_set_client = @saved_cs_client;

--
-- Table structure for table `artists`
--

DROP TABLE IF EXISTS `artists`;
/*!40101 SET @saved_cs_client     = @@character_set_client */;
/*!50503 SET character_set_client = utf8mb4 */;
CREATE TABLE `artists` (
  `id` bigint unsigned NOT NULL AUTO_INCREMENT,
  `artistsname` varchar(50) DEFAULT NULL COMMENT 'Имя исполнителя/коллектива',
  `image_id` bigint unsigned DEFAULT NULL,
  `description` text,
  PRIMARY KEY (`id`),
  UNIQUE KEY `id` (`id`),
  UNIQUE KEY `artistsname` (`artistsname`),
  KEY `artistsname_2` (`artistsname`)
) ENGINE=InnoDB AUTO_INCREMENT=41 DEFAULT CHARSET=utf8mb4 COLLATE=utf8mb4_0900_ai_ci;
/*!40101 SET character_set_client = @saved_cs_client */;

--
-- Dumping data for table `artists`
--

LOCK TABLES `artists` WRITE;
/*!40000 ALTER TABLE `artists` DISABLE KEYS */;
INSERT INTO `artists` VALUES (1,'Rolling Stones',1,'The Rolling Stones are an English rock band formed in London in 1962.'),(2,'Jimi Hendrix',2,'James Marshall Hendrix was an American guitarist, singer and songwriter.'),(3,'Jefferson Airplane',3,'Jefferson Airplane was a psychedelic rock band from San Francisco. They were formed in 1965.'),(4,'The Beatles',4,'The Beatles were an English rock band, started in Liverpool, England in 1960. The members of the band were John Lennon, Paul McCartney, George Harrison, and Ringo Starr.'),(5,'Led Zeppelin',5,'Led Zeppelin were an English rock band. The members were Robert Plant (vocals), Jimmy Page (lead guitar), John Paul Jones (bass), and John Bonham (drums). '),(6,'Fleetwood Mac',6,'Fleetwood Mac are a British-American rock band that formed in London, England in 1967.'),(7,'Elvis Presley',7,'Elvis Aaron Presley was an American singer, musician and actor. He is often regarded as the most influential and most famous musician of the 20th century, and is widely regarded as a cultural icon.'),(8,'Pearl Jam',8,'Pearl Jam is an American rock band formed in 1990 in Seattle, Washington. The bands lineup consists of founding members Jeff Ament (bass guitar), Stone Gossard (rhythm guitar), Mike McCready (lead guitar), and Eddie Vedder (lead vocals, guitar), as well as Matt Cameron (drums)'),(9,'The Beach Boys',9,'The Beach Boys are an American rock band formed in Hawthorne, California in 1961. The groups original lineup consisted of brothers Brian, Dennis, and Carl Wilson, their cousin Mike Love, and friend Al Jardine. '),(10,'Bob Dylan',10,'Bob Dylan (born Robert Allen Zimmerman, May 24, 1941) is an American singer-songwriter, author and visual artist. Widely regarded as one of the greatest songwriters of all time, Dylan has been a major figure in popular culture for more than 50 years.'),(11,'Tom Petty and the Heartbreakers',11,'Tom Petty and the Heartbreakers was an American rock band from Gainesville, Florida. Formed in 1976, the band originally comprised Tom Petty (lead singer, guitar), Mike Campbell (lead guitarist), Ron Blair (bass guitar), Stan Lynch (drums), and Benmont Tench (keyboards). '),(12,'Johnny Cash',12,'John R. Cash (born J. R. Cash; February 26, 1932 – September 12, 2003) was an American singer, songwriter, musician, and actor.'),(13,'Ray Charles',13,'Ray Charles Robinson (September 23, 1930 – June 10, 2004) was an American singer, songwriter, pianist, and composer.'),(14,'David Bowie',14,'David Robert Jones (8 January 1947 – 10 January 2016), known professionally as David Bowie, was an English singer-songwriter and actor. He was a leading figure in the music industry and is regarded as one of the most influential musicians of the 20th century. '),(15,'Stevie Wonder',15,'Stevland Hardaway Morris (né Judkins; born May 13, 1950), known professionally as Stevie Wonder, is an American singer, songwriter, musician and record producer. A prominent figure in popular music during the second half of the 20th century, Wonder is one of the most successful songwriters and musicians. '),(16,'Prince',16,'Prince Rogers Nelson (June 7, 1958 – April 21, 2016) was an American singer-songwriter, musician, record producer, dancer, and actor. He is widely regarded as one of the greatest musicians of his generation.'),(17,'The Kinks',17,'Robert Nesta Marley, OM (6 February 1945 – 11 May 1981) was a Jamaican singer, songwriter, and musician. Considered one of the pioneers of reggae, his musical career was marked by fusing elements of reggae, ska, and rocksteady, as well as his distinctive vocal and songwriting style.'),(18,'Aretha Franklin',18,'Aretha Louise Franklin (March 25, 1942 – August 16, 2018) was an American singer, songwriter, actress, pianist, and civil rights activist.'),(19,'The Who',19,'The Who are an English rock band formed in London in 1964. Their classic lineup consisted of lead singer Roger Daltrey, guitarist and singer Pete Townshend, bass guitarist and singer John Entwistle, and drummer Keith Moon. '),(20,'Chuck Berry',20,'Charles Edward Anderson Berry (October 18, 1926 – March 18, 2017) was an American singer, songwriter and guitarist, and one of the pioneers of rock and roll music.'),(21,'Eric Clapton',21,'Eric Patrick Clapton, CBE (born 30 March 1945) is an English rock and blues guitarist, singer, and songwriter.'),(22,'Simon & Garfunkel',22,'Simon & Garfunkel were an American folk-rock duo consisting of singer-songwriter Paul Simon and singer Art Garfunkel. One of the best-selling music groups of the 1960s'),(23,'The Velvet Underground',23,'The Velvet Underground was an American rock band formed in New York City in 1964 by singer/guitarist Lou Reed, multi-instrumentalist John Cale, guitarist Sterling Morrison, and drummer Angus MacLise. '),(24,'Michael Jackson',24,'Michael Joseph Jackson (August 29, 1958 – June 25, 2009) was an American singer, songwriter, and dancer. Dubbed the \"King of Pop\", he is regarded as one of the most significant cultural figures of the 20th century. Through stage and video performances, he popularized complicated dance techniques such as the moonwalk, to which he gave the name, and the robot.'),(25,'The Black Angels',25,'The Black Angels are an American psychedelic rock band from Austin, Texas.'),(26,'The Doors',26,'The Doors were an American rock band formed in Los Angeles in 1965, with vocalist Jim Morrison, keyboardist Ray Manzarek, guitarist Robby Krieger, and drummer John Densmore. '),(27,'Joy Division',27,'Joy Division were an English rock band formed in Salford in 1976. The group consisted of vocalist Ian Curtis, guitarist/keyboardist Bernard Sumner, bassist Peter Hook and drummer Stephen Morris.'),(28,'Fontaines D.C.',28,'Fontaines D.C. are an Irish post-punk revival band formed in Dublin in 2017.The band consists of Grian Chatten (vocals), Carlos O\'Connell (guitar), Conor Curley (guitar), Conor Deegan III (bass), and Tom Coll (drums).'),(29,'Janis Joplin',29,'Janis Lyn Joplin (January 19, 1943 – October 4, 1970) was an American singer-songwriter who sang rock, soul and blues music. One of the most successful and widely known rock stars of her era, she was noted for her powerful mezzo-soprano vocals and \"electric\" stage presence.'),(30,'Kyuss',30,'Kyuss was an American rock band, formed in Palm Desert, California in 1987. The band disbanded in 1995, and since then, members of Kyuss have gone on to form or play in several notable bands including Queens of the Stone Age, Fu Manchu, Dwarves, Eagles of Death Metal, Mondo Generator, Hermano, Unida, Slo Burn and Them Crooked Vultures.'),(31,'Queens of the Stone Age',31,'Queens of the Stone Age (commonly abbreviated QOTSA) is an American rock band formed in 1996 in Palm Desert, California. The band was founded by vocalist and guitarist Josh Homme, who has been the only constant member throughout multiple line-up changes. The current line-up consists of Homme alongside Troy Van Leeuwen (guitar, lap steel, keyboard, percussion, backing vocals), Michael Shuman (bass guitar, keyboard, backing vocals), Dean Fertita (keyboards, guitar, percussion, backing vocals), and Jon Theodore (drums, percussion).'),(32,'Metallica',32,'Metallica is an American heavy metal band. The band was formed in 1981 in Los Angeles by vocalist/guitarist James Hetfield and drummer Lars Ulrich, and has been based in San Francisco for most of its career.'),(33,'Amy Winehouse',33,'Amy Jade Winehouse (14 September 1983 – 23 July 2011) was an English singer and songwriter. She was known for her deep, expressive contralto vocals and her eclectic mix of musical genres, including soul, rhythm and blues and jazz.'),(34,'Heart',34,'Heart is an American rock band formed in 1970 in Seattle, Washington, by Steve Fossen (bass guitar), Roger Fisher (guitar), David Belzer (keyboards), and Jeff Johnson (drums). It evolved from an existing band, White Heart. The vocalists for Heart are sisters Ann Wilson (lead vocals, flute, guitar) and Nancy Wilson (vocals, guitar, mandolin).'),(35,'The Cranberries',35,'The Cranberries were an Irish rock band formed in Limerick, Ireland, in 1989 by lead singer Niall Quinn, guitarist Noel Hogan, bassist Mike Hogan, and drummer Fergal Lawler. Quinn was replaced as lead singer by Dolores O\'Riordan in 1990. The band officially classified themselves as an alternative rock group, but incorporated aspects of indie pop, post-punk, folk rock, and pop rock into their sound.'),(36,'Adele',36,'Adele Laurie Blue Adkins MBE (born 5 May 1988), is an English singer-songwriter.'),(37,'Alicia Keys',37,'Alicia Augello Cook (born January 25, 1981), known professionally as Alicia Keys, is an American singer-songwriter. A classically-trained pianist, Keys began composing songs by age 12 and was signed at 15 years old by Columbia Records. '),(38,'Evanescence',38,'Evanescence is an American rock band founded in Little Rock, Arkansas, in 1995 by singer and pianist Amy Lee and guitarist Ben Moody. After recording independent albums, the band released their first full-length album, Fallen, on Wind-up Records in 2003.'),(39,'Lana Del Rey',39,'Elizabeth Woolridge Grant (born June 21, 1985), known by her stage name Lana Del Rey, is an American singer-songwriter. Her music is noted for its stylized, cinematic quality; themes of sadness, tragic romance, glamor, and melancholia; and references to pop culture, particularly 1950s and 1960s Americana.'),(40,'Blondie',40,'Blondie is an American rock band co-founded by singer Debbie Harry and guitarist Chris Stein. The band were pioneers in the American punk and then the new wave scene of the mid-1970s in New York. ');
/*!40000 ALTER TABLE `artists` ENABLE KEYS */;
UNLOCK TABLES;

--
-- Table structure for table `artistsandalbums`
--

DROP TABLE IF EXISTS `artistsandalbums`;
/*!40101 SET @saved_cs_client     = @@character_set_client */;
/*!50503 SET character_set_client = utf8mb4 */;
CREATE TABLE `artistsandalbums` (
  `album_id` bigint unsigned NOT NULL,
  `artist_id` bigint unsigned NOT NULL,
  PRIMARY KEY (`album_id`,`artist_id`),
  KEY `artist_id` (`artist_id`),
  CONSTRAINT `artistsandalbums_ibfk_1` FOREIGN KEY (`album_id`) REFERENCES `albums` (`id`),
  CONSTRAINT `artistsandalbums_ibfk_2` FOREIGN KEY (`artist_id`) REFERENCES `artists` (`id`)
) ENGINE=InnoDB DEFAULT CHARSET=utf8mb4 COLLATE=utf8mb4_0900_ai_ci;
/*!40101 SET character_set_client = @saved_cs_client */;

--
-- Dumping data for table `artistsandalbums`
--

LOCK TABLES `artistsandalbums` WRITE;
/*!40000 ALTER TABLE `artistsandalbums` DISABLE KEYS */;
INSERT INTO `artistsandalbums` VALUES (13,26),(14,26),(15,26),(16,26),(1,27),(2,27),(3,28),(4,28),(5,29),(6,30),(7,32),(8,33),(9,36),(10,36),(12,37),(17,37),(11,39);
/*!40000 ALTER TABLE `artistsandalbums` ENABLE KEYS */;
UNLOCK TABLES;

--
-- Table structure for table `likedalbums`
--

DROP TABLE IF EXISTS `likedalbums`;
/*!40101 SET @saved_cs_client     = @@character_set_client */;
/*!50503 SET character_set_client = utf8mb4 */;
CREATE TABLE `likedalbums` (
  `id` bigint unsigned NOT NULL AUTO_INCREMENT,
  `users_id` bigint unsigned NOT NULL,
  `album_id` bigint unsigned NOT NULL,
  `likedornot` char(1) DEFAULT NULL,
  `updated_at` datetime DEFAULT CURRENT_TIMESTAMP,
  PRIMARY KEY (`id`),
  UNIQUE KEY `id` (`id`),
  KEY `users_id` (`users_id`),
  KEY `album_id` (`album_id`),
  CONSTRAINT `likedalbums_ibfk_1` FOREIGN KEY (`users_id`) REFERENCES `users` (`id`),
  CONSTRAINT `likedalbums_ibfk_2` FOREIGN KEY (`album_id`) REFERENCES `albums` (`id`)
) ENGINE=InnoDB AUTO_INCREMENT=101 DEFAULT CHARSET=utf8mb4 COLLATE=utf8mb4_0900_ai_ci;
/*!40101 SET character_set_client = @saved_cs_client */;

--
-- Dumping data for table `likedalbums`
--

LOCK TABLES `likedalbums` WRITE;
/*!40000 ALTER TABLE `likedalbums` DISABLE KEYS */;
INSERT INTO `likedalbums` VALUES (1,490,4,'1','2020-12-26 05:38:24'),(2,67,10,'1','2020-12-26 05:38:24'),(3,350,15,'1','2020-12-26 05:38:24'),(4,277,15,'1','2020-12-26 05:38:24'),(5,156,7,'1','2020-12-26 05:38:24'),(6,303,1,'1','2020-12-26 05:38:24'),(7,276,16,'1','2020-12-26 05:38:24'),(8,353,15,'1','2020-12-26 05:38:24'),(9,105,3,'1','2020-12-26 05:38:24'),(10,445,15,'0','2020-12-26 05:38:24'),(11,390,16,'1','2020-12-26 05:38:24'),(12,37,12,'1','2020-12-26 05:38:24'),(13,63,15,'1','2020-12-26 05:38:24'),(14,44,9,'1','2020-12-26 05:38:24'),(15,450,8,'1','2020-12-26 05:38:24'),(16,72,14,'1','2020-12-26 05:38:24'),(17,411,7,'1','2020-12-26 05:38:24'),(18,221,13,'1','2020-12-26 05:38:24'),(19,474,6,'1','2020-12-26 05:38:24'),(20,60,12,'1','2020-12-26 05:38:24'),(21,338,15,'1','2020-12-26 05:38:24'),(22,206,5,'1','2020-12-26 05:38:24'),(23,131,3,'0','2020-12-26 05:38:24'),(24,1,16,'1','2020-12-26 05:38:24'),(25,250,6,'1','2020-12-26 05:38:24'),(26,255,14,'1','2020-12-26 05:38:24'),(27,155,3,'1','2020-12-26 05:38:24'),(28,352,11,'1','2020-12-26 05:38:24'),(29,64,9,'1','2020-12-26 05:38:24'),(30,397,5,'1','2020-12-26 05:38:24'),(31,346,6,'1','2020-12-26 05:38:24'),(32,437,11,'1','2020-12-26 05:38:24'),(33,246,17,'1','2020-12-26 05:38:24'),(34,77,1,'0','2020-12-26 05:38:24'),(35,134,14,'1','2020-12-26 05:38:24'),(36,427,7,'1','2020-12-26 05:38:24'),(37,104,8,'1','2020-12-26 05:38:24'),(38,284,1,'1','2020-12-26 05:38:24'),(39,407,6,'1','2020-12-26 05:38:24'),(40,3,14,'1','2020-12-26 05:38:24'),(41,211,11,'0','2020-12-26 05:38:24'),(42,24,3,'1','2020-12-26 05:38:24'),(43,333,1,'1','2020-12-26 05:38:24'),(44,201,3,'1','2020-12-26 05:38:24'),(45,251,16,'1','2020-12-26 05:38:24'),(46,118,6,'1','2020-12-26 05:38:24'),(47,61,16,'1','2020-12-26 05:38:24'),(48,50,7,'1','2020-12-26 05:38:24'),(49,484,8,'1','2020-12-26 05:38:24'),(50,19,1,'0','2020-12-26 05:38:24'),(51,226,11,'1','2020-12-26 05:38:24'),(52,254,10,'1','2020-12-26 05:38:24'),(53,406,14,'1','2020-12-26 05:38:24'),(54,153,8,'1','2020-12-26 05:38:24'),(55,187,5,'1','2020-12-26 05:38:24'),(56,168,13,'1','2020-12-26 05:38:24'),(57,211,17,'1','2020-12-26 05:38:24'),(58,70,12,'1','2020-12-26 05:38:24'),(59,283,4,'1','2020-12-26 05:38:24'),(60,317,3,'1','2020-12-26 05:38:24'),(61,309,8,'1','2020-12-26 05:38:24'),(62,163,13,'1','2020-12-26 05:38:24'),(63,457,10,'1','2020-12-26 05:38:24'),(64,230,8,'1','2020-12-26 05:38:24'),(65,235,6,'1','2020-12-26 05:38:24'),(66,413,6,'1','2020-12-26 05:38:24'),(67,93,4,'1','2020-12-26 05:38:24'),(68,270,9,'1','2020-12-26 05:38:24'),(69,291,16,'1','2020-12-26 05:38:24'),(70,116,7,'1','2020-12-26 05:38:24'),(71,500,6,'1','2020-12-26 05:38:24'),(72,152,15,'1','2020-12-26 05:38:24'),(73,262,8,'1','2020-12-26 05:38:24'),(74,161,11,'1','2020-12-26 05:38:24'),(75,269,12,'0','2020-12-26 05:38:24'),(76,342,5,'1','2020-12-26 05:38:24'),(77,282,13,'0','2020-12-26 05:38:24'),(78,86,11,'1','2020-12-26 05:38:24'),(79,191,15,'1','2020-12-26 05:38:24'),(80,13,5,'1','2020-12-26 05:38:24'),(81,170,3,'0','2020-12-26 05:38:24'),(82,132,3,'1','2020-12-26 05:38:24'),(83,85,7,'1','2020-12-26 05:38:24'),(84,2,4,'1','2020-12-26 05:38:24'),(85,145,15,'0','2020-12-26 05:38:24'),(86,187,6,'1','2020-12-26 05:38:24'),(87,425,9,'0','2020-12-26 05:38:24'),(88,320,13,'1','2020-12-26 05:38:24'),(89,464,6,'0','2020-12-26 05:38:24'),(90,260,15,'1','2020-12-26 05:38:24'),(91,382,15,'1','2020-12-26 05:38:24'),(92,271,3,'1','2020-12-26 05:38:24'),(93,354,15,'0','2020-12-26 05:38:24'),(94,404,3,'1','2020-12-26 05:38:24'),(95,467,11,'1','2020-12-26 05:38:24'),(96,194,5,'1','2020-12-26 05:38:24'),(97,123,14,'1','2020-12-26 05:38:24'),(98,407,7,'1','2020-12-26 05:38:24'),(99,185,8,'1','2020-12-26 05:38:24'),(100,390,7,'0','2020-12-26 05:38:24');
/*!40000 ALTER TABLE `likedalbums` ENABLE KEYS */;
UNLOCK TABLES;

--
-- Table structure for table `likedplaylists`
--

DROP TABLE IF EXISTS `likedplaylists`;
/*!40101 SET @saved_cs_client     = @@character_set_client */;
/*!50503 SET character_set_client = utf8mb4 */;
CREATE TABLE `likedplaylists` (
  `id` bigint unsigned NOT NULL AUTO_INCREMENT,
  `users_id` bigint unsigned NOT NULL,
  `playlist_id` bigint unsigned NOT NULL,
  `likedornot` char(1) DEFAULT NULL,
  `updated_at` datetime DEFAULT CURRENT_TIMESTAMP,
  PRIMARY KEY (`id`),
  UNIQUE KEY `id` (`id`),
  KEY `users_id` (`users_id`),
  KEY `playlist_id` (`playlist_id`),
  CONSTRAINT `likedplaylists_ibfk_1` FOREIGN KEY (`users_id`) REFERENCES `users` (`id`),
  CONSTRAINT `likedplaylists_ibfk_2` FOREIGN KEY (`playlist_id`) REFERENCES `playlists` (`id`)
) ENGINE=InnoDB AUTO_INCREMENT=101 DEFAULT CHARSET=utf8mb4 COLLATE=utf8mb4_0900_ai_ci;
/*!40101 SET character_set_client = @saved_cs_client */;

--
-- Dumping data for table `likedplaylists`
--

LOCK TABLES `likedplaylists` WRITE;
/*!40000 ALTER TABLE `likedplaylists` DISABLE KEYS */;
INSERT INTO `likedplaylists` VALUES (1,410,13,'1','2020-12-26 05:38:12'),(2,251,12,'1','2020-12-26 05:38:12'),(3,212,26,'1','2020-12-26 05:38:12'),(4,20,26,'1','2020-12-26 05:38:12'),(5,371,28,'1','2020-12-26 05:38:12'),(6,256,6,'1','2020-12-26 05:38:12'),(7,414,26,'1','2020-12-26 05:38:12'),(8,55,9,'1','2020-12-26 05:38:12'),(9,344,16,'1','2020-12-26 05:38:12'),(10,498,20,'1','2020-12-26 05:38:12'),(11,34,22,'1','2020-12-26 05:38:12'),(12,90,19,'1','2020-12-26 05:38:12'),(13,223,28,'1','2020-12-26 05:38:12'),(14,436,6,'1','2020-12-26 05:38:12'),(15,426,3,'1','2020-12-26 05:38:12'),(16,236,23,'1','2020-12-26 05:38:13'),(17,428,18,'0','2020-12-26 05:38:13'),(18,150,15,'1','2020-12-26 05:38:13'),(19,46,24,'1','2020-12-26 05:38:13'),(20,2,15,'1','2020-12-26 05:38:13'),(21,84,24,'1','2020-12-26 05:38:13'),(22,290,20,'1','2020-12-26 05:38:13'),(23,236,24,'1','2020-12-26 05:38:13'),(24,135,7,'1','2020-12-26 05:38:13'),(25,384,5,'1','2020-12-26 05:38:13'),(26,484,30,'1','2020-12-26 05:38:13'),(27,207,18,'1','2020-12-26 05:38:13'),(28,52,21,'1','2020-12-26 05:38:13'),(29,306,23,'1','2020-12-26 05:38:13'),(30,443,28,'1','2020-12-26 05:38:13'),(31,295,8,'1','2020-12-26 05:38:13'),(32,256,16,'1','2020-12-26 05:38:13'),(33,145,9,'1','2020-12-26 05:38:13'),(34,408,15,'1','2020-12-26 05:38:13'),(35,183,14,'1','2020-12-26 05:38:13'),(36,398,3,'1','2020-12-26 05:38:13'),(37,205,2,'0','2020-12-26 05:38:13'),(38,204,30,'1','2020-12-26 05:38:13'),(39,143,20,'1','2020-12-26 05:38:13'),(40,335,20,'1','2020-12-26 05:38:13'),(41,138,24,'1','2020-12-26 05:38:13'),(42,21,19,'1','2020-12-26 05:38:13'),(43,152,6,'0','2020-12-26 05:38:13'),(44,227,16,'0','2020-12-26 05:38:13'),(45,106,9,'1','2020-12-26 05:38:13'),(46,356,30,'1','2020-12-26 05:38:13'),(47,41,8,'1','2020-12-26 05:38:13'),(48,204,11,'1','2020-12-26 05:38:13'),(49,18,5,'1','2020-12-26 05:38:13'),(50,151,30,'1','2020-12-26 05:38:13'),(51,420,13,'1','2020-12-26 05:38:13'),(52,78,26,'1','2020-12-26 05:38:13'),(53,164,15,'1','2020-12-26 05:38:13'),(54,313,26,'1','2020-12-26 05:38:13'),(55,405,17,'1','2020-12-26 05:38:13'),(56,309,13,'1','2020-12-26 05:38:13'),(57,250,2,'1','2020-12-26 05:38:13'),(58,31,11,'1','2020-12-26 05:38:13'),(59,37,21,'1','2020-12-26 05:38:13'),(60,191,27,'1','2020-12-26 05:38:13'),(61,57,16,'1','2020-12-26 05:38:13'),(62,231,1,'1','2020-12-26 05:38:13'),(63,242,10,'1','2020-12-26 05:38:13'),(64,205,22,'0','2020-12-26 05:38:13'),(65,124,28,'1','2020-12-26 05:38:13'),(66,61,4,'1','2020-12-26 05:38:13'),(67,398,25,'1','2020-12-26 05:38:13'),(68,319,25,'1','2020-12-26 05:38:13'),(69,409,4,'1','2020-12-26 05:38:13'),(70,60,9,'1','2020-12-26 05:38:13'),(71,6,26,'1','2020-12-26 05:38:13'),(72,331,30,'1','2020-12-26 05:38:13'),(73,171,29,'1','2020-12-26 05:38:13'),(74,103,12,'0','2020-12-26 05:38:13'),(75,454,6,'1','2020-12-26 05:38:13'),(76,374,5,'1','2020-12-26 05:38:13'),(77,331,20,'1','2020-12-26 05:38:13'),(78,464,22,'1','2020-12-26 05:38:13'),(79,395,29,'1','2020-12-26 05:38:13'),(80,207,26,'1','2020-12-26 05:38:13'),(81,478,1,'1','2020-12-26 05:38:13'),(82,475,16,'1','2020-12-26 05:38:13'),(83,297,28,'1','2020-12-26 05:38:13'),(84,242,22,'1','2020-12-26 05:38:13'),(85,140,15,'1','2020-12-26 05:38:13'),(86,230,5,'1','2020-12-26 05:38:13'),(87,336,27,'0','2020-12-26 05:38:13'),(88,381,10,'1','2020-12-26 05:38:13'),(89,485,10,'1','2020-12-26 05:38:13'),(90,418,5,'1','2020-12-26 05:38:13'),(91,162,10,'1','2020-12-26 05:38:13'),(92,125,4,'1','2020-12-26 05:38:13'),(93,443,22,'0','2020-12-26 05:38:13'),(94,350,22,'1','2020-12-26 05:38:13'),(95,378,20,'1','2020-12-26 05:38:13'),(96,184,15,'1','2020-12-26 05:38:13'),(97,67,1,'1','2020-12-26 05:38:13'),(98,399,10,'1','2020-12-26 05:38:13'),(99,446,17,'1','2020-12-26 05:38:13'),(100,122,6,'1','2020-12-26 05:38:13');
/*!40000 ALTER TABLE `likedplaylists` ENABLE KEYS */;
UNLOCK TABLES;

--
-- Table structure for table `likedsongs`
--

DROP TABLE IF EXISTS `likedsongs`;
/*!40101 SET @saved_cs_client     = @@character_set_client */;
/*!50503 SET character_set_client = utf8mb4 */;
CREATE TABLE `likedsongs` (
  `id` bigint unsigned NOT NULL AUTO_INCREMENT,
  `users_id` bigint unsigned NOT NULL,
  `song_id` bigint unsigned NOT NULL,
  `likedornot` char(1) DEFAULT NULL,
  `updated_at` datetime DEFAULT CURRENT_TIMESTAMP,
  PRIMARY KEY (`id`),
  UNIQUE KEY `id` (`id`),
  KEY `users_id` (`users_id`),
  KEY `song_id` (`song_id`),
  CONSTRAINT `likedsongs_ibfk_1` FOREIGN KEY (`users_id`) REFERENCES `users` (`id`),
  CONSTRAINT `likedsongs_ibfk_2` FOREIGN KEY (`song_id`) REFERENCES `songs` (`id`)
) ENGINE=InnoDB AUTO_INCREMENT=101 DEFAULT CHARSET=utf8mb4 COLLATE=utf8mb4_0900_ai_ci;
/*!40101 SET character_set_client = @saved_cs_client */;

--
-- Dumping data for table `likedsongs`
--

LOCK TABLES `likedsongs` WRITE;
/*!40000 ALTER TABLE `likedsongs` DISABLE KEYS */;
INSERT INTO `likedsongs` VALUES (1,88,44,'1','2020-12-26 05:37:57'),(2,449,50,'1','2020-12-26 05:37:57'),(3,89,45,'1','2020-12-26 05:37:57'),(4,138,21,'1','2020-12-26 05:37:57'),(5,287,21,'1','2020-12-26 05:37:57'),(6,187,2,'1','2020-12-26 05:37:57'),(7,500,41,'1','2020-12-26 05:37:57'),(8,337,55,'1','2020-12-26 05:37:57'),(9,146,11,'1','2020-12-26 05:37:57'),(10,410,15,'1','2020-12-26 05:37:57'),(11,379,11,'1','2020-12-26 05:37:57'),(12,187,55,'0','2020-12-26 05:37:57'),(13,492,34,'0','2020-12-26 05:37:57'),(14,20,52,'1','2020-12-26 05:37:57'),(15,387,59,'1','2020-12-26 05:37:57'),(16,30,15,'1','2020-12-26 05:37:57'),(17,374,55,'1','2020-12-26 05:37:57'),(18,402,16,'1','2020-12-26 05:37:57'),(19,171,61,'1','2020-12-26 05:37:57'),(20,438,49,'1','2020-12-26 05:37:57'),(21,356,57,'1','2020-12-26 05:37:57'),(22,478,10,'1','2020-12-26 05:37:57'),(23,232,7,'1','2020-12-26 05:37:57'),(24,203,5,'1','2020-12-26 05:37:57'),(25,310,25,'0','2020-12-26 05:37:57'),(26,111,61,'1','2020-12-26 05:37:57'),(27,95,55,'1','2020-12-26 05:37:57'),(28,479,20,'1','2020-12-26 05:37:57'),(29,149,54,'1','2020-12-26 05:37:57'),(30,52,50,'1','2020-12-26 05:37:57'),(31,35,60,'1','2020-12-26 05:37:57'),(32,48,63,'1','2020-12-26 05:37:57'),(33,315,27,'1','2020-12-26 05:37:57'),(34,370,7,'1','2020-12-26 05:37:57'),(35,81,12,'1','2020-12-26 05:37:57'),(36,447,23,'1','2020-12-26 05:37:57'),(37,349,30,'1','2020-12-26 05:37:57'),(38,104,25,'1','2020-12-26 05:37:57'),(39,220,17,'1','2020-12-26 05:37:57'),(40,288,51,'1','2020-12-26 05:37:57'),(41,195,10,'1','2020-12-26 05:37:57'),(42,182,36,'0','2020-12-26 05:37:57'),(43,262,19,'1','2020-12-26 05:37:57'),(44,241,37,'1','2020-12-26 05:37:57'),(45,242,27,'1','2020-12-26 05:37:57'),(46,361,59,'1','2020-12-26 05:37:57'),(47,211,64,'1','2020-12-26 05:37:57'),(48,169,24,'1','2020-12-26 05:37:57'),(49,458,32,'1','2020-12-26 05:37:57'),(50,232,65,'1','2020-12-26 05:37:58'),(51,319,11,'1','2020-12-26 05:37:58'),(52,369,10,'0','2020-12-26 05:37:58'),(53,282,18,'0','2020-12-26 05:37:58'),(54,167,34,'1','2020-12-26 05:37:58'),(55,188,37,'1','2020-12-26 05:37:58'),(56,322,11,'1','2020-12-26 05:37:58'),(57,271,40,'1','2020-12-26 05:37:58'),(58,163,29,'1','2020-12-26 05:37:58'),(59,81,32,'1','2020-12-26 05:37:58'),(60,370,56,'1','2020-12-26 05:37:58'),(61,423,17,'1','2020-12-26 05:37:58'),(62,122,29,'0','2020-12-26 05:37:58'),(63,250,42,'1','2020-12-26 05:37:58'),(64,294,63,'1','2020-12-26 05:37:58'),(65,485,15,'1','2020-12-26 05:37:58'),(66,12,35,'1','2020-12-26 05:37:58'),(67,141,17,'1','2020-12-26 05:37:58'),(68,439,32,'1','2020-12-26 05:37:58'),(69,57,10,'1','2020-12-26 05:37:58'),(70,44,4,'1','2020-12-26 05:37:58'),(71,382,63,'1','2020-12-26 05:37:58'),(72,134,60,'1','2020-12-26 05:37:58'),(73,451,61,'1','2020-12-26 05:37:58'),(74,361,11,'0','2020-12-26 05:37:58'),(75,20,34,'1','2020-12-26 05:37:58'),(76,282,45,'1','2020-12-26 05:37:58'),(77,388,13,'1','2020-12-26 05:37:58'),(78,224,50,'1','2020-12-26 05:37:58'),(79,233,39,'1','2020-12-26 05:37:58'),(80,87,19,'1','2020-12-26 05:37:58'),(81,477,61,'1','2020-12-26 05:37:58'),(82,22,35,'1','2020-12-26 05:37:58'),(83,398,16,'1','2020-12-26 05:37:58'),(84,286,60,'1','2020-12-26 05:37:58'),(85,189,27,'1','2020-12-26 05:37:58'),(86,476,35,'1','2020-12-26 05:37:58'),(87,54,32,'1','2020-12-26 05:37:58'),(88,136,31,'1','2020-12-26 05:37:58'),(89,90,47,'1','2020-12-26 05:37:58'),(90,435,13,'0','2020-12-26 05:37:58'),(91,365,47,'1','2020-12-26 05:37:58'),(92,279,23,'1','2020-12-26 05:37:58'),(93,1,48,'1','2020-12-26 05:37:58'),(94,113,64,'1','2020-12-26 05:37:58'),(95,120,59,'1','2020-12-26 05:37:58'),(96,137,45,'1','2020-12-26 05:37:58'),(97,255,3,'1','2020-12-26 05:37:58'),(98,214,27,'1','2020-12-26 05:37:58'),(99,380,24,'1','2020-12-26 05:37:58'),(100,330,25,'1','2020-12-26 05:37:58');
/*!40000 ALTER TABLE `likedsongs` ENABLE KEYS */;
UNLOCK TABLES;

--
-- Temporary view structure for view `likedsongsview`
--

DROP TABLE IF EXISTS `likedsongsview`;
/*!50001 DROP VIEW IF EXISTS `likedsongsview`*/;
SET @saved_cs_client     = @@character_set_client;
/*!50503 SET character_set_client = utf8mb4 */;
/*!50001 CREATE VIEW `likedsongsview` AS SELECT 
 1 AS `song_id`,
 1 AS `countoflikes`*/;
SET character_set_client = @saved_cs_client;

--
-- Temporary view structure for view `moststreamedalbums`
--

DROP TABLE IF EXISTS `moststreamedalbums`;
/*!50001 DROP VIEW IF EXISTS `moststreamedalbums`*/;
SET @saved_cs_client     = @@character_set_client;
/*!50503 SET character_set_client = utf8mb4 */;
/*!50001 CREATE VIEW `moststreamedalbums` AS SELECT 
 1 AS `album_id`,
 1 AS `countofstreams`*/;
SET character_set_client = @saved_cs_client;

--
-- Temporary view structure for view `moststreamedsongs`
--

DROP TABLE IF EXISTS `moststreamedsongs`;
/*!50001 DROP VIEW IF EXISTS `moststreamedsongs`*/;
SET @saved_cs_client     = @@character_set_client;
/*!50503 SET character_set_client = utf8mb4 */;
/*!50001 CREATE VIEW `moststreamedsongs` AS SELECT 
 1 AS `song_id`,
 1 AS `countofstreams`*/;
SET character_set_client = @saved_cs_client;

--
-- Table structure for table `playlists`
--

DROP TABLE IF EXISTS `playlists`;
/*!40101 SET @saved_cs_client     = @@character_set_client */;
/*!50503 SET character_set_client = utf8mb4 */;
CREATE TABLE `playlists` (
  `id` bigint unsigned NOT NULL AUTO_INCREMENT,
  `playlistname` varchar(50) DEFAULT NULL COMMENT 'Название плейлиста',
  `coverimage` varchar(200) DEFAULT NULL,
  `description` text,
  `created_by` bigint unsigned NOT NULL,
  `created_at` datetime DEFAULT CURRENT_TIMESTAMP,
  PRIMARY KEY (`id`),
  UNIQUE KEY `id` (`id`),
  KEY `playlistname` (`playlistname`),
  KEY `created_by` (`created_by`),
  CONSTRAINT `playlists_ibfk_1` FOREIGN KEY (`created_by`) REFERENCES `users` (`id`)
) ENGINE=InnoDB AUTO_INCREMENT=31 DEFAULT CHARSET=utf8mb4 COLLATE=utf8mb4_0900_ai_ci;
/*!40101 SET character_set_client = @saved_cs_client */;

--
-- Dumping data for table `playlists`
--

LOCK TABLES `playlists` WRITE;
/*!40000 ALTER TABLE `playlists` DISABLE KEYS */;
INSERT INTO `playlists` VALUES (1,'Reed Therapeutics Pain Relieving Therapy','http://dummyimage.com/166x196.png/ff4444/ffffff','Reed Therapeutics',1,'2020-11-20 11:39:42'),(2,'Penicillin V Potassium','http://dummyimage.com/161x115.jpg/ff4444/ffffff','Citron Pharma LLC',2,'2020-04-29 21:38:43'),(3,'Lidocaine Hydrochloride','http://dummyimage.com/198x171.png/dddddd/000000','Hospira, Inc.',3,'2020-08-07 13:16:31'),(4,'Firebush/Burning Bush','http://dummyimage.com/114x148.jpg/dddddd/000000','Nelco Laboratories, Inc.',4,'2020-08-28 01:03:32'),(5,'Amitriptyline Hydrochloride','http://dummyimage.com/181x219.png/5fa2dd/ffffff','Aidarex Pharmaceuticals LLC',5,'2020-04-20 21:57:53'),(6,'Metoprolol Tartrate','http://dummyimage.com/143x247.png/ff4444/ffffff','Mylan Institutional Inc.',6,'2020-11-04 08:36:42'),(7,'Lodosyn','http://dummyimage.com/214x225.bmp/dddddd/000000','Aton Pharma, Inc',7,'2020-04-22 03:35:18'),(8,'Fluorouracil','http://dummyimage.com/120x111.jpg/5fa2dd/ffffff','Oceanside Pharmaceuticals',8,'2020-09-24 10:37:34'),(9,'Adempas','http://dummyimage.com/131x113.bmp/dddddd/000000','Bayer HealthCare Pharmaceuticals Inc.',9,'2020-01-11 13:13:48'),(10,'Mucinex Sinus-Max','http://dummyimage.com/101x126.jpg/ff4444/ffffff','Reckitt Benckiser LLC',10,'2020-05-09 06:05:28'),(11,'OxyContin','http://dummyimage.com/154x153.jpg/ff4444/ffffff','Bryant Ranch Prepack',11,'2020-02-07 08:32:57'),(12,'California Mugwort','http://dummyimage.com/232x175.png/cc0000/ffffff','Nelco Laboratories, Inc.',12,'2020-10-02 02:27:59'),(13,'Cardio HP','http://dummyimage.com/234x163.png/dddddd/000000','Natural Creations, Inc.',13,'2020-03-16 02:24:48'),(14,'Econazole Nitrate','http://dummyimage.com/250x120.bmp/5fa2dd/ffffff','REMEDYREPACK INC.',14,'2020-04-12 21:14:20'),(15,'MINERALIZE','http://dummyimage.com/245x162.bmp/5fa2dd/ffffff','MAKEUP ART COSMETICS',15,'2020-05-15 08:32:00'),(16,'Codfish','http://dummyimage.com/170x229.png/cc0000/ffffff','Nelco Laboratories, Inc.',16,'2020-12-14 13:07:39'),(17,'Diltiazem Hydrochloride','http://dummyimage.com/199x208.jpg/cc0000/ffffff','Mylan Pharmaceuticals Inc.',17,'2019-12-22 12:15:38'),(18,'H E B','http://dummyimage.com/184x176.png/ff4444/ffffff','HEB',18,'2020-10-20 04:32:25'),(19,'Bupropion Hydrochloride','http://dummyimage.com/221x167.jpg/cc0000/ffffff','Dispensing Solutions, Inc.',19,'2020-04-12 15:35:33'),(20,'Donepezil Hydrochloride','http://dummyimage.com/181x119.jpg/cc0000/ffffff','Aurobindo Pharma Limited',20,'2020-02-26 13:48:49'),(21,'FAMCICLOVIR','http://dummyimage.com/125x192.png/dddddd/000000','Apotex Corp.',21,'2020-03-05 14:02:59'),(22,'Simvastatin','http://dummyimage.com/231x225.bmp/5fa2dd/ffffff','McKesson Contract Packaging',22,'2020-04-12 21:50:48'),(23,'LES BEIGES','http://dummyimage.com/155x204.bmp/cc0000/ffffff','CHANEL PARFUMS BEAUTE',23,'2020-11-30 08:43:11'),(24,'Degree','http://dummyimage.com/220x180.png/ff4444/ffffff','Conopco Inc. d/b/a Unilever',24,'2020-07-12 18:38:27'),(25,'Penicillium Mixture','http://dummyimage.com/166x219.png/dddddd/000000','Antigen Laboratories, Inc.',25,'2020-10-05 04:52:35'),(26,'RITUALS broad spectrum SPF 15 sunscreen matt','http://dummyimage.com/152x204.jpg/dddddd/000000','Rituals Cosmetics USA, Inc.',26,'2020-06-26 17:02:38'),(27,'Cilostazol','http://dummyimage.com/212x185.png/ff4444/ffffff','Golden State Medical Supply, Inc.',27,'2020-07-17 23:45:19'),(28,'Bekunis Natures Gentle Laxative Instant Tea','http://dummyimage.com/223x133.bmp/cc0000/ffffff','roha arzneimittel GmbH',28,'2020-10-24 08:19:55'),(29,'Simcor','http://dummyimage.com/150x244.bmp/cc0000/ffffff','AbbVie Inc.',29,'2020-06-25 14:31:33'),(30,'Lidocaine Hydrochloride and Hydrocortisone Acetate','http://dummyimage.com/130x211.bmp/dddddd/000000','Seton Pharmaceuticals',30,'2020-06-20 13:51:47');
/*!40000 ALTER TABLE `playlists` ENABLE KEYS */;
UNLOCK TABLES;

--
-- Temporary view structure for view `songalbumartist`
--

DROP TABLE IF EXISTS `songalbumartist`;
/*!50001 DROP VIEW IF EXISTS `songalbumartist`*/;
SET @saved_cs_client     = @@character_set_client;
/*!50503 SET character_set_client = utf8mb4 */;
/*!50001 CREATE VIEW `songalbumartist` AS SELECT 
 1 AS `id`,
 1 AS `songname`,
 1 AS `albumname`,
 1 AS `artist_id`,
 1 AS `artistsname`*/;
SET character_set_client = @saved_cs_client;

--
-- Table structure for table `songperformers`
--

DROP TABLE IF EXISTS `songperformers`;
/*!40101 SET @saved_cs_client     = @@character_set_client */;
/*!50503 SET character_set_client = utf8mb4 */;
CREATE TABLE `songperformers` (
  `song_id` bigint unsigned NOT NULL,
  `artist_id` bigint unsigned NOT NULL,
  PRIMARY KEY (`song_id`,`artist_id`),
  KEY `artist_id` (`artist_id`),
  CONSTRAINT `songperformers_ibfk_1` FOREIGN KEY (`song_id`) REFERENCES `songs` (`id`),
  CONSTRAINT `songperformers_ibfk_2` FOREIGN KEY (`artist_id`) REFERENCES `artists` (`id`)
) ENGINE=InnoDB DEFAULT CHARSET=utf8mb4 COLLATE=utf8mb4_0900_ai_ci;
/*!40101 SET character_set_client = @saved_cs_client */;

--
-- Dumping data for table `songperformers`
--

LOCK TABLES `songperformers` WRITE;
/*!40000 ALTER TABLE `songperformers` DISABLE KEYS */;
INSERT INTO `songperformers` VALUES (55,26),(56,26),(57,26),(58,26),(59,26),(60,26),(61,26),(62,26),(63,26),(64,26),(65,26),(1,27),(2,27),(3,27),(4,27),(5,27),(6,27),(7,27),(8,27),(9,27),(10,27),(11,27),(12,27),(24,28),(25,28),(26,28),(27,28),(28,28),(29,28),(30,28),(31,28),(32,28),(33,28),(34,28),(45,29),(46,29),(47,29),(48,29),(49,29),(50,29),(51,29),(52,29),(53,29),(54,29),(35,30),(36,30),(37,30),(38,30),(39,30),(40,30),(41,30),(42,30),(43,30),(44,30),(13,36),(14,36),(15,36),(16,36),(17,36),(18,36),(19,36),(20,36),(21,36),(22,36),(23,36);
/*!40000 ALTER TABLE `songperformers` ENABLE KEYS */;
UNLOCK TABLES;

--
-- Table structure for table `songs`
--

DROP TABLE IF EXISTS `songs`;
/*!40101 SET @saved_cs_client     = @@character_set_client */;
/*!50503 SET character_set_client = utf8mb4 */;
CREATE TABLE `songs` (
  `id` bigint unsigned NOT NULL AUTO_INCREMENT,
  `songname` varchar(100) DEFAULT NULL COMMENT 'Название музыкального трека',
  `album_id` bigint unsigned NOT NULL,
  `songnumberonalbum` bigint unsigned NOT NULL COMMENT 'Порядковый номер песни в оригинальном альбоме',
  `songduration` varchar(10) DEFAULT NULL COMMENT 'Длительность песни',
  `songfile` varchar(200) DEFAULT NULL COMMENT 'Ссылка на непосредственно музыкальный файл в хранилище/ либо сам файл',
  `genre` varchar(50) DEFAULT NULL COMMENT 'Название музыкального жанра',
  PRIMARY KEY (`id`),
  UNIQUE KEY `id` (`id`),
  KEY `songname` (`songname`),
  KEY `genre` (`genre`),
  KEY `album_id` (`album_id`),
  CONSTRAINT `songs_ibfk_1` FOREIGN KEY (`album_id`) REFERENCES `albums` (`id`)
) ENGINE=InnoDB AUTO_INCREMENT=66 DEFAULT CHARSET=utf8mb4 COLLATE=utf8mb4_0900_ai_ci;
/*!40101 SET character_set_client = @saved_cs_client */;

--
-- Dumping data for table `songs`
--

LOCK TABLES `songs` WRITE;
/*!40000 ALTER TABLE `songs` DISABLE KEYS */;
INSERT INTO `songs` VALUES (1,'Dead Souls',1,1,'4:25','Elit.mp3','Post-punk'),(2,'The Only Mistake',1,2,'4:12','QuamFringilla.ppt','Post-punk'),(3,'Insight',1,3,'3:52','SociisNatoquePenatibus.avi','Post-punk'),(4,'Candidate',1,4,'2:08','Ultrices.mp3','Post-punk'),(5,'Wilderness',1,5,'2:32','MassaVolutpatConvallis.ppt','Post-punk'),(6,'She\'s Lost Control',1,6,'3:35','Eleifend.mpeg','Post-punk'),(7,'Shadowplay',1,7,'3:29','NullaElitAc.ppt','Post-punk'),(8,'Disorder',1,8,'3:29','Maecenas.png','Post-punk'),(9,'Interzone',1,9,'2:05','Eleifend.txt','Post-punk'),(10,'Atrocity Exhibition',1,10,'6:14','VestibulumQuam.xls','Post-punk'),(11,'Novelty',1,11,'4:28','ParturientMontesNascetur.tiff','Post-punk'),(12,'Transmission',1,12,'3:50','Pellentesque.doc','Post-punk'),(13,'Rolling in the Deep',9,1,'3:49','Amet.tiff','Soul/Pop'),(14,'Rumour Has It',9,2,'3:43','ImperdietNullamOrci.txt','Soul/Pop'),(15,'Turning Tables',9,3,'4:10','RutrumNeque.ppt','Soul/Pop'),(16,'Don\'t You Remember',9,4,'4:03','Libero.tiff','Soul/Pop'),(17,'Set Fire to the Rain',9,5,'4:01','VelitVivamus.ppt','Soul/Pop'),(18,'He Won\'t Go',9,6,'4:37','InPorttitorPede.ppt','Soul/Pop'),(19,'Take It All',9,7,'3:48','Donec.ppt','Soul/Pop'),(20,'I\'ll Be Waiting',9,8,'4:01','AmetSapien.tiff','Soul/Pop'),(21,'One and Only',9,9,'5:48','Lectus.avi','Soul/Pop'),(22,'Lovesong',9,10,'5:16','LuctusTinciduntNulla.doc','Soul/Pop'),(23,'Someone like You',9,11,'4:45','TortorId.mp3','Soul/Pop'),(24,'I Don\'t Belong',3,1,'4:31','Congue.png','Post-punk'),(25,'Love Is the Main Thing',3,2,'3:53','Erat.avi','Post-punk'),(26,'Televised Mind',3,3,'4:10','MetusAeneanFermentum.jpeg','Post-punk'),(27,'A Lucid Dream',3,4,'3:53','AliquamAugue.pdf','Post-punk'),(28,'You Said',3,5,'4:36','CondimentumNeque.doc','Post-punk'),(29,'Oh, Such a Spring',3,6,'2:32','Mauris.xls','Post-punk'),(30,'A Hero\'s Death',3,7,'4:18','Aliquet.mp3','Post-punk'),(31,'Living in America',3,8,'4:56','PretiumNislUt.xls','Post-punk'),(32,'I Was Not Born',3,9,'3:50','FaucibusOrciLuctus.ppt','Post-punk'),(33,'Sunny',3,10,'4:52','Potenti.avi','Post-punk'),(34,'No',3,11,'5:08','Eros.mp3','Post-punk'),(35,'Gardenia',6,1,'6:54','ElitAcNulla.doc','Stoner rock'),(36,'Asteroid',6,2,'4:49','NisiEu.ppt','Stoner rock'),(37,'Supa Scoopa and Mighty Scoop',6,3,'6:04','SemperInterdumMauris.xls','Stoner rock'),(38,'100°',6,4,'2:29','Purus.png','Stoner rock'),(39,'Space Cadet',6,5,'7:02','NullaDapibusDolor.gif','Stoner rock'),(40,'Demon Cleaner',6,6,'5:19','Tristique.avi','Stoner rock'),(41,'Odyssey',6,7,'4:19','Quisque.png','Stoner rock'),(42,'Conan Troutman',6,8,'2:12','LacusMorbiSem.png','Stoner rock'),(43,'N.O',6,9,'3:47','Erat.xls','Stoner rock'),(44,'Whitewater',6,10,'8:00','Nulla.avi','Stoner rock'),(45,'Move Over',5,1,'3:39','Dolor.png','Blues rock'),(46,'Cry Baby',5,2,'3:55','SapienPlacerat.mp3','Blues rock'),(47,'A Woman Left Lonely',5,3,'3:27','Odio.mp3','Blues rock'),(48,'Half Moon',5,4,'3:51','SedSagittis.jpeg','Blues rock'),(49,'Buried Alive in the Blues',5,5,'2:24','Varius.xls','Blues rock'),(50,'My Baby',5,6,'3:44','Vel.mp3','Blues rock'),(51,'Me and Bobby McGee',5,7,'4:29','IdPretium.avi','Blues rock'),(52,'Mercedes Benz',5,8,'1:46','Vivamus.txt','Blues rock'),(53,'Trust Me',5,9,'3:15','OdioElementum.ppt','Blues rock'),(54,'Get It While You Can',5,10,'3:23','Odio.png','Blues rock'),(55,'Break On Through (To the Other Side)',13,1,'2:25','AmetEleifendPede.ppt','Rock'),(56,'Soul Kitchen',13,2,'3:30','UtTellus.avi','Rock'),(57,'The Crystal Ship',13,3,'2:30','MaurisVulputate.xls','Rock'),(58,'Twentieth Century Fox',13,4,'2:30','IdTurpis.mp3','Rock'),(59,'Alabama Song (Whisky Bar)',13,5,'3:15','VestibulumQuam.mp3','Rock'),(60,'Light My Fire',13,6,'6:50','PorttitorLoremId.mp3','Rock'),(61,'Back Door Man',13,7,'3:30','ArcuAdipiscing.avi','Rock'),(62,'I Looked at You',13,8,'2:18','IdMauris.tiff','Rock'),(63,'End of the Night',13,9,'2:49','AtFeugiat.tiff','Rock'),(64,'Take It as It Comes',13,10,'2:13','Vel.mp3','Rock'),(65,'The End',13,11,'11:35','Pede.avi','Rock');
/*!40000 ALTER TABLE `songs` ENABLE KEYS */;
UNLOCK TABLES;

--
-- Table structure for table `songsonplaylists`
--

DROP TABLE IF EXISTS `songsonplaylists`;
/*!40101 SET @saved_cs_client     = @@character_set_client */;
/*!50503 SET character_set_client = utf8mb4 */;
CREATE TABLE `songsonplaylists` (
  `song_id` bigint unsigned NOT NULL,
  `playlist_id` bigint unsigned NOT NULL,
  `songnumberonplaylist` bigint unsigned NOT NULL,
  PRIMARY KEY (`song_id`,`playlist_id`),
  KEY `playlist_id` (`playlist_id`),
  CONSTRAINT `songsonplaylists_ibfk_1` FOREIGN KEY (`song_id`) REFERENCES `songs` (`id`),
  CONSTRAINT `songsonplaylists_ibfk_2` FOREIGN KEY (`playlist_id`) REFERENCES `playlists` (`id`)
) ENGINE=InnoDB DEFAULT CHARSET=utf8mb4 COLLATE=utf8mb4_0900_ai_ci;
/*!40101 SET character_set_client = @saved_cs_client */;

--
-- Dumping data for table `songsonplaylists`
--

LOCK TABLES `songsonplaylists` WRITE;
/*!40000 ALTER TABLE `songsonplaylists` DISABLE KEYS */;
INSERT INTO `songsonplaylists` VALUES (1,13,2),(2,30,4),(3,24,1),(4,17,1),(4,18,2),(4,29,5),(5,2,3),(5,17,2),(7,8,1),(7,19,1),(8,1,2),(8,20,2),(8,29,3),(9,1,3),(9,5,7),(9,8,2),(9,12,1),(10,28,1),(11,3,1),(11,10,2),(11,22,1),(12,7,2),(12,12,2),(12,18,5),(12,20,3),(13,2,5),(13,5,6),(13,27,2),(14,9,1),(14,25,4),(15,17,3),(16,29,1),(17,18,1),(18,15,3),(19,8,4),(21,3,2),(24,18,3),(24,21,1),(24,26,1),(25,11,3),(26,11,2),(26,15,1),(27,3,3),(27,8,5),(27,27,1),(28,2,4),(29,5,4),(29,24,2),(30,6,2),(32,13,4),(32,14,2),(32,23,1),(32,25,2),(33,8,3),(33,13,6),(34,15,2),(35,6,1),(35,16,2),(37,30,3),(38,1,5),(38,13,3),(39,1,1),(39,12,3),(39,13,1),(39,19,2),(40,27,4),(41,12,4),(41,29,4),(42,25,1),(43,23,4),(44,1,4),(44,10,1),(44,21,2),(44,27,3),(44,30,1),(45,2,1),(45,13,5),(47,1,6),(47,10,4),(48,9,2),(49,25,3),(49,29,2),(51,14,3),(52,23,3),(55,2,2),(55,7,1),(55,11,1),(55,30,2),(56,10,3),(57,26,2),(58,15,4),(58,16,1),(59,12,5),(59,23,5),(60,18,4),(62,5,5),(63,14,1),(63,20,1),(63,23,2);
/*!40000 ALTER TABLE `songsonplaylists` ENABLE KEYS */;
UNLOCK TABLES;
/*!50003 SET @saved_cs_client      = @@character_set_client */ ;
/*!50003 SET @saved_cs_results     = @@character_set_results */ ;
/*!50003 SET @saved_col_connection = @@collation_connection */ ;
/*!50003 SET character_set_client  = utf8mb4 */ ;
/*!50003 SET character_set_results = utf8mb4 */ ;
/*!50003 SET collation_connection  = utf8mb4_0900_ai_ci */ ;
/*!50003 SET @saved_sql_mode       = @@sql_mode */ ;
/*!50003 SET sql_mode              = 'STRICT_TRANS_TABLES,NO_ENGINE_SUBSTITUTION' */ ;
DELIMITER ;;
/*!50003 CREATE*/ /*!50017 DEFINER=`root`@`localhost`*/ /*!50003 TRIGGER `check_songsonplaylists_numbervalidity` BEFORE INSERT ON `songsonplaylists` FOR EACH ROW begin
	declare currentplaylist int;
	declare maxnumberonplaylist int;
	if (new.songnumberonplaylist <> 1) and (playlist_id is not null) then
		set currentplaylist := playlist_id;
		select MAX(songnumberonplaylist) into maxnumberonplaylist from songsonplaylists where playlist_id = currentplaylist;
		set new.songnumberonplaylist = maxnumberonplaylist + 1;	
	end if;
end */;;
DELIMITER ;
/*!50003 SET sql_mode              = @saved_sql_mode */ ;
/*!50003 SET character_set_client  = @saved_cs_client */ ;
/*!50003 SET character_set_results = @saved_cs_results */ ;
/*!50003 SET collation_connection  = @saved_col_connection */ ;

--
-- Table structure for table `streams`
--

DROP TABLE IF EXISTS `streams`;
/*!40101 SET @saved_cs_client     = @@character_set_client */;
/*!50503 SET character_set_client = utf8mb4 */;
CREATE TABLE `streams` (
  `id` bigint unsigned NOT NULL AUTO_INCREMENT,
  `users_id` bigint unsigned NOT NULL,
  `song_id` bigint unsigned NOT NULL,
  `album_id` bigint unsigned NOT NULL,
  `listened_at` datetime DEFAULT CURRENT_TIMESTAMP,
  PRIMARY KEY (`id`),
  UNIQUE KEY `id` (`id`),
  KEY `users_id` (`users_id`),
  KEY `album_id` (`album_id`),
  KEY `song_id` (`song_id`),
  CONSTRAINT `streams_ibfk_1` FOREIGN KEY (`users_id`) REFERENCES `users` (`id`),
  CONSTRAINT `streams_ibfk_2` FOREIGN KEY (`song_id`) REFERENCES `songs` (`id`),
  CONSTRAINT `streams_ibfk_3` FOREIGN KEY (`album_id`) REFERENCES `albums` (`id`)
) ENGINE=InnoDB AUTO_INCREMENT=201 DEFAULT CHARSET=utf8mb4 COLLATE=utf8mb4_0900_ai_ci;
/*!40101 SET character_set_client = @saved_cs_client */;

--
-- Dumping data for table `streams`
--

LOCK TABLES `streams` WRITE;
/*!40000 ALTER TABLE `streams` DISABLE KEYS */;
INSERT INTO `streams` VALUES (1,253,21,9,'2020-12-26 06:43:54'),(2,277,19,9,'2020-12-26 06:43:54'),(3,177,1,1,'2020-12-26 06:43:54'),(4,407,42,6,'2020-12-26 06:43:54'),(5,286,37,6,'2020-12-26 06:43:54'),(6,400,24,3,'2020-12-26 06:43:54'),(7,185,29,3,'2020-12-26 06:43:54'),(8,392,29,3,'2020-12-26 06:43:54'),(9,108,46,5,'2020-12-26 06:43:54'),(10,486,22,9,'2020-12-26 06:43:54'),(11,20,6,1,'2020-12-26 06:43:54'),(12,8,9,1,'2020-12-26 06:43:54'),(13,404,65,13,'2020-12-26 06:43:54'),(14,186,23,9,'2020-12-26 06:43:54'),(15,449,6,1,'2020-12-26 06:43:54'),(16,281,42,6,'2020-12-26 06:43:54'),(17,6,48,5,'2020-12-26 06:43:54'),(18,320,54,5,'2020-12-26 06:43:54'),(19,133,59,13,'2020-12-26 06:43:54'),(20,305,49,5,'2020-12-26 06:43:54'),(21,11,12,1,'2020-12-26 06:43:54'),(22,66,16,9,'2020-12-26 06:43:54'),(23,490,25,3,'2020-12-26 06:43:54'),(24,467,37,6,'2020-12-26 06:43:54'),(25,466,12,1,'2020-12-26 06:43:54'),(26,23,59,13,'2020-12-26 06:43:54'),(27,175,23,9,'2020-12-26 06:43:54'),(28,305,29,3,'2020-12-26 06:43:54'),(29,429,8,1,'2020-12-26 06:43:54'),(30,486,58,13,'2020-12-26 06:43:54'),(31,94,1,1,'2020-12-26 06:43:54'),(32,183,24,3,'2020-12-26 06:43:54'),(33,233,32,3,'2020-12-26 06:43:54'),(34,423,14,9,'2020-12-26 06:43:54'),(35,309,56,13,'2020-12-26 06:43:54'),(36,186,7,1,'2020-12-26 06:43:54'),(37,392,40,6,'2020-12-26 06:43:54'),(38,93,3,1,'2020-12-26 06:43:54'),(39,354,58,13,'2020-12-26 06:43:54'),(40,77,63,13,'2020-12-26 06:43:54'),(41,103,45,5,'2020-12-26 06:43:54'),(42,380,56,13,'2020-12-26 06:43:54'),(43,29,29,3,'2020-12-26 06:43:54'),(44,352,52,5,'2020-12-26 06:43:54'),(45,306,28,3,'2020-12-26 06:43:54'),(46,196,19,9,'2020-12-26 06:43:54'),(47,38,52,5,'2020-12-26 06:43:54'),(48,118,58,13,'2020-12-26 06:43:54'),(49,191,31,3,'2020-12-26 06:43:54'),(50,489,3,1,'2020-12-26 06:43:54'),(51,76,22,9,'2020-12-26 06:43:54'),(52,282,40,6,'2020-12-26 06:43:54'),(53,288,20,9,'2020-12-26 06:43:54'),(54,388,26,3,'2020-12-26 06:43:54'),(55,129,48,5,'2020-12-26 06:43:54'),(56,64,44,6,'2020-12-26 06:43:54'),(57,95,54,5,'2020-12-26 06:43:54'),(58,332,39,6,'2020-12-26 06:43:54'),(59,175,31,3,'2020-12-26 06:43:54'),(60,241,8,1,'2020-12-26 06:43:54'),(61,405,24,3,'2020-12-26 06:43:54'),(62,306,45,5,'2020-12-26 06:43:54'),(63,206,15,9,'2020-12-26 06:43:54'),(64,402,31,3,'2020-12-26 06:43:54'),(65,201,58,13,'2020-12-26 06:43:54'),(66,342,59,13,'2020-12-26 06:43:54'),(67,111,56,13,'2020-12-26 06:43:54'),(68,84,53,5,'2020-12-26 06:43:54'),(69,150,25,3,'2020-12-26 06:43:54'),(70,364,55,13,'2020-12-26 06:43:54'),(71,420,8,1,'2020-12-26 06:43:54'),(72,488,42,6,'2020-12-26 06:43:54'),(73,358,45,5,'2020-12-26 06:43:54'),(74,487,29,3,'2020-12-26 06:43:54'),(75,176,6,1,'2020-12-26 06:43:54'),(76,397,49,5,'2020-12-26 06:43:54'),(77,500,33,3,'2020-12-26 06:43:54'),(78,428,19,9,'2020-12-26 06:43:54'),(79,269,14,9,'2020-12-26 06:43:54'),(80,449,52,5,'2020-12-26 06:43:54'),(81,23,4,1,'2020-12-26 06:43:54'),(82,417,37,6,'2020-12-26 06:43:54'),(83,92,57,13,'2020-12-26 06:43:54'),(84,108,38,6,'2020-12-26 06:43:54'),(85,420,58,13,'2020-12-26 06:43:54'),(86,479,32,3,'2020-12-26 06:43:54'),(87,62,56,13,'2020-12-26 06:43:54'),(88,202,19,9,'2020-12-26 06:43:54'),(89,391,45,5,'2020-12-26 06:43:54'),(90,145,47,5,'2020-12-26 06:43:54'),(91,277,61,13,'2020-12-26 06:43:54'),(92,181,40,6,'2020-12-26 06:43:54'),(93,140,65,13,'2020-12-26 06:43:54'),(94,282,17,9,'2020-12-26 06:43:54'),(95,459,5,1,'2020-12-26 06:43:54'),(96,467,13,9,'2020-12-26 06:43:54'),(97,84,64,13,'2020-12-26 06:43:54'),(98,435,42,6,'2020-12-26 06:43:54'),(99,373,22,9,'2020-12-26 06:43:54'),(100,214,13,9,'2020-12-26 06:43:54'),(101,295,61,13,'2020-12-26 06:43:54'),(102,167,9,1,'2020-12-26 06:43:54'),(103,16,45,5,'2020-12-26 06:43:54'),(104,447,64,13,'2020-12-26 06:43:54'),(105,134,65,13,'2020-12-26 06:43:54'),(106,182,31,3,'2020-12-26 06:43:54'),(107,469,50,5,'2020-12-26 06:43:54'),(108,266,7,1,'2020-12-26 06:43:54'),(109,388,49,5,'2020-12-26 06:43:54'),(110,437,13,9,'2020-12-26 06:43:54'),(111,182,42,6,'2020-12-26 06:43:54'),(112,129,36,6,'2020-12-26 06:43:54'),(113,416,48,5,'2020-12-26 06:43:54'),(114,429,19,9,'2020-12-26 06:43:54'),(115,90,54,5,'2020-12-26 06:43:54'),(116,78,22,9,'2020-12-26 06:43:54'),(117,155,30,3,'2020-12-26 06:43:54'),(118,208,38,6,'2020-12-26 06:43:54'),(119,54,59,13,'2020-12-26 06:43:54'),(120,6,30,3,'2020-12-26 06:43:54'),(121,403,53,5,'2020-12-26 06:43:54'),(122,279,9,1,'2020-12-26 06:43:54'),(123,22,51,5,'2020-12-26 06:43:54'),(124,14,25,3,'2020-12-26 06:43:54'),(125,234,12,1,'2020-12-26 06:43:54'),(126,499,5,1,'2020-12-26 06:43:54'),(127,458,12,1,'2020-12-26 06:43:54'),(128,8,20,9,'2020-12-26 06:43:54'),(129,99,65,13,'2020-12-26 06:43:54'),(130,175,22,9,'2020-12-26 06:43:54'),(131,435,7,1,'2020-12-26 06:43:54'),(132,50,21,9,'2020-12-26 06:43:54'),(133,387,29,3,'2020-12-26 06:43:54'),(134,86,62,13,'2020-12-26 06:43:54'),(135,412,3,1,'2020-12-26 06:43:54'),(136,468,42,6,'2020-12-26 06:43:54'),(137,469,54,5,'2020-12-26 06:43:54'),(138,141,65,13,'2020-12-26 06:43:54'),(139,398,17,9,'2020-12-26 06:43:54'),(140,130,14,9,'2020-12-26 06:43:54'),(141,379,21,9,'2020-12-26 06:43:54'),(142,260,7,1,'2020-12-26 06:43:54'),(143,151,30,3,'2020-12-26 06:43:54'),(144,493,50,5,'2020-12-26 06:43:54'),(145,5,59,13,'2020-12-26 06:43:54'),(146,336,60,13,'2020-12-26 06:43:54'),(147,413,51,5,'2020-12-26 06:43:54'),(148,416,38,6,'2020-12-26 06:43:54'),(149,409,43,6,'2020-12-26 06:43:54'),(150,211,28,3,'2020-12-26 06:43:54'),(151,126,57,13,'2020-12-26 06:43:54'),(152,3,7,1,'2020-12-26 06:43:54'),(153,15,60,13,'2020-12-26 06:43:54'),(154,40,34,3,'2020-12-26 06:43:54'),(155,86,61,13,'2020-12-26 06:43:54'),(156,137,13,9,'2020-12-26 06:43:54'),(157,138,42,6,'2020-12-26 06:43:54'),(158,219,9,1,'2020-12-26 06:43:54'),(159,137,36,6,'2020-12-26 06:43:54'),(160,295,31,3,'2020-12-26 06:43:54'),(161,312,51,5,'2020-12-26 06:43:54'),(162,391,44,6,'2020-12-26 06:43:54'),(163,474,60,13,'2020-12-26 06:43:54'),(164,214,27,3,'2020-12-26 06:43:54'),(165,184,22,9,'2020-12-26 06:43:54'),(166,120,8,1,'2020-12-26 06:43:54'),(167,283,57,13,'2020-12-26 06:43:54'),(168,457,58,13,'2020-12-26 06:43:54'),(169,434,37,6,'2020-12-26 06:43:54'),(170,139,60,13,'2020-12-26 06:43:54'),(171,157,65,13,'2020-12-26 06:43:54'),(172,170,34,3,'2020-12-26 06:43:54'),(173,473,31,3,'2020-12-26 06:43:54'),(174,353,27,3,'2020-12-26 06:43:54'),(175,297,7,1,'2020-12-26 06:43:54'),(176,422,13,9,'2020-12-26 06:43:54'),(177,198,50,5,'2020-12-26 06:43:54'),(178,301,7,1,'2020-12-26 06:43:54'),(179,391,18,9,'2020-12-26 06:43:54'),(180,256,33,3,'2020-12-26 06:43:54'),(181,396,26,3,'2020-12-26 06:43:54'),(182,242,59,13,'2020-12-26 06:43:54'),(183,30,62,13,'2020-12-26 06:43:54'),(184,311,24,3,'2020-12-26 06:43:54'),(185,18,38,6,'2020-12-26 06:43:54'),(186,440,59,13,'2020-12-26 06:43:54'),(187,454,48,5,'2020-12-26 06:43:54'),(188,313,3,1,'2020-12-26 06:43:54'),(189,10,33,3,'2020-12-26 06:43:54'),(190,428,50,5,'2020-12-26 06:43:54'),(191,380,26,3,'2020-12-26 06:43:54'),(192,183,43,6,'2020-12-26 06:43:54'),(193,327,61,13,'2020-12-26 06:43:54'),(194,331,11,1,'2020-12-26 06:43:54'),(195,462,9,1,'2020-12-26 06:43:54'),(196,95,26,3,'2020-12-26 06:43:54'),(197,242,46,5,'2020-12-26 06:43:54'),(198,200,41,6,'2020-12-26 06:43:54'),(199,225,31,3,'2020-12-26 06:43:54'),(200,7,59,13,'2020-12-26 06:43:54');
/*!40000 ALTER TABLE `streams` ENABLE KEYS */;
UNLOCK TABLES;

--
-- Table structure for table `subscribes`
--

DROP TABLE IF EXISTS `subscribes`;
/*!40101 SET @saved_cs_client     = @@character_set_client */;
/*!50503 SET character_set_client = utf8mb4 */;
CREATE TABLE `subscribes` (
  `id` bigint unsigned NOT NULL AUTO_INCREMENT,
  `users_id` bigint unsigned NOT NULL,
  `artist_id` bigint unsigned NOT NULL,
  `subscribedornot` char(1) DEFAULT NULL,
  `updated_at` datetime DEFAULT CURRENT_TIMESTAMP,
  PRIMARY KEY (`id`),
  UNIQUE KEY `id` (`id`),
  KEY `users_id` (`users_id`),
  KEY `artist_id` (`artist_id`),
  CONSTRAINT `subscribes_ibfk_1` FOREIGN KEY (`users_id`) REFERENCES `users` (`id`),
  CONSTRAINT `subscribes_ibfk_2` FOREIGN KEY (`artist_id`) REFERENCES `artists` (`id`)
) ENGINE=InnoDB AUTO_INCREMENT=101 DEFAULT CHARSET=utf8mb4 COLLATE=utf8mb4_0900_ai_ci;
/*!40101 SET character_set_client = @saved_cs_client */;

--
-- Dumping data for table `subscribes`
--

LOCK TABLES `subscribes` WRITE;
/*!40000 ALTER TABLE `subscribes` DISABLE KEYS */;
INSERT INTO `subscribes` VALUES (1,5,22,'1','2020-12-26 04:27:34'),(2,20,20,'1','2020-12-26 04:27:33'),(3,24,36,'1','2020-12-26 04:27:34'),(4,26,14,'1','2020-12-26 04:27:34'),(5,31,3,'1','2020-12-26 04:27:34'),(6,32,14,'1','2020-12-26 04:27:34'),(7,33,15,'1','2020-12-26 04:27:34'),(8,38,6,'1','2020-12-26 04:27:34'),(9,40,35,'1','2020-12-26 04:27:34'),(10,47,2,'1','2020-12-26 04:27:34'),(11,52,37,'1','2020-12-26 04:27:33'),(12,54,18,'1','2020-12-26 04:27:33'),(13,61,18,'1','2020-12-26 04:27:34'),(14,64,5,'1','2020-12-26 04:27:34'),(15,66,37,'1','2020-12-26 04:27:34'),(16,74,36,'1','2020-12-26 04:27:34'),(17,74,12,'1','2020-12-26 04:27:34'),(18,75,6,'1','2020-12-26 04:27:34'),(19,81,16,'1','2020-12-26 04:27:34'),(20,82,15,'1','2020-12-26 04:27:34'),(21,86,29,'1','2020-12-26 04:27:34'),(22,90,31,'1','2020-12-26 04:27:34'),(23,102,17,'1','2020-12-26 04:27:34'),(24,102,15,'1','2020-12-26 04:27:34'),(25,103,22,'1','2020-12-26 04:27:34'),(26,107,28,'1','2020-12-26 04:27:34'),(27,110,3,'1','2020-12-26 04:27:34'),(28,114,8,'1','2020-12-26 04:27:33'),(29,120,4,'1','2020-12-26 04:27:34'),(30,122,3,'1','2020-12-26 04:27:34'),(31,131,16,'1','2020-12-26 04:27:34'),(32,137,14,'1','2020-12-26 04:27:34'),(33,142,34,'1','2020-12-26 04:27:34'),(34,144,8,'1','2020-12-26 04:27:34'),(35,149,18,'1','2020-12-26 04:27:34'),(36,163,12,'1','2020-12-26 04:27:34'),(37,165,24,'1','2020-12-26 04:27:34'),(38,167,21,'0','2020-12-26 04:27:34'),(39,167,11,'1','2020-12-26 04:27:34'),(40,179,28,'1','2020-12-26 04:27:34'),(41,184,1,'1','2020-12-26 04:27:34'),(42,188,38,'1','2020-12-26 04:27:34'),(43,189,5,'1','2020-12-26 04:27:34'),(44,191,39,'1','2020-12-26 04:27:34'),(45,196,40,'1','2020-12-26 04:27:34'),(46,199,38,'1','2020-12-26 04:27:33'),(47,200,30,'1','2020-12-26 04:27:34'),(48,200,34,'1','2020-12-26 04:27:34'),(49,202,29,'1','2020-12-26 04:27:34'),(50,210,16,'1','2020-12-26 04:27:34'),(51,213,31,'0','2020-12-26 04:27:34'),(52,218,29,'0','2020-12-26 04:27:34'),(53,227,6,'1','2020-12-26 04:27:34'),(54,239,12,'1','2020-12-26 04:27:34'),(55,250,10,'1','2020-12-26 04:27:34'),(56,255,39,'1','2020-12-26 04:27:34'),(57,263,24,'1','2020-12-26 04:27:33'),(58,285,30,'1','2020-12-26 04:27:34'),(59,287,30,'1','2020-12-26 04:27:34'),(60,294,40,'0','2020-12-26 04:27:34'),(61,296,13,'1','2020-12-26 04:27:34'),(62,301,26,'1','2020-12-26 04:27:34'),(63,314,14,'1','2020-12-26 04:27:34'),(64,314,29,'1','2020-12-26 04:27:34'),(65,319,13,'1','2020-12-26 04:27:34'),(66,320,10,'1','2020-12-26 04:27:34'),(67,325,22,'0','2020-12-26 04:27:34'),(68,325,40,'0','2020-12-26 04:27:34'),(69,327,36,'0','2020-12-26 04:27:34'),(70,329,23,'1','2020-12-26 04:27:33'),(71,332,32,'1','2020-12-26 04:27:34'),(72,337,34,'1','2020-12-26 04:27:34'),(73,338,35,'1','2020-12-26 04:27:34'),(74,342,40,'1','2020-12-26 04:27:34'),(75,347,34,'1','2020-12-26 04:27:34'),(76,350,9,'1','2020-12-26 04:27:34'),(77,350,1,'1','2020-12-26 04:27:34'),(78,351,14,'1','2020-12-26 04:27:34'),(79,356,21,'1','2020-12-26 04:27:34'),(80,357,10,'1','2020-12-26 04:27:34'),(81,365,28,'1','2020-12-26 04:27:34'),(82,383,12,'1','2020-12-26 04:27:34'),(83,399,5,'1','2020-12-26 04:27:33'),(84,401,31,'1','2020-12-26 04:27:34'),(85,415,40,'1','2020-12-26 04:27:34'),(86,416,31,'1','2020-12-26 04:27:34'),(87,417,31,'1','2020-12-26 04:27:34'),(88,423,31,'1','2020-12-26 04:27:34'),(89,431,8,'1','2020-12-26 04:27:34'),(90,438,26,'1','2020-12-26 04:27:34'),(91,448,32,'1','2020-12-26 04:27:34'),(92,460,8,'1','2020-12-26 04:27:34'),(93,461,1,'1','2020-12-26 04:27:34'),(94,473,26,'0','2020-12-26 04:27:34'),(95,487,11,'0','2020-12-26 04:27:34'),(96,489,19,'0','2020-12-26 04:27:34'),(97,490,31,'1','2020-12-26 04:27:34'),(98,493,36,'1','2020-12-26 04:27:34'),(99,497,7,'1','2020-12-26 04:27:34'),(100,499,38,'0','2020-12-26 04:27:34');
/*!40000 ALTER TABLE `subscribes` ENABLE KEYS */;
UNLOCK TABLES;

--
-- Table structure for table `users`
--

DROP TABLE IF EXISTS `users`;
/*!40101 SET @saved_cs_client     = @@character_set_client */;
/*!50503 SET character_set_client = utf8mb4 */;
CREATE TABLE `users` (
  `id` bigint unsigned NOT NULL AUTO_INCREMENT,
  `firstname` varchar(20) DEFAULT NULL COMMENT 'Имя пользователя',
  `lastname` varchar(20) DEFAULT NULL COMMENT 'Фамилия пользователя',
  `email` varchar(50) DEFAULT NULL COMMENT 'Электронная почта',
  `gender` char(10) DEFAULT NULL,
  `phone` varchar(20) DEFAULT NULL,
  `loginname` varchar(30) DEFAULT NULL COMMENT 'Короткое имя или никнейм пользователя',
  `pass` char(20) DEFAULT NULL COMMENT 'Пароль',
  `birthday` date DEFAULT NULL,
  `country` varchar(40) DEFAULT NULL,
  `created_at` datetime DEFAULT CURRENT_TIMESTAMP,
  PRIMARY KEY (`id`),
  UNIQUE KEY `id` (`id`),
  UNIQUE KEY `email` (`email`),
  UNIQUE KEY `phone` (`phone`),
  KEY `phone_2` (`phone`),
  KEY `email_2` (`email`),
  KEY `loginname` (`loginname`)
) ENGINE=InnoDB AUTO_INCREMENT=501 DEFAULT CHARSET=utf8mb4 COLLATE=utf8mb4_0900_ai_ci;
/*!40101 SET character_set_client = @saved_cs_client */;

--
-- Dumping data for table `users`
--

LOCK TABLES `users` WRITE;
/*!40000 ALTER TABLE `users` DISABLE KEYS */;
INSERT INTO `users` VALUES (1,'Kamilah','Parsisson','kparsisson0@wufoo.com','Female','197.93.63.111','kparsisson0','VvDOILpvQTI','1963-06-27','Thailand','2020-03-22 06:46:44'),(2,'Melita','Roze','mroze1@bbb.org','Female','195.200.164.3','mroze1','AbBA5RqNb0','1996-05-01','Indonesia','2020-06-11 15:36:40'),(3,'Danit','Brunotti','dbrunotti2@fastcompany.com','Female','80.18.197.27','dbrunotti2','puDShytJ3','1988-11-12','Norway','2020-10-06 02:33:47'),(4,'Sindee','Caret','scaret3@google.de','Female','149.137.163.90','scaret3','cUNT1v','1986-06-10','Kenya','2020-05-14 04:39:22'),(5,'Cacilie','Balnaves','cbalnaves4@census.gov','Female','157.208.156.179','cbalnaves4','nKxrP5GgXOoq','2009-12-06','China','2020-08-31 17:06:57'),(6,'Pooh','Deverille','pdeverille5@abc.net.au','Female','7.104.199.60','pdeverille5','rSETxrYwOCG','2010-01-31','Russia','2020-04-09 13:56:03'),(7,'Donal','Maruszewski','dmaruszewski6@is.gd','Male','180.199.66.141','dmaruszewski6','vKESuHA','1996-07-26','Botswana','2020-04-14 14:35:31'),(8,'Eddy','Dansey','edansey7@so-net.ne.jp','Female','147.51.135.47','edansey7','eg3i7rBo1ng','2007-09-30','China','2020-04-03 09:53:16'),(9,'Lanny','Lafford','llafford8@indiatimes.com','Female','94.86.236.194','llafford8','Q38qY2N','1979-06-02','Armenia','2020-01-12 20:47:42'),(10,'Tobie','Girodier','tgirodier9@miibeian.gov.cn','Male','55.59.28.234','tgirodier9','nfvTeQvbYc1','2008-05-10','China','2020-07-17 16:15:37'),(11,'Lyda','Hallwell','lhallwella@sun.com','Female','221.132.18.243','lhallwella','XpIwCg','1993-10-31','China','2020-07-07 22:25:52'),(12,'Vasily','Eyree','veyreeb@intel.com','Male','113.216.216.147','veyreeb','VlemHG','2005-06-11','China','2020-06-06 09:56:11'),(13,'Waring','Mockler','wmocklerc@cbsnews.com','Male','154.255.152.82','wmocklerc','BQpnWb7YW5','2000-06-13','Indonesia','2020-08-13 13:19:12'),(14,'Maude','Guichard','mguichardd@chicagotribune.com','Female','144.201.6.56','mguichardd','rHMFSOnn5P','1999-05-20','China','2020-02-04 02:54:57'),(15,'Corinna','Andryszczak','candryszczake@cbc.ca','Female','216.119.134.77','candryszczake','BL5yS62','2010-12-17','Russia','2020-03-08 21:53:27'),(16,'Kassi','Logue','kloguef@ning.com','Female','215.216.155.63','kloguef','M8nJacNi','1979-07-03','Argentina','2020-08-12 17:37:37'),(17,'Rustie','Noury','rnouryg@biblegateway.com','Male','89.165.139.176','rnouryg','66M1RfWh','1977-11-24','Cambodia','2020-07-02 14:31:57'),(18,'Saw','Swayte','sswayteh@prnewswire.com','Male','51.94.52.167','sswayteh','5WXFz9HXe5','1991-12-30','Venezuela','2020-08-04 07:03:34'),(19,'Say','Ley','sleyi@house.gov','Male','47.74.168.123','sleyi','97BICKdZbmk','2008-01-07','Costa Rica','2020-06-04 19:07:42'),(20,'Ralf','Thiolier','rthiolierj@dell.com','Male','5.5.49.86','rthiolierj','9GmId5','1974-02-19','China','2020-07-27 04:58:59'),(21,'Ethan','Hofton','ehoftonk@homestead.com','Male','93.91.149.56','ehoftonk','1nb6WH','1968-06-25','Georgia','2020-07-14 19:10:01'),(22,'Frank','Hinkley','fhinkleyl@tiny.cc','Male','51.158.125.106','fhinkleyl','siBVOaAg','1989-04-28','France','2020-10-31 17:24:31'),(23,'Allyn','Oag','aoagm@booking.com','Female','175.32.110.14','aoagm','0gwYaeoK4gF5','1977-02-26','China','2020-04-25 15:18:07'),(24,'Alisha','Bayne','abaynen@ning.com','Female','66.245.151.58','abaynen','fGubcKANZb','1978-01-31','Russia','2020-05-14 09:54:04'),(25,'Pepillo','Fehner','pfehnero@ebay.co.uk','Male','115.32.166.0','pfehnero','pgNhHllHQGCt','1975-05-22','Spain','2020-05-02 14:11:06'),(26,'Skell','Valerius','svaleriusp@forbes.com','Male','10.170.41.244','svaleriusp','3ZFwbfUs','1964-09-18','Vietnam','2020-08-31 17:18:51'),(27,'Sampson','Robrose','srobroseq@indiegogo.com','Male','144.81.0.51','srobroseq','JqAZarNLNKiP','1998-03-27','Ecuador','2020-07-02 17:47:16'),(28,'Brew','Berthelet','bbertheletr@va.gov','Male','222.119.44.107','bbertheletr','y6OldiULcque','1980-09-28','Philippines','2020-07-20 16:06:48'),(29,'Rollins','Hedden','rheddens@1688.com','Male','255.188.146.0','rheddens','46BleQN','2000-12-11','Malaysia','2020-07-31 18:44:53'),(30,'Donella','Rhymer','drhymert@java.com','Female','207.182.215.195','drhymert','RKuta5gCD','1985-02-27','China','2020-06-11 16:29:33'),(31,'Carole','Van der Mark','cvandermarku@smh.com.au','Female','193.195.156.42','cvandermarku','csV9SUOpcq','1993-12-24','Bolivia','2020-02-28 13:42:38'),(32,'Karyl','Lannen','klannenv@mapquest.com','Female','40.67.239.64','klannenv','9wDG2m','1969-02-26','Canada','2020-03-24 23:30:35'),(33,'Carissa','Learie','cleariew@google.fr','Female','206.209.64.49','cleariew','ICkhsx','1965-04-16','China','2020-07-21 23:24:18'),(34,'Staffard','Ives','sivesx@utexas.edu','Male','87.155.54.173','sivesx','hrSZyF14wgV','1974-11-25','China','2020-04-30 22:05:58'),(35,'Standford','Matheson','smathesony@typepad.com','Male','18.33.109.73','smathesony','htPxlFnOO9','1968-09-23','Saudi Arabia','2020-10-31 16:36:49'),(36,'Robb','Orneles','rornelesz@gravatar.com','Male','192.1.149.201','rornelesz','fPqwhECd','1997-09-05','Indonesia','2020-03-09 16:51:03'),(37,'Sancho','Capsey','scapsey10@meetup.com','Male','86.170.41.137','scapsey10','iUjVbZKSgWC','1963-05-18','Russia','2020-06-09 23:19:02'),(38,'Gregg','Loftie','gloftie11@accuweather.com','Male','73.72.201.133','gloftie11','osn3Iq','1965-04-18','Indonesia','2020-09-27 14:23:28'),(39,'Madelle','Hunnawill','mhunnawill12@cyberchimps.com','Female','156.233.178.209','mhunnawill12','4hkmuwaGoPJf','1983-05-16','Malaysia','2020-06-29 17:05:55'),(40,'Ricard','Hothersall','rhothersall13@angelfire.com','Male','116.229.16.150','rhothersall13','4He5ffXed','1966-09-04','Colombia','2020-09-02 20:54:38'),(41,'Rosamund','Glenister','rglenister14@booking.com','Female','140.163.90.201','rglenister14','V6YuXs2sS','1985-06-06','Poland','2020-06-12 23:21:49'),(42,'Farley','Van den Broek','fvandenbroek15@shinystat.com','Male','87.69.106.116','fvandenbroek15','yZVbEdavziSh','1970-09-21','Philippines','2020-10-19 05:45:15'),(43,'Charmine','Manchett','cmanchett16@chron.com','Female','84.229.1.8','cmanchett16','46ybhVqjNhTk','1999-10-02','Nicaragua','2020-05-09 21:05:56'),(44,'Keen','Hinstridge','khinstridge17@dion.ne.jp','Male','128.106.38.116','khinstridge17','eZhrnvgnmFW','1962-12-13','China','2020-01-16 10:13:26'),(45,'Germana','Maddigan','gmaddigan18@people.com.cn','Female','68.247.90.106','gmaddigan18','6oI3XSq','1971-09-24','China','2020-05-13 01:14:01'),(46,'Margalo','Slorance','mslorance19@nyu.edu','Female','112.11.56.49','mslorance19','7OwgmXQL','1976-09-22','Japan','2020-12-10 03:26:47'),(47,'Sherwin','Joul','sjoul1a@va.gov','Male','70.223.43.255','sjoul1a','7I6h5SE','1965-02-19','China','2020-08-25 08:10:42'),(48,'Bary','Vowden','bvowden1b@cyberchimps.com','Male','46.249.225.235','bvowden1b','MdCGS2','1980-12-04','Portugal','2020-01-09 14:17:13'),(49,'Madlen','Wane','mwane1c@1688.com','Female','152.78.27.114','mwane1c','yq8NRqY4mid','2006-08-19','Brazil','2020-11-06 09:05:36'),(50,'Barry','Saffer','bsaffer1d@zdnet.com','Male','19.241.17.54','bsaffer1d','jDDVGFuSoaQ','1970-12-25','Dominican Republic','2020-11-08 12:15:38'),(51,'Orson','Anstee','oanstee1e@google.ca','Male','216.41.68.137','oanstee1e','0YnbQd0MN','1978-12-25','Indonesia','2020-11-02 23:29:24'),(52,'Oralia','Danielsohn','odanielsohn1f@icio.us','Female','113.171.152.167','odanielsohn1f','pOmujZPni','1988-11-25','China','2020-06-29 01:22:59'),(53,'Domini','Pulman','dpulman1g@desdev.cn','Female','64.22.211.167','dpulman1g','51JnX698Bb8D','1976-06-16','South Korea','2020-08-24 03:39:17'),(54,'Dorrie','Taft','dtaft1h@biglobe.ne.jp','Female','28.170.186.44','dtaft1h','82ha4xpk','2007-05-26','Nigeria','2020-09-19 09:27:50'),(55,'Brander','Mertin','bmertin1i@sfgate.com','Male','14.59.90.29','bmertin1i','Md0sh4oV','1979-07-04','Indonesia','2020-03-08 06:37:41'),(56,'Fayina','Hovel','fhovel1j@oracle.com','Female','246.16.27.234','fhovel1j','U7Owp5ZQI3Lc','2002-04-25','Russia','2020-04-18 05:00:26'),(57,'Peder','Servis','pservis1k@msn.com','Male','181.64.18.145','pservis1k','Jrf69XZPq','1980-07-18','Cameroon','2020-04-02 01:33:47'),(58,'Tobias','Boyat','tboyat1l@prlog.org','Male','35.170.15.161','tboyat1l','YE0P4W','2003-03-24','Thailand','2020-06-01 07:28:55'),(59,'Nedda','Avrahamy','navrahamy1m@nhs.uk','Female','234.167.163.137','navrahamy1m','qJXIVjPokXx3','2006-01-25','China','2020-07-29 15:03:43'),(60,'Lorena','Stonuary','lstonuary1n@census.gov','Female','100.119.2.104','lstonuary1n','rRnT4r0SSa','2009-06-26','Peru','2020-05-12 18:19:54'),(61,'Staford','Danielis','sdanielis1o@paginegialle.it','Male','84.170.226.183','sdanielis1o','NoNnlCg','1978-02-03','Bolivia','2020-07-09 12:26:38'),(62,'Dennie','Collinwood','dcollinwood1p@zdnet.com','Female','33.52.46.21','dcollinwood1p','sdTuN2HN','2000-07-27','China','2020-04-29 16:53:58'),(63,'Sergio','Padilla','spadilla1q@wunderground.com','Male','195.174.178.212','spadilla1q','khhZCAVVMSi','1969-08-07','Portugal','2020-11-09 22:59:20'),(64,'Adel','Tailby','atailby1r@constantcontact.com','Female','106.69.23.166','atailby1r','xcHwiwTzioXg','1998-03-25','Thailand','2020-06-20 00:27:33'),(65,'Ralph','Sibthorp','rsibthorp1s@aboutads.info','Male','46.184.56.123','rsibthorp1s','LzV9KgWq','1973-08-26','Indonesia','2020-08-11 01:03:15'),(66,'Gertrude','Phippen','gphippen1t@purevolume.com','Female','22.10.249.221','gphippen1t','2yi2Vc0kE','1981-12-22','China','2020-11-08 10:58:06'),(67,'Berni','McGerr','bmcgerr1u@prnewswire.com','Female','107.5.248.98','bmcgerr1u','S6yB5R','1997-09-27','Panama','2020-10-15 17:25:44'),(68,'Kristin','Andrelli','kandrelli1v@desdev.cn','Female','185.187.189.74','kandrelli1v','5Hmxnr5GVxAK','1998-08-25','Sweden','2020-04-13 12:08:19'),(69,'Hyman','Causer','hcauser1w@nasa.gov','Male','28.1.137.187','hcauser1w','gCLRwlj9EaC','2008-12-07','Philippines','2020-02-09 14:28:41'),(70,'Mirna','Agius','magius1x@chicagotribune.com','Female','99.101.221.14','magius1x','vJbyThG2XkJ','1992-08-10','Philippines','2020-06-19 05:26:11'),(71,'Jillene','Phipps','jphipps1y@elegantthemes.com','Female','220.9.117.78','jphipps1y','p3MwOEn5CjtB','1976-05-08','Indonesia','2020-02-05 13:17:21'),(72,'Barret','Milmo','bmilmo1z@kickstarter.com','Male','86.48.217.44','bmilmo1z','brt5nW1gBMX','1971-12-16','Brazil','2020-11-30 00:35:34'),(73,'Diena','Mabbot','dmabbot20@squarespace.com','Female','48.180.23.74','dmabbot20','63Dftc6Zivz','2001-10-03','China','2020-06-23 09:12:08'),(74,'Pen','Juster','pjuster21@theguardian.com','Female','122.206.81.152','pjuster21','b82GX2Sc9D','1993-07-17','Syria','2020-05-25 22:13:34'),(75,'Thomas','Grealey','tgrealey22@yale.edu','Male','30.158.209.151','tgrealey22','4dWdBXTzJ','2010-01-14','China','2020-11-08 18:14:31'),(76,'Lishe','Swede','lswede23@issuu.com','Female','168.115.151.95','lswede23','cu24GE','1990-05-10','Poland','2020-08-01 20:13:29'),(77,'Jojo','Cardenoso','jcardenoso24@free.fr','Female','238.3.175.193','jcardenoso24','ZoycLIe','1966-12-23','Albania','2020-09-10 19:26:39'),(78,'Cyrus','Bixley','cbixley25@boston.com','Male','125.97.235.125','cbixley25','vrqEwxv','1987-05-18','Indonesia','2020-09-29 15:58:59'),(79,'Nikolaos','Schollar','nschollar26@jigsy.com','Male','35.133.12.38','nschollar26','hjpFU78Khrb','1993-10-18','Portugal','2020-02-02 11:08:02'),(80,'Ray','Forsdicke','rforsdicke27@weibo.com','Female','73.239.20.246','rforsdicke27','20EgXNhP','1962-04-29','Indonesia','2020-02-04 21:15:29'),(81,'Eve','Wildes','ewildes28@netlog.com','Female','60.174.93.235','ewildes28','XY6z5Y','1987-07-01','Indonesia','2020-05-02 13:44:11'),(82,'Jacintha','Ingarfill','jingarfill29@oaic.gov.au','Female','164.88.67.87','jingarfill29','YWeXrlogdo','1963-05-10','South Africa','2020-09-06 20:40:12'),(83,'Thane','Matteotti','tmatteotti2a@chicagotribune.com','Male','229.189.235.160','tmatteotti2a','yw4xJwNnmLd','2000-04-20','Poland','2020-04-17 20:26:59'),(84,'Callie','Twittey','ctwittey2b@networkadvertising.org','Female','233.194.213.38','ctwittey2b','S71udae','1985-03-14','Russia','2020-05-11 10:31:00'),(85,'Juliann','Dawks','jdawks2c@hud.gov','Female','134.44.86.56','jdawks2c','BZTEbTBcLW','1990-06-17','Sweden','2020-06-20 08:21:59'),(86,'Tracey','Ealam','tealam2d@nydailynews.com','Female','139.163.112.192','tealam2d','xlC7veOmBnM','1962-03-01','China','2020-04-08 02:45:53'),(87,'Candide','Arangy','carangy2e@booking.com','Female','178.193.185.102','carangy2e','8QQVGSm1ti','1980-02-01','China','2020-12-03 22:13:47'),(88,'Peterus','Leathwood','pleathwood2f@t-online.de','Male','77.245.62.10','pleathwood2f','YQ0N5y','1998-05-18','Syria','2020-01-04 04:43:49'),(89,'Demetris','Feast','dfeast2g@dell.com','Female','161.234.77.71','dfeast2g','mVZYDst8wnZ','1971-10-31','Japan','2020-08-24 14:39:17'),(90,'Aylmar','Pask','apask2h@clickbank.net','Male','181.189.139.92','apask2h','j9bMJ13a','1988-11-10','Philippines','2020-10-18 17:17:17'),(91,'Coleman','Budnk','cbudnk2i@live.com','Male','231.16.190.226','cbudnk2i','kZ2SXHIJYy6p','2009-07-19','Philippines','2020-08-06 20:46:48'),(92,'Viole','Whitmarsh','vwhitmarsh2j@ft.com','Female','4.212.91.17','vwhitmarsh2j','ASXlPyr4W4iA','1987-11-28','Bosnia and Herzegovina','2020-07-24 05:26:25'),(93,'Bevin','Verring','bverring2k@cloudflare.com','Male','39.148.40.53','bverring2k','OQcVxa','1973-04-26','Palestinian Territory','2020-06-06 02:49:03'),(94,'Hew','Broinlich','hbroinlich2l@abc.net.au','Male','69.244.147.37','hbroinlich2l','KQ1QSyoX1j','1976-12-12','Thailand','2020-05-27 06:27:49'),(95,'Abraham','Bedow','abedow2m@archive.org','Male','46.76.221.122','abedow2m','ERkqN1VNGL1','1977-12-13','Russia','2020-04-25 12:35:23'),(96,'Georgie','Maudett','gmaudett2n@technorati.com','Female','147.150.3.209','gmaudett2n','ScYV67mrDE','1994-08-08','Indonesia','2020-12-04 17:52:20'),(97,'Monique','Ginley','mginley2o@devhub.com','Female','138.132.25.213','mginley2o','KuVyOkkFG','1961-04-03','Egypt','2020-07-17 17:46:46'),(98,'Karoly','Proswell','kproswell2p@tinyurl.com','Female','36.111.29.143','kproswell2p','NgvM5o','1989-02-27','Russia','2020-03-28 07:14:22'),(99,'Gweneth','Lidgett','glidgett2q@shareasale.com','Female','210.194.50.194','glidgett2q','K4sYMcWuFd','1990-12-02','Brazil','2020-08-26 19:20:50'),(100,'Duffy','Farre','dfarre2r@wordpress.com','Male','13.110.235.154','dfarre2r','k5m1xnP','1980-03-13','Indonesia','2020-04-03 16:56:26'),(101,'Frannie','Briddle','fbriddle2s@miitbeian.gov.cn','Female','100.163.162.131','fbriddle2s','vS2aPRDR5NP','1976-02-18','France','2020-03-16 10:05:49'),(102,'Loria','Cleghorn','lcleghorn2t@reddit.com','Female','133.39.58.174','lcleghorn2t','wv42Jg','2001-12-07','Luxembourg','2020-10-15 05:14:38'),(103,'Abagail','Gauche','agauche2u@a8.net','Female','195.6.91.126','agauche2u','A0fuvpC','1986-03-26','China','2020-04-16 18:01:57'),(104,'Munmro','Wallbridge','mwallbridge2v@java.com','Male','80.241.99.4','mwallbridge2v','FY9AcGpFUT5','1989-03-31','Iran','2020-09-04 23:46:05'),(105,'Cristobal','Petr','cpetr2w@weibo.com','Male','115.51.102.86','cpetr2w','7hvq9TrZJC','2008-07-12','Russia','2020-09-20 06:08:25'),(106,'Mickey','Simonds','msimonds2x@pen.io','Male','25.42.159.59','msimonds2x','khniwT4adc','1989-10-01','Armenia','2019-12-29 17:59:15'),(107,'Salaidh','Game','sgame2y@china.com.cn','Female','206.166.211.200','sgame2y','7FC4nNHcs','2008-12-14','Indonesia','2020-10-21 23:38:12'),(108,'Roma','Beckey','rbeckey2z@springer.com','Male','105.175.197.21','rbeckey2z','LjN7zK1aZHiq','1974-04-26','Nigeria','2020-10-24 11:43:06'),(109,'Kelsey','Bolitho','kbolitho30@webmd.com','Male','186.236.215.31','kbolitho30','Qfm7pihH','1964-05-17','Portugal','2020-12-03 05:11:22'),(110,'Nariko','Stack','nstack31@miibeian.gov.cn','Female','55.162.146.154','nstack31','3i9VIvY','1993-10-07','China','2020-03-12 17:14:59'),(111,'Maggy','Housaman','mhousaman32@alexa.com','Female','151.62.181.176','mhousaman32','cNefuQwsChMM','2006-01-02','Cameroon','2020-11-11 03:40:00'),(112,'Lois','Howchin','lhowchin33@histats.com','Female','226.237.232.102','lhowchin33','MAWqOuMnJ','1980-04-18','Kosovo','2020-06-10 22:50:29'),(113,'Evanne','Lenden','elenden34@stumbleupon.com','Female','39.122.138.209','elenden34','Jx9uR34RI','1993-10-07','Tanzania','2020-04-13 19:54:00'),(114,'Cobb','Brackenridge','cbrackenridge35@csmonitor.com','Male','71.90.69.241','cbrackenridge35','Sgr4KZDlfoa','1971-04-30','Belarus','2020-11-21 14:00:47'),(115,'Thurston','Heardman','theardman36@topsy.com','Male','234.194.122.82','theardman36','1g0r8QDy','1995-11-17','Uruguay','2020-03-30 20:27:39'),(116,'Tildi','Clancy','tclancy37@answers.com','Female','208.236.232.20','tclancy37','IvDnrn4jyQL','1964-10-11','Philippines','2020-09-27 17:19:39'),(117,'Parrnell','Jezzard','pjezzard38@illinois.edu','Male','5.236.193.197','pjezzard38','AwsfeiFu','1995-09-27','China','2020-08-28 16:41:46'),(118,'Morgen','Paeckmeyer','mpaeckmeyer39@photobucket.com','Male','177.7.114.51','mpaeckmeyer39','uG0Dp1YOQa','1976-11-22','Armenia','2020-04-18 18:14:01'),(119,'Marie-ann','Parffrey','mparffrey3a@comcast.net','Female','235.143.6.166','mparffrey3a','KU3uORfQx','1993-12-11','Colombia','2020-12-09 07:31:32'),(120,'Eugenio','Anthonies','eanthonies3b@nhs.uk','Male','169.129.107.113','eanthonies3b','6kmnfrRT','1972-10-14','Afghanistan','2020-01-23 13:25:06'),(121,'Hobard','Peake','hpeake3c@dedecms.com','Male','26.17.67.145','hpeake3c','Gk9N3Yd','1981-01-26','Peru','2020-04-24 18:09:18'),(122,'Nita','Fontin','nfontin3d@spiegel.de','Female','54.220.231.1','nfontin3d','5z67RlLc3Qr','1992-02-27','Syria','2020-09-24 11:13:23'),(123,'Lucila','Limbrick','llimbrick3e@joomla.org','Female','53.102.48.116','llimbrick3e','XQeM2VbRWrH','1971-09-21','Sweden','2020-01-23 04:49:43'),(124,'Nelson','Braven','nbraven3f@who.int','Male','15.81.161.74','nbraven3f','VJMHALvDX','2003-08-05','Ukraine','2020-02-09 22:16:59'),(125,'Garnette','Haw','ghaw3g@github.io','Female','58.66.76.71','ghaw3g','QuNgT3ST3ay','1993-08-30','Brazil','2020-12-24 16:13:35'),(126,'Sheba','Lawley','slawley3h@accuweather.com','Female','225.166.111.181','slawley3h','YS3Sk0PKLcSO','1997-10-17','China','2020-01-05 09:10:20'),(127,'Kermie','Camocke','kcamocke3i@wiley.com','Male','255.58.119.95','kcamocke3i','10i8PUJZ','1980-06-28','Philippines','2020-05-27 12:50:03'),(128,'Owen','Nouch','onouch3j@cbsnews.com','Male','182.17.73.20','onouch3j','phNcqwimZm2Q','2006-03-08','Serbia','2020-12-01 12:35:08'),(129,'Melloney','Noir','mnoir3k@netlog.com','Female','232.140.54.78','mnoir3k','1MivRFZz','2002-01-17','China','2020-09-14 21:30:16'),(130,'Rorke','Berryann','rberryann3l@un.org','Male','202.123.43.205','rberryann3l','XTSiRTh','1993-07-30','China','2020-04-13 07:23:51'),(131,'Killy','Epelett','kepelett3m@wikispaces.com','Male','215.211.231.239','kepelett3m','hLFeVMOiBjP','1972-10-26','Russia','2020-06-04 06:47:14'),(132,'Alic','Acory','aacory3n@webmd.com','Male','152.211.60.144','aacory3n','qQ09clWiGDWb','1992-03-12','France','2020-08-21 11:15:37'),(133,'Brendin','Cannan','bcannan3o@blogspot.com','Male','111.167.110.136','bcannan3o','bT1LdF','1982-10-05','Czech Republic','2020-10-26 16:16:35'),(134,'Emelda','Collibear','ecollibear3p@shop-pro.jp','Female','192.142.234.178','ecollibear3p','ZHGDrh','1998-02-28','Philippines','2020-10-11 00:43:39'),(135,'L;urette','Fatharly','lfatharly3q@usatoday.com','Female','158.95.115.132','lfatharly3q','JSbXkEV1','2007-06-17','Philippines','2020-12-05 12:12:50'),(136,'Ginevra','Bearman','gbearman3r@ehow.com','Female','159.135.29.70','gbearman3r','TTqCkz9XDXQo','1962-09-27','Portugal','2020-09-21 10:31:53'),(137,'Vonnie','Boothe','vboothe3s@macromedia.com','Female','40.156.252.111','vboothe3s','pnnnXh','1990-07-17','China','2020-11-18 21:47:00'),(138,'Humphrey','Scone','hscone3t@cornell.edu','Male','81.208.15.24','hscone3t','vTf9Rh9yqH','1963-11-29','Sweden','2020-09-12 13:44:43'),(139,'Gilbertina','Meachan','gmeachan3u@microsoft.com','Female','143.68.248.31','gmeachan3u','bNlKIU5e','1972-12-06','China','2020-01-18 12:36:01'),(140,'Sibelle','Vosse','svosse3v@china.com.cn','Female','52.150.104.35','svosse3v','Asz9cEOWQX','1981-07-13','Egypt','2020-11-05 14:53:44'),(141,'Talya','Dulton','tdulton3w@independent.co.uk','Female','235.17.114.126','tdulton3w','PZAPugUG6P','1977-07-26','Yemen','2020-06-13 09:06:55'),(142,'Nye','Gleeton','ngleeton3x@ovh.net','Male','136.58.53.83','ngleeton3x','rXYGca','1962-08-02','Sweden','2020-10-27 07:19:34'),(143,'Humphrey','McGaw','hmcgaw3y@google.pl','Male','126.229.55.12','hmcgaw3y','IP6MXJzt7I','2003-01-19','China','2020-04-16 13:34:33'),(144,'Hurley','Bowser','hbowser3z@bluehost.com','Male','162.109.245.13','hbowser3z','pjjhbe','1989-12-09','Tanzania','2020-09-14 15:39:53'),(145,'Cori','Bauld','cbauld40@go.com','Male','67.200.202.175','cbauld40','8gZaZ8pI','2006-01-04','Philippines','2020-01-09 21:40:46'),(146,'Alexandros','Mendes','amendes41@jalbum.net','Male','125.17.176.211','amendes41','z9WPa8sa','1962-01-20','Afghanistan','2020-10-27 09:17:29'),(147,'Terrell','Filipovic','tfilipovic42@kickstarter.com','Male','129.41.78.191','tfilipovic42','nf1GqvZn7','1962-04-05','China','2020-11-15 09:08:48'),(148,'Felicle','Hackworth','fhackworth43@squidoo.com','Female','206.227.171.211','fhackworth43','04cvMC9K','1970-06-24','United States','2020-07-06 11:50:57'),(149,'Orson','Stanex','ostanex44@hibu.com','Male','162.216.25.62','ostanex44','pb2pxY4','2002-05-14','France','2020-01-17 07:54:36'),(150,'Crosby','Lockett','clockett45@sun.com','Male','116.162.219.136','clockett45','2MKTtiWu','1967-08-07','Philippines','2020-08-27 05:24:31'),(151,'Uri','Sorsby','usorsby46@rakuten.co.jp','Male','95.176.222.167','usorsby46','eNACDOlSuO6','2010-06-19','Portugal','2020-09-07 18:26:53'),(152,'Clayborn','Fellibrand','cfellibrand47@census.gov','Male','201.14.255.46','cfellibrand47','aOhw5XLF','1974-08-13','China','2020-11-24 08:22:51'),(153,'Roseanna','Fallow','rfallow48@ibm.com','Female','151.74.113.96','rfallow48','pZ1g5mtWuP','1986-09-02','France','2020-10-22 03:16:44'),(154,'Hermann','Delieu','hdelieu49@merriam-webster.com','Male','158.46.23.165','hdelieu49','VFl5YU0qj','1983-05-04','Nigeria','2020-10-09 03:14:28'),(155,'Lise','Gerauld','lgerauld4a@blog.com','Female','96.226.46.151','lgerauld4a','OJh6igr6F','1978-03-08','Russia','2020-04-28 09:11:44'),(156,'Hildagard','Kingswood','hkingswood4b@creativecommons.org','Female','23.220.255.149','hkingswood4b','vLqAWAb','1994-01-26','China','2020-10-04 09:29:02'),(157,'Jarid','Hyam','jhyam4c@live.com','Male','217.64.113.176','jhyam4c','agWOVmx3','1989-09-17','Indonesia','2020-10-10 05:01:04'),(158,'Dorita','Simoncello','dsimoncello4d@naver.com','Female','226.41.196.237','dsimoncello4d','cI94kjsv','1966-11-02','Poland','2020-05-19 02:47:47'),(159,'Sydney','Gremain','sgremain4e@seesaa.net','Male','179.37.85.75','sgremain4e','NDY2tNQ','1989-09-28','Indonesia','2020-02-22 17:39:30'),(160,'Rana','Grayham','rgrayham4f@moonfruit.com','Female','77.159.225.92','rgrayham4f','hAbskgAj','1997-10-17','Indonesia','2020-03-01 11:31:26'),(161,'Kevan','Latchmore','klatchmore4g@sina.com.cn','Male','54.72.36.189','klatchmore4g','WTJgllxdGJ','1967-05-18','Indonesia','2020-07-30 06:49:56'),(162,'Jolee','Wanne','jwanne4h@sohu.com','Female','75.176.190.139','jwanne4h','3laJUTjc','1993-12-02','Russia','2020-06-27 08:50:09'),(163,'Susana','McOrkill','smcorkill4i@ustream.tv','Female','78.152.247.165','smcorkill4i','JJuN2n4Z','1999-11-25','Tunisia','2020-06-21 19:32:49'),(164,'Shelby','Gayter','sgayter4j@nytimes.com','Female','64.41.230.85','sgayter4j','m2hw3uJm3b8','1997-11-27','Egypt','2020-05-02 22:50:55'),(165,'Norah','Bartrop','nbartrop4k@ted.com','Female','160.160.188.94','nbartrop4k','0aKIk3WZHk','2005-01-04','Nigeria','2020-10-12 23:05:34'),(166,'Alane','Sheilds','asheilds4l@qq.com','Female','74.89.192.104','asheilds4l','z51rvI','1999-06-05','China','2020-02-04 03:04:06'),(167,'Elladine','Dominec','edominec4m@purevolume.com','Female','114.74.10.45','edominec4m','rzAcnrFlzD','1981-04-16','Poland','2020-08-10 12:08:08'),(168,'Iolande','McCullogh','imccullogh4n@icio.us','Female','150.5.28.169','imccullogh4n','b6z5zOpHgP','2010-01-06','China','2020-07-08 08:45:45'),(169,'Alfons','Potter','apotter4o@skype.com','Male','118.64.208.5','apotter4o','ZkXmIJffHSx','1981-11-05','Yemen','2020-07-18 09:55:40'),(170,'Schuyler','Flewitt','sflewitt4p@yahoo.co.jp','Male','159.212.90.216','sflewitt4p','AafUzk4AiD','1962-11-19','China','2020-09-29 01:27:31'),(171,'Andrus','Lonie','alonie4q@cafepress.com','Male','207.151.118.31','alonie4q','i75mgnAeG','1979-07-09','Iraq','2020-08-10 16:21:24'),(172,'Keir','Churchley','kchurchley4r@cnn.com','Male','192.73.197.138','kchurchley4r','e9fkf18ataT','2000-05-30','France','2020-01-23 20:13:15'),(173,'Tommy','Whild','twhild4s@nifty.com','Female','94.37.130.203','twhild4s','V5Paagi','2002-12-03','France','2020-05-17 20:52:26'),(174,'Shalna','Crossan','scrossan4t@skype.com','Female','184.95.83.170','scrossan4t','xzwkthkwJ1d','2009-07-13','Russia','2020-10-25 01:03:40'),(175,'Barty','Winstone','bwinstone4u@npr.org','Male','155.5.200.16','bwinstone4u','RlEEu4TcTUwB','2003-03-14','Chile','2020-02-05 00:55:01'),(176,'Tamra','Berndtsson','tberndtsson4v@fastcompany.com','Female','51.167.86.132','tberndtsson4v','2bqjYCZksyA','1986-06-17','France','2020-08-05 18:48:55'),(177,'Mame','Veelers','mveelers4w@quantcast.com','Female','93.255.201.154','mveelers4w','REsFZyRf','1996-05-26','Poland','2020-01-19 15:41:36'),(178,'Kate','Cron','kcron4x@opera.com','Female','26.245.211.200','kcron4x','1RKAMdW42ku','1999-06-15','Brazil','2020-02-19 19:36:45'),(179,'Hussein','Poure','hpoure4y@kickstarter.com','Male','189.140.164.223','hpoure4y','CME6U0PyMCa','1994-08-02','Portugal','2020-02-18 02:58:45'),(180,'Willis','Baldetti','wbaldetti4z@illinois.edu','Male','153.223.91.50','wbaldetti4z','sDSljSi','1968-09-08','Yemen','2019-12-25 19:40:44'),(181,'Margarita','Hounsom','mhounsom50@wiley.com','Female','142.43.125.170','mhounsom50','05NYqLo','1967-12-20','Macedonia','2020-09-23 05:52:10'),(182,'Maisey','Kerwen','mkerwen51@clickbank.net','Female','199.23.156.232','mkerwen51','fw7OYx6','1968-01-24','Nepal','2020-03-22 22:57:14'),(183,'Eal','Dragoe','edragoe52@sakura.ne.jp','Male','208.170.249.42','edragoe52','gP016v','1984-10-28','Ukraine','2020-04-26 17:09:06'),(184,'Chilton','Scothorn','cscothorn53@zimbio.com','Male','171.244.233.24','cscothorn53','pAckAMdTE','1991-09-19','Belarus','2020-11-13 15:26:11'),(185,'Olav','Puzey','opuzey54@cornell.edu','Male','50.4.117.117','opuzey54','BoqSdGOv','1998-10-01','Greece','2020-12-12 19:05:25'),(186,'Darlene','Sheridan','dsheridan55@apple.com','Female','193.152.157.231','dsheridan55','dz7WJHu','1964-09-25','Madagascar','2020-08-10 23:53:55'),(187,'Dagmar','Leve','dleve56@pagesperso-orange.fr','Female','9.43.118.75','dleve56','7QATF9MxC','1974-12-11','Finland','2020-03-28 09:49:53'),(188,'Halley','Rappport','hrappport57@ycombinator.com','Female','36.92.225.124','hrappport57','qKKzaIKRIK','2001-08-04','Croatia','2020-08-29 01:36:46'),(189,'Meredith','Chinge','mchinge58@disqus.com','Male','24.72.183.171','mchinge58','jzX4LeJfZKLq','1978-12-16','New Zealand','2020-01-07 21:19:24'),(190,'Gaylor','Ornillos','gornillos59@blogs.com','Male','123.192.162.94','gornillos59','uB2EkG','2007-03-11','China','2020-04-10 01:46:41'),(191,'Leif','Tubbles','ltubbles5a@vkontakte.ru','Male','222.153.193.114','ltubbles5a','3Ep3F4HcnL','1965-10-27','Portugal','2020-11-27 08:15:19'),(192,'Rawley','Lyttle','rlyttle5b@bloglines.com','Male','89.21.121.139','rlyttle5b','7cZAtgB','1969-04-06','China','2020-04-07 02:28:53'),(193,'Jess','McGaughie','jmcgaughie5c@amazon.com','Male','119.185.22.4','jmcgaughie5c','6vgDde6q','1997-09-16','Mexico','2020-12-19 06:45:09'),(194,'Marion','Avramow','mavramow5d@bloglines.com','Male','121.76.148.170','mavramow5d','Ao9lDG','2007-02-19','Poland','2020-07-24 17:32:52'),(195,'Cordey','Penhalurick','cpenhalurick5e@twitpic.com','Female','143.220.81.162','cpenhalurick5e','a3orPqJaV','1986-08-08','Philippines','2020-03-19 22:12:32'),(196,'Irena','Stickel','istickel5f@scientificamerican.com','Female','114.245.116.90','istickel5f','Ro5iZx6W','1969-07-12','Greece','2020-03-12 06:24:19'),(197,'Mallory','Dofty','mdofty5g@i2i.jp','Male','16.100.32.66','mdofty5g','pjQPNbJ5','1989-03-03','Tunisia','2020-03-27 08:50:34'),(198,'Tarrance','Shevelin','tshevelin5h@time.com','Male','153.173.52.82','tshevelin5h','VJujaJOL','2005-09-17','Finland','2020-09-30 07:34:49'),(199,'Fanni','Bownas','fbownas5i@who.int','Female','15.105.223.210','fbownas5i','2Lg7KWZ','2003-08-07','Indonesia','2020-04-17 15:23:21'),(200,'Maisey','Fulle','mfulle5j@mtv.com','Female','181.126.219.223','mfulle5j','1rPDvkw','1977-04-11','Ukraine','2020-04-05 11:36:50'),(201,'Colver','Stealy','cstealy5k@shinystat.com','Male','118.185.151.67','cstealy5k','nKZx6J','1991-04-26','Czech Republic','2020-02-16 03:17:44'),(202,'Madelene','Giffin','mgiffin5l@google.nl','Female','231.205.162.84','mgiffin5l','nPdSzaQj','1981-10-27','China','2020-02-14 20:20:39'),(203,'Aloysius','Bellinger','abellinger5m@merriam-webster.com','Male','223.180.246.109','abellinger5m','CoquSUKKqu8L','1994-11-03','Philippines','2019-12-28 17:41:34'),(204,'Tammy','Dobel','tdobel5n@vkontakte.ru','Female','94.131.170.62','tdobel5n','jdCuI8lPq','1979-05-08','Argentina','2020-12-16 03:34:05'),(205,'Barth','Posnette','bposnette5o@cdc.gov','Male','19.201.156.95','bposnette5o','bOrCcjh0EELL','1997-10-18','Norway','2020-11-17 18:15:52'),(206,'Hussein','Veelers','hveelers5p@spiegel.de','Male','255.129.255.177','hveelers5p','99aVHvkqAJ32','1994-02-23','Serbia','2019-12-26 18:32:13'),(207,'Liliane','Hillum','lhillum5q@epa.gov','Female','70.143.228.77','lhillum5q','IyzByCYRqk7','1980-07-30','Vietnam','2020-03-04 23:43:34'),(208,'Elton','Vedntyev','evedntyev5r@census.gov','Male','161.114.189.142','evedntyev5r','KpoQ3QU3','1997-03-17','Spain','2020-11-25 18:10:18'),(209,'Christophorus','Coite','ccoite5s@nature.com','Male','80.231.175.173','ccoite5s','RdcR56LB','1991-01-12','Philippines','2020-08-30 01:32:06'),(210,'Forster','MacShirie','fmacshirie5t@yolasite.com','Male','176.226.241.255','fmacshirie5t','0lgmkX3m8','2003-08-26','China','2020-06-02 09:09:21'),(211,'Fayette','Tixall','ftixall5u@hao123.com','Female','191.246.76.38','ftixall5u','oZMJubAa','1969-12-08','Colombia','2020-06-30 11:52:11'),(212,'Roth','Oxteby','roxteby5v@moonfruit.com','Male','209.170.108.197','roxteby5v','Z7DVfABbs','1995-12-26','Croatia','2020-07-31 12:29:25'),(213,'Lisetta','Eslemont','leslemont5w@japanpost.jp','Female','75.244.213.154','leslemont5w','BP0F3G','1972-03-03','China','2020-04-25 11:53:05'),(214,'Penny','McCluskey','pmccluskey5x@soundcloud.com','Female','192.124.163.89','pmccluskey5x','IDDClWEbazll','1996-08-22','Brazil','2020-03-26 03:04:34'),(215,'Glennie','Haslock','ghaslock5y@hostgator.com','Female','58.192.119.105','ghaslock5y','XhmMhH8Ylmvn','1989-06-09','Portugal','2020-04-09 04:30:46'),(216,'Gus','Moatt','gmoatt5z@twitter.com','Male','9.37.40.196','gmoatt5z','p6C2vOzV8VL4','2006-01-03','Croatia','2020-01-17 07:27:17'),(217,'Garv','Chattington','gchattington60@imdb.com','Male','132.158.71.192','gchattington60','Bnefj8Q','1979-10-02','China','2020-03-03 03:10:25'),(218,'Roxane','Arkle','rarkle61@samsung.com','Female','42.65.173.95','rarkle61','AFcq3hZ5EMV','2002-07-25','Vietnam','2020-08-24 13:57:07'),(219,'Kristen','Beatey','kbeatey62@theguardian.com','Female','54.158.95.169','kbeatey62','4mzY131FJA','1999-09-03','France','2020-09-05 12:51:54'),(220,'Reinaldo','Duley','rduley63@msu.edu','Male','29.92.207.225','rduley63','l6JmWCx5','2001-11-21','Nigeria','2020-02-03 06:15:51'),(221,'Kyle','Stolberg','kstolberg64@shareasale.com','Male','184.94.27.95','kstolberg64','ia7pzE8cG','1966-05-24','China','2020-11-11 06:03:28'),(222,'Padget','Conford','pconford65@yahoo.co.jp','Male','227.159.54.152','pconford65','3b0qz4','1978-08-02','Guinea','2020-04-11 00:21:38'),(223,'Leonid','Davys','ldavys66@delicious.com','Male','231.218.51.243','ldavys66','uOJIsd','2010-01-19','Indonesia','2020-05-01 14:33:10'),(224,'Brewer','Hovee','bhovee67@usda.gov','Male','1.101.158.116','bhovee67','JUSYmKGjHx5o','2005-07-23','France','2020-09-23 20:13:35'),(225,'Aldrich','Batho','abatho68@drupal.org','Male','147.28.239.136','abatho68','8m24o1r','2004-07-23','France','2019-12-27 02:25:10'),(226,'Daisey','Cochet','dcochet69@taobao.com','Female','161.231.34.134','dcochet69','wloxoxLifVN','1963-08-30','Poland','2020-05-03 07:30:45'),(227,'Dorothee','Lening','dlening6a@umich.edu','Female','76.181.165.126','dlening6a','dRoVdY','1970-09-22','Philippines','2020-09-14 21:13:00'),(228,'Hildegarde','Corah','hcorah6b@accuweather.com','Female','167.65.169.213','hcorah6b','ooRO5jzJd','2008-12-06','China','2020-08-26 10:31:12'),(229,'Shannen','Cubley','scubley6c@jugem.jp','Female','111.34.224.81','scubley6c','RYgB0qvcRX','2009-10-30','Indonesia','2020-06-15 18:43:19'),(230,'Marcille','Punton','mpunton6d@weather.com','Female','51.241.13.84','mpunton6d','Zmn7c9ql','1981-10-18','China','2020-06-01 09:20:26'),(231,'Steve','Rutt','srutt6e@wikipedia.org','Male','50.23.223.200','srutt6e','Sq9YMy','1979-05-17','France','2020-03-31 12:43:49'),(232,'Ray','Odger','rodger6f@ning.com','Female','229.119.110.6','rodger6f','ekrYyyio1E4F','1982-02-16','Russia','2020-03-12 02:50:47'),(233,'Tabbitha','Grantham','tgrantham6g@wikispaces.com','Female','51.82.93.39','tgrantham6g','qcwKljjX6ti','1984-09-18','Russia','2020-01-26 13:57:36'),(234,'Heloise','Gallager','hgallager6h@jalbum.net','Female','178.205.28.22','hgallager6h','Y3i9krzB0wv','1996-08-12','United States','2020-10-13 20:22:07'),(235,'Adeline','Kmiec','akmiec6i@de.vu','Female','164.111.167.160','akmiec6i','WudtSH','1999-09-01','Brazil','2020-01-31 22:30:41'),(236,'Kelly','Caunce','kcaunce6j@time.com','Female','117.84.198.102','kcaunce6j','JMb6zAIW','2005-11-07','China','2020-07-11 04:30:33'),(237,'Shay','Dailly','sdailly6k@unesco.org','Male','163.255.93.42','sdailly6k','cZcrE4gKltH','1970-12-05','China','2020-09-16 13:34:08'),(238,'Magnum','Stack','mstack6l@ycombinator.com','Male','243.215.137.137','mstack6l','5UeDXoL','1971-12-13','Russia','2020-01-26 19:54:34'),(239,'Isabelita','Tomaskunas','itomaskunas6m@pen.io','Female','247.192.202.56','itomaskunas6m','fmnaTESoKkSf','1992-04-14','Rwanda','2020-01-16 17:15:08'),(240,'Sibylle','Hafford','shafford6n@comsenz.com','Female','68.88.95.152','shafford6n','iqR6no','1989-07-21','Brazil','2020-01-31 01:38:23'),(241,'Mariana','Janeczek','mjaneczek6o@yolasite.com','Female','107.4.87.200','mjaneczek6o','Ue9cjtVkOU','2006-03-12','Philippines','2020-07-08 16:06:10'),(242,'Lefty','Padson','lpadson6p@mapy.cz','Male','100.46.93.91','lpadson6p','nJZhmL7C','1978-06-03','Philippines','2020-04-28 15:22:42'),(243,'Damien','Bouldstridge','dbouldstridge6q@china.com.cn','Male','215.206.123.216','dbouldstridge6q','oDmbW7yrM','1996-03-08','Jamaica','2020-01-24 21:49:58'),(244,'Madalena','Sievewright','msievewright6r@imgur.com','Female','151.127.94.220','msievewright6r','jP6DrC','1994-02-24','China','2020-09-29 22:01:59'),(245,'Jaquelin','Skayman','jskayman6s@google.com.br','Female','5.237.217.207','jskayman6s','al2bwje','1977-01-21','Philippines','2020-05-10 14:46:38'),(246,'Missie','Dunsmuir','mdunsmuir6t@livejournal.com','Female','14.6.203.233','mdunsmuir6t','cI9khLe','1967-12-31','Japan','2020-02-13 13:46:01'),(247,'Gearalt','Bedbrough','gbedbrough6u@yellowpages.com','Male','125.124.27.196','gbedbrough6u','bPFXYUb3','1965-12-08','Philippines','2020-12-03 20:02:24'),(248,'Carey','Camoletto','ccamoletto6v@creativecommons.org','Male','132.137.100.55','ccamoletto6v','zkhDLxPpD4C','1967-01-13','Colombia','2020-11-21 16:24:38'),(249,'Petronilla','Talboy','ptalboy6w@a8.net','Female','130.151.75.225','ptalboy6w','czgbH5ejfFOR','2009-12-15','Brazil','2020-02-19 22:38:25'),(250,'Dell','Fairpool','dfairpool6x@cnbc.com','Male','150.92.99.42','dfairpool6x','naYqk4H','1995-12-19','Thailand','2020-02-27 14:50:07'),(251,'Teresina','Croxton','tcroxton6y@ask.com','Female','102.67.229.243','tcroxton6y','AOxg0dpijNIE','2006-12-09','China','2020-02-25 23:10:57'),(252,'Lynda','Whales','lwhales6z@telegraph.co.uk','Female','34.19.223.168','lwhales6z','alwfwbuLZ','1991-03-26','Sweden','2020-07-26 05:01:06'),(253,'Gaven','Syvret','gsyvret70@twitpic.com','Male','187.72.219.115','gsyvret70','7jNN5wvZa9NR','1970-11-02','Iran','2020-06-19 14:18:39'),(254,'Harvey','Humby','hhumby71@pinterest.com','Male','43.87.15.48','hhumby71','trPzvP2ga','1985-03-08','Japan','2020-04-17 07:29:23'),(255,'Duffie','Lapsley','dlapsley72@alexa.com','Male','95.41.136.151','dlapsley72','yOAyBKTI2Ztc','1974-04-29','Philippines','2020-09-08 15:12:13'),(256,'Laure','Ipsly','lipsly73@godaddy.com','Female','247.63.75.120','lipsly73','LEWtoQiT2','1965-07-28','Vietnam','2020-07-20 13:11:57'),(257,'Emelda','Tessington','etessington74@histats.com','Female','4.143.182.69','etessington74','mvIbNtdKXZV','1995-03-19','Philippines','2020-05-22 14:17:44'),(258,'Conrado','Foulstone','cfoulstone75@multiply.com','Male','205.202.253.184','cfoulstone75','LwrFSNHGXhx3','1984-08-20','Sweden','2020-11-08 06:18:16'),(259,'Ester','St. Pierre','estpierre76@nyu.edu','Female','64.233.119.244','estpierre76','tSlkLY42L','1980-03-19','Czech Republic','2020-08-24 05:42:11'),(260,'Deena','Blown','dblown77@noaa.gov','Female','139.183.2.21','dblown77','5kzKqzdRB','1968-11-20','Afghanistan','2020-01-03 11:10:41'),(261,'Stanleigh','Crucitti','scrucitti78@addthis.com','Male','109.62.196.63','scrucitti78','8IlxYwhv9','1983-10-13','Philippines','2020-08-18 17:41:15'),(262,'Neddy','Selwyn','nselwyn79@sogou.com','Male','64.41.129.164','nselwyn79','UiIt9BaISjYh','2005-02-23','Indonesia','2020-09-07 09:29:12'),(263,'Jeanna','Stennes','jstennes7a@cdc.gov','Female','186.9.77.230','jstennes7a','s6BjSJ','1999-01-03','Togo','2020-12-11 05:20:45'),(264,'Jervis','Clavey','jclavey7b@example.com','Male','115.82.115.250','jclavey7b','TEAzf7','2001-06-28','China','2020-04-01 04:19:53'),(265,'Muffin','De Blasio','mdeblasio7c@reverbnation.com','Male','254.209.146.32','mdeblasio7c','BrHT2qc4','1999-11-16','Argentina','2020-11-07 19:22:11'),(266,'Virginia','Bazoche','vbazoche7d@example.com','Female','250.89.38.103','vbazoche7d','KVRBCqeiSm','1985-02-01','Argentina','2020-10-02 01:48:51'),(267,'Yance','Bestwerthick','ybestwerthick7e@acquirethisname.com','Male','193.227.70.197','ybestwerthick7e','H7VSfCiN','1978-04-08','Brazil','2020-03-11 00:25:50'),(268,'Ludovika','Hollow','lhollow7f@si.edu','Female','247.235.57.66','lhollow7f','bOz7pi','1993-01-23','Indonesia','2020-08-30 04:36:59'),(269,'Even','Horsell','ehorsell7g@youtu.be','Male','145.66.135.48','ehorsell7g','OVQWjX','1978-06-21','China','2020-05-04 18:53:44'),(270,'Bengt','Bonfield','bbonfield7h@mysql.com','Male','73.213.99.53','bbonfield7h','iHWCNhPiU8Y','1986-04-05','Poland','2020-03-12 16:33:57'),(271,'Herve','Torre','htorre7i@soundcloud.com','Male','38.153.143.128','htorre7i','4n7SfhY','1966-04-15','Malaysia','2020-10-19 20:00:35'),(272,'Carlos','Farraway','cfarraway7j@yelp.com','Male','97.193.167.174','cfarraway7j','dmhmjSMjN67','1988-01-22','China','2020-09-20 00:34:16'),(273,'Serena','Brimley','sbrimley7k@vkontakte.ru','Female','78.31.146.187','sbrimley7k','6isi3hE','2001-09-15','Russia','2020-08-22 02:43:37'),(274,'Court','Yellowley','cyellowley7l@upenn.edu','Male','242.58.228.22','cyellowley7l','lAbUlhGFZI','1961-10-16','Estonia','2020-02-22 18:47:17'),(275,'Elinore','Nodin','enodin7m@rediff.com','Female','68.191.69.10','enodin7m','72a0dXOJJT30','1980-03-22','Russia','2020-06-03 14:40:45'),(276,'Lissa','Hapgood','lhapgood7n@mozilla.com','Female','241.123.153.44','lhapgood7n','5v7ao2','1986-02-12','Estonia','2020-08-02 05:01:15'),(277,'Ivar','Oattes','ioattes7o@seattletimes.com','Male','45.248.96.127','ioattes7o','kaPL8pk','1994-07-09','China','2020-02-09 06:50:07'),(278,'Ashla','MacTimpany','amactimpany7p@smugmug.com','Female','182.224.236.119','amactimpany7p','S8kFRtUNF','1973-07-11','Russia','2020-08-08 04:25:59'),(279,'Gretna','Adao','gadao7q@bloglovin.com','Female','81.104.157.66','gadao7q','bpxDsuXfVq0','1996-07-14','Poland','2020-02-11 06:53:09'),(280,'Mart','Wightman','mwightman7r@icq.com','Male','252.170.162.75','mwightman7r','W1PeYKtBP','1985-07-02','Nigeria','2020-11-17 14:51:29'),(281,'Kerk','McAllaster','kmcallaster7s@umn.edu','Male','11.55.157.4','kmcallaster7s','3ZcNDSTK','2000-03-30','China','2020-07-18 03:17:03'),(282,'Marris','Dillamore','mdillamore7t@shinystat.com','Female','5.22.52.31','mdillamore7t','NMs6os','1988-04-19','Russia','2020-08-09 23:54:37'),(283,'Sheridan','Poulgreen','spoulgreen7u@stanford.edu','Male','189.184.103.245','spoulgreen7u','vqI4aZIJH0','1975-10-05','France','2020-08-11 12:04:02'),(284,'Maire','Chevin','mchevin7v@gmpg.org','Female','129.192.88.16','mchevin7v','l58raJ','1987-04-21','Portugal','2020-03-10 09:27:10'),(285,'Katie','Stollenwerck','kstollenwerck7w@jugem.jp','Female','208.223.28.6','kstollenwerck7w','XcU1xkfMGn','1980-07-04','Bolivia','2020-07-19 20:05:48'),(286,'Renaud','Stirzaker','rstirzaker7x@globo.com','Male','77.42.51.219','rstirzaker7x','toEaNWYEYoC','2009-11-12','Thailand','2020-05-27 03:10:06'),(287,'Kizzee','Rathmell','krathmell7y@wikipedia.org','Female','227.121.1.150','krathmell7y','utGQE78iZ','1963-05-20','Philippines','2020-02-06 09:30:06'),(288,'Wiley','Antonacci','wantonacci7z@seesaa.net','Male','158.43.15.56','wantonacci7z','JSZqaOGiGRe','1977-04-17','Colombia','2020-02-19 14:13:39'),(289,'Tymon','Summerrell','tsummerrell80@multiply.com','Male','128.135.196.153','tsummerrell80','pCQaEwMG983d','1977-10-07','China','2020-08-31 23:32:04'),(290,'Lincoln','Spivey','lspivey81@google.com','Male','37.193.163.68','lspivey81','DH0Y9w','1967-01-14','China','2020-05-27 17:49:37'),(291,'Hedy','Jancso','hjancso82@thetimes.co.uk','Female','176.128.128.19','hjancso82','Xzb3ItX84q','1963-06-01','Portugal','2020-03-18 17:42:28'),(292,'Marlo','Kynastone','mkynastone83@dmoz.org','Female','75.181.229.228','mkynastone83','u9zxC2MfoJN','2006-10-11','Dominican Republic','2020-07-24 22:53:46'),(293,'Aline','Essberger','aessberger84@miibeian.gov.cn','Female','100.43.239.156','aessberger84','vZqWsXFNxRg','1965-01-08','Slovenia','2020-10-20 23:25:51'),(294,'Banky','Matisse','bmatisse85@state.tx.us','Male','2.174.111.161','bmatisse85','IB7i9Q','2008-05-25','China','2020-01-30 21:50:06'),(295,'Lawton','O\'Regan','loregan86@spiegel.de','Male','230.147.93.107','loregan86','mSebZgS','1963-07-30','Indonesia','2020-02-28 14:21:29'),(296,'Jo','Rickardes','jrickardes87@smh.com.au','Female','106.127.152.187','jrickardes87','rOYH24XNkVE','1998-11-25','Serbia','2020-11-28 18:08:43'),(297,'Mendie','Buche','mbuche88@cdbaby.com','Male','44.218.253.157','mbuche88','yWTx9Lm','1965-05-01','Indonesia','2020-08-05 07:28:56'),(298,'Boycie','Dixson','bdixson89@cmu.edu','Male','29.1.252.30','bdixson89','KzhdH2LFz','1979-08-30','China','2020-01-04 04:23:28'),(299,'Dawna','Bushrod','dbushrod8a@disqus.com','Female','76.43.241.216','dbushrod8a','9GwCrWPT','1982-04-19','Pakistan','2020-04-06 18:59:15'),(300,'Rozelle','Fraczek','rfraczek8b@histats.com','Female','51.15.222.184','rfraczek8b','q58lkRCrM','1972-06-05','Morocco','2020-10-26 23:00:17'),(301,'Aida','Raspel','araspel8c@sbwire.com','Female','223.206.107.113','araspel8c','k4ZpWAz','1978-08-19','Brazil','2020-03-13 06:04:55'),(302,'Gerti','Kinig','gkinig8d@aboutads.info','Female','149.247.41.136','gkinig8d','RMqE8co','1981-12-04','Philippines','2020-08-08 19:12:32'),(303,'Darlene','Holmyard','dholmyard8e@buzzfeed.com','Female','90.73.103.131','dholmyard8e','27ZZiKCa5','2000-06-03','Argentina','2020-11-07 22:53:48'),(304,'Kilian','Weetch','kweetch8f@unicef.org','Male','254.250.17.10','kweetch8f','FsRjg0','1973-01-20','Zambia','2020-05-30 17:55:52'),(305,'Gerik','Tremmil','gtremmil8g@topsy.com','Male','38.120.55.180','gtremmil8g','hTUaOpyoa','1980-09-07','Russia','2020-09-07 15:29:12'),(306,'Talia','Farman','tfarman8h@cnbc.com','Female','145.179.163.242','tfarman8h','Xc6UyKbiWgz','1971-03-02','Colombia','2020-08-21 23:07:30'),(307,'Sharlene','Checchi','schecchi8i@opera.com','Female','176.204.173.251','schecchi8i','iSFLKr','2007-03-20','France','2020-06-17 11:47:58'),(308,'Winnifred','Crowcroft','wcrowcroft8j@hud.gov','Female','196.89.19.213','wcrowcroft8j','jnEZCCy','1984-12-31','Japan','2020-09-28 16:48:02'),(309,'Asa','Mohun','amohun8k@accuweather.com','Male','61.217.78.154','amohun8k','nmBOyX59','1977-07-30','China','2020-02-20 07:54:19'),(310,'Marysa','McGreal','mmcgreal8l@sphinn.com','Female','10.36.28.81','mmcgreal8l','jga0kqmf','1968-02-02','Peru','2020-06-21 20:48:00'),(311,'Trey','Hayers','thayers8m@gizmodo.com','Male','204.201.30.75','thayers8m','kNNpSqsa','2002-05-14','Vietnam','2020-10-14 01:32:25'),(312,'Lynde','Sawford','lsawford8n@tamu.edu','Female','158.40.4.135','lsawford8n','41Q4gg820T','1996-12-26','Philippines','2020-03-22 11:56:32'),(313,'Ethel','Coast','ecoast8o@microsoft.com','Female','111.81.110.16','ecoast8o','PEnRQvigTg','1989-05-26','Brazil','2020-08-28 04:06:10'),(314,'Annabal','Dominik','adominik8p@imdb.com','Female','84.241.123.22','adominik8p','dgI3DWs5Aw5m','1976-09-26','United States','2020-06-25 20:49:40'),(315,'Lilllie','MacGibbon','lmacgibbon8q@joomla.org','Female','247.0.95.166','lmacgibbon8q','fq7vj73GROze','1982-03-11','Brazil','2020-07-26 20:31:23'),(316,'Menard','Palliser','mpalliser8r@tripadvisor.com','Male','60.1.64.217','mpalliser8r','PK32G9','2004-08-16','Vietnam','2020-04-05 03:16:53'),(317,'Sigvard','Camm','scamm8s@webnode.com','Male','212.135.88.155','scamm8s','2FdUiU','2009-06-15','United States','2020-12-20 20:52:46'),(318,'Gale','Downgate','gdowngate8t@github.com','Female','15.41.70.56','gdowngate8t','0ouKq3fX','1974-06-13','United Kingdom','2020-09-13 07:19:22'),(319,'Flory','Lingfoot','flingfoot8u@exblog.jp','Female','93.92.226.16','flingfoot8u','D5aETyXA8HOx','1992-06-17','Russia','2020-10-17 18:21:51'),(320,'Auberon','Couve','acouve8v@cyberchimps.com','Male','62.24.2.174','acouve8v','XrHI3WQu9FY','2007-08-15','Indonesia','2020-08-29 23:19:58'),(321,'Lanae','Hartopp','lhartopp8w@myspace.com','Female','190.158.182.18','lhartopp8w','0K8wImMEqqx','2007-01-19','France','2020-04-23 07:00:15'),(322,'Josefa','Burgoine','jburgoine8x@deliciousdays.com','Female','190.28.190.213','jburgoine8x','SFyXGM9','1983-03-14','Indonesia','2020-09-01 23:51:17'),(323,'Kinnie','Boaler','kboaler8y@house.gov','Male','32.28.245.189','kboaler8y','6jZuIIepz','1980-06-27','Japan','2020-03-08 17:12:30'),(324,'Sunny','Goodley','sgoodley8z@istockphoto.com','Female','117.174.37.13','sgoodley8z','yV7hso12yvHD','1998-10-26','France','2020-06-05 13:47:37'),(325,'Cirstoforo','Lyngsted','clyngsted90@amazon.de','Male','35.128.203.215','clyngsted90','DqrzCLj6','1981-08-25','Yemen','2020-08-10 14:12:45'),(326,'Ainslie','Gawn','agawn91@bloglines.com','Female','70.218.136.249','agawn91','UfZTGQ','2001-10-03','Poland','2020-03-12 22:36:02'),(327,'Angelle','Punton','apunton92@epa.gov','Female','93.166.202.246','apunton92','3yqeu8vXn7v','2000-07-15','Philippines','2020-02-10 13:06:10'),(328,'Alyosha','Jeggo','ajeggo93@theatlantic.com','Male','70.127.164.134','ajeggo93','pY2FbR6rci','1977-06-02','Tajikistan','2020-07-12 03:24:17'),(329,'Gabriello','Shynn','gshynn94@senate.gov','Male','84.217.49.250','gshynn94','e1txFpP6b','1995-02-07','Ukraine','2020-05-11 07:01:58'),(330,'Berkeley','Gladding','bgladding95@unblog.fr','Male','103.10.88.47','bgladding95','XiQ4hTEsqMG','1966-08-07','China','2020-06-20 21:35:34'),(331,'Catlee','Janiak','cjaniak96@ebay.co.uk','Female','207.181.64.203','cjaniak96','v1WVjEh','1986-09-18','Serbia','2020-08-08 14:57:04'),(332,'Catherine','Kohter','ckohter97@mozilla.org','Female','237.107.54.161','ckohter97','hc4ogyIdAIJE','1973-04-05','Peru','2020-03-19 19:05:07'),(333,'Lonny','Dutchburn','ldutchburn98@stumbleupon.com','Male','248.95.37.70','ldutchburn98','LYdLakMrJ','2001-11-19','Indonesia','2020-04-09 03:03:23'),(334,'Lurleen','Grosvener','lgrosvener99@tamu.edu','Female','58.90.129.246','lgrosvener99','uNlFGsiIvB','1996-10-18','Colombia','2020-05-30 01:18:41'),(335,'Veda','Bellord','vbellord9a@auda.org.au','Female','127.165.122.206','vbellord9a','gLj5bSKdB9D','1975-10-22','Bosnia and Herzegovina','2020-02-24 15:37:39'),(336,'Ches','Walter','cwalter9b@upenn.edu','Male','18.54.200.51','cwalter9b','j1nhv3l9p','1980-03-14','Philippines','2020-08-25 13:58:06'),(337,'Ardelia','Dallon','adallon9c@dell.com','Female','181.236.192.208','adallon9c','ozHCEevQ4B8','1987-10-08','Iraq','2020-04-12 20:31:58'),(338,'Talbot','O\'Curneen','tocurneen9d@ucla.edu','Male','157.207.222.8','tocurneen9d','RjJNYh','1969-01-06','Philippines','2020-07-21 15:57:24'),(339,'Vinson','Norman','vnorman9e@ezinearticles.com','Male','54.248.142.27','vnorman9e','ZLeeMVY5QgnG','1978-12-28','China','2020-04-21 21:51:24'),(340,'Kennan','Calcutt','kcalcutt9f@vistaprint.com','Male','16.237.142.198','kcalcutt9f','dw7VU6X4','2005-09-16','Latvia','2020-02-24 06:59:29'),(341,'Carlin','Biasini','cbiasini9g@facebook.com','Female','220.139.148.136','cbiasini9g','7AH3jHYD','1998-01-07','Philippines','2020-02-04 05:26:15'),(342,'Kip','Benitti','kbenitti9h@bravesites.com','Male','252.50.154.199','kbenitti9h','BO39UbEh','2009-06-25','Indonesia','2020-11-21 18:32:45'),(343,'Link','Carryer','lcarryer9i@addtoany.com','Male','160.186.98.218','lcarryer9i','G9e9P9H','1981-01-20','China','2020-08-14 12:01:20'),(344,'Maison','Wynes','mwynes9j@epa.gov','Male','38.152.212.69','mwynes9j','m8QRu6jLaBYj','2002-04-01','Portugal','2020-03-08 00:21:46'),(345,'Karyl','Bris','kbris9k@indiegogo.com','Female','8.234.57.104','kbris9k','I4VELq','2006-01-01','Russia','2020-01-30 13:07:58'),(346,'Chic','Silverston','csilverston9l@jalbum.net','Male','109.44.38.22','csilverston9l','YMo18UEOl','1965-07-31','Philippines','2020-05-19 16:33:56'),(347,'Graeme','Beale','gbeale9m@slideshare.net','Male','118.23.97.233','gbeale9m','kLKmobLbMI87','1995-08-14','China','2020-12-08 20:36:26'),(348,'Rakel','Halfhide','rhalfhide9n@lycos.com','Female','92.70.165.172','rhalfhide9n','K995nIF7SzQB','1993-12-11','China','2020-11-10 06:28:13'),(349,'Brantley','Ansell','bansell9o@narod.ru','Male','246.25.24.98','bansell9o','Sck4xHj2','2010-12-07','China','2020-04-05 11:01:21'),(350,'Theresa','Tomek','ttomek9p@nifty.com','Female','82.109.88.21','ttomek9p','Gv3VhA','2009-04-12','Kosovo','2020-10-19 17:02:11'),(351,'Sonia','Wimp','swimp9q@jugem.jp','Female','225.172.11.211','swimp9q','e9ghBBcMfh','1978-01-30','France','2020-05-15 20:22:59'),(352,'Ivor','Maginn','imaginn9r@bravesites.com','Male','74.48.112.196','imaginn9r','TCTbRvdpJ','1982-01-02','Czech Republic','2020-06-08 04:47:41'),(353,'Vasily','Bourgaize','vbourgaize9s@google.es','Male','25.102.240.65','vbourgaize9s','7PPFFx','1993-03-15','Philippines','2020-01-07 22:37:43'),(354,'Dukey','Partlett','dpartlett9t@netvibes.com','Male','35.180.73.226','dpartlett9t','HByoK3ylee','2008-01-05','Philippines','2020-07-13 08:49:29'),(355,'Eleonore','Sheekey','esheekey9u@aol.com','Female','237.227.167.105','esheekey9u','K8hGU4Sya1tM','1991-01-24','Sweden','2020-04-27 01:36:38'),(356,'Gram','Ungerecht','gungerecht9v@stumbleupon.com','Male','135.196.141.89','gungerecht9v','wMe3gHDsp','2009-01-17','Indonesia','2020-11-15 08:12:39'),(357,'Bentlee','Devonport','bdevonport9w@prweb.com','Male','32.170.31.144','bdevonport9w','5cj1ca','2010-10-26','Indonesia','2020-02-18 11:12:24'),(358,'Spenser','Tash','stash9x@jimdo.com','Male','33.230.165.36','stash9x','GTnOneteZ','1970-01-12','Canada','2020-08-29 18:40:20'),(359,'Carlie','Gronow','cgronow9y@dailymail.co.uk','Male','17.198.74.145','cgronow9y','ihuPV22FZs','1977-07-01','Chile','2020-03-18 19:45:22'),(360,'Marlie','Tanzer','mtanzer9z@cnn.com','Female','100.106.146.254','mtanzer9z','LXSH0neTjnUX','2002-07-20','Philippines','2020-04-26 02:15:00'),(361,'Nadine','Rosenberger','nrosenbergera0@forbes.com','Female','101.231.104.133','nrosenbergera0','h9LCBp','1982-02-04','France','2020-07-22 02:08:32'),(362,'Hilary','Delieu','hdelieua1@prweb.com','Male','26.40.143.73','hdelieua1','iMQNrzRDZZ','1972-04-02','San Marino','2020-05-07 07:33:36'),(363,'Germayne','Emnoney','gemnoneya2@dell.com','Male','5.60.88.90','gemnoneya2','oCuMAr9Jp','1991-09-06','Comoros','2020-08-25 20:47:40'),(364,'Katuscha','Huncoot','khuncoota3@123-reg.co.uk','Female','168.126.141.145','khuncoota3','CIcW9mCYs9r','1984-05-17','China','2020-05-03 23:52:33'),(365,'Adler','Codron','acodrona4@ft.com','Male','147.116.82.62','acodrona4','1mBNs2GbCuo','1977-10-12','Philippines','2020-10-13 03:45:05'),(366,'Britteny','Doak','bdoaka5@lulu.com','Female','90.192.193.134','bdoaka5','OXdTx7hPUC9','1984-11-13','Ukraine','2020-05-15 22:56:26'),(367,'Orlando','Fannon','ofannona6@livejournal.com','Male','108.129.126.219','ofannona6','BMqL2NPI','2003-12-21','Indonesia','2020-12-01 18:33:15'),(368,'Dallon','Bailes','dbailesa7@baidu.com','Male','64.95.76.100','dbailesa7','h05Gt9Un0aRE','2008-10-10','China','2020-01-23 05:09:15'),(369,'Karin','Reinbech','kreinbecha8@un.org','Female','48.12.115.87','kreinbecha8','V2mzDKE','1966-02-26','Philippines','2020-05-09 18:45:41'),(370,'Brigid','Codling','bcodlinga9@symantec.com','Female','61.163.105.117','bcodlinga9','XlM1V9rFA','1991-09-29','Russia','2020-10-22 08:05:13'),(371,'Fulvia','Edmonds','fedmondsaa@statcounter.com','Female','135.181.154.230','fedmondsaa','tNUmQa1h0Pok','1961-02-02','Portugal','2020-08-21 17:33:26'),(372,'Siobhan','Guilleton','sguilletonab@bizjournals.com','Female','124.122.213.56','sguilletonab','MlrWW21b25gX','1972-12-28','China','2020-08-21 18:45:20'),(373,'Culley','Pietsma','cpietsmaac@lycos.com','Male','149.94.205.27','cpietsmaac','f2e90W8L4I','1991-08-24','China','2019-12-25 08:20:26'),(374,'Delores','Gosalvez','dgosalvezad@taobao.com','Female','119.133.18.86','dgosalvezad','cUTSiVt','1986-05-02','Peru','2020-05-21 10:16:41'),(375,'Colas','McGhie','cmcghieae@webnode.com','Male','159.184.71.31','cmcghieae','XYuYDhjUUJ','1996-04-14','Indonesia','2020-10-13 19:38:39'),(376,'Melania','Antoniades','mantoniadesaf@quantcast.com','Female','153.243.151.185','mantoniadesaf','yJOknp9OV','1962-10-17','China','2020-01-27 21:01:00'),(377,'Farand','Fleury','ffleuryag@github.io','Female','53.126.120.6','ffleuryag','efH5heYTxL','1994-09-20','Armenia','2020-06-16 16:20:56'),(378,'Kiele','Braddon','kbraddonah@ovh.net','Female','100.156.18.95','kbraddonah','XuDQCP','1968-12-07','China','2020-12-06 17:07:18'),(379,'Land','Postans','lpostansai@smh.com.au','Male','185.209.114.30','lpostansai','Ne1WLTGe','1968-06-24','Indonesia','2020-01-10 07:23:12'),(380,'Hugh','Glyn','hglynaj@weather.com','Male','82.110.245.40','hglynaj','gTnI3z','1993-02-18','Ghana','2020-02-03 23:55:11'),(381,'Lissa','Faire','lfaireak@hubpages.com','Female','153.4.128.187','lfaireak','PXNxdsM5EL','1983-03-19','Brazil','2020-04-27 01:17:12'),(382,'Andrej','McCreary','amccrearyal@nationalgeographic.com','Male','72.62.31.45','amccrearyal','QHNDUwO','1971-03-13','Indonesia','2020-01-09 04:44:46'),(383,'Donall','Bullus','dbullusam@1und1.de','Male','11.32.85.207','dbullusam','yi891D6','1999-04-21','Sweden','2020-04-11 14:44:44'),(384,'Shaine','Brydon','sbrydonan@sfgate.com','Female','46.202.150.163','sbrydonan','qoq75IvhPSgc','1962-01-31','Russia','2020-08-25 21:58:05'),(385,'August','Doll','adollao@yahoo.co.jp','Male','151.232.104.35','adollao','Qp8l9aCXjr','1991-05-12','China','2020-02-23 07:34:18'),(386,'Maynard','Scough','mscoughap@cmu.edu','Male','229.31.199.177','mscoughap','ZzMyp1j','1995-04-23','United Kingdom','2020-08-26 19:32:05'),(387,'Valentine','Rockhall','vrockhallaq@usda.gov','Male','53.239.97.198','vrockhallaq','0Ac0hj4qf','1965-05-13','South Korea','2020-05-07 18:14:19'),(388,'Lindie','Cannam','lcannamar@symantec.com','Female','123.61.216.192','lcannamar','LG5VJwZuee','1966-08-13','Greece','2020-08-25 09:55:38'),(389,'Harrison','Emma','hemmaas@archive.org','Male','198.8.212.43','hemmaas','ce52uzaAS4o','2006-11-12','Poland','2020-08-22 20:24:28'),(390,'Emmott','Golby','egolbyat@sphinn.com','Male','212.206.184.171','egolbyat','86sergM','2006-07-26','Peru','2020-12-12 04:13:09'),(391,'Yorke','Grane','ygraneau@skyrock.com','Male','129.138.65.162','ygraneau','KS3jwESnwwT','1966-03-23','Portugal','2020-04-03 04:05:27'),(392,'Arvy','Florence','aflorenceav@usatoday.com','Male','127.236.254.248','aflorenceav','Qdv2IFB8U','2010-03-01','China','2020-04-24 15:31:21'),(393,'Pierson','Keelinge','pkeelingeaw@bluehost.com','Male','76.187.218.11','pkeelingeaw','zASdXZxe','1991-04-24','France','2020-08-15 16:23:05'),(394,'Dan','Minghi','dminghiax@goodreads.com','Male','184.122.9.208','dminghiax','xH8UTwafM8','1996-06-05','Poland','2020-05-23 01:43:30'),(395,'Kendricks','Buttner','kbuttneray@yelp.com','Male','45.6.195.53','kbuttneray','LvsEGngYor','1988-08-09','Ukraine','2020-02-18 14:47:44'),(396,'Belia','Zorro','bzorroaz@cbc.ca','Female','148.36.5.40','bzorroaz','lxenFRh','1983-03-11','Russia','2020-06-12 10:27:22'),(397,'Tremayne','De Bruijne','tdebruijneb0@china.com.cn','Male','84.0.183.247','tdebruijneb0','MJKvrqC','2007-09-11','Tajikistan','2020-08-18 13:46:08'),(398,'Dimitri','Darrigoe','ddarrigoeb1@macromedia.com','Male','37.26.179.219','ddarrigoeb1','Fd4q2225f6u','1978-12-08','Indonesia','2020-04-14 15:15:22'),(399,'Antonetta','Jelkes','ajelkesb2@phoca.cz','Female','167.145.2.233','ajelkesb2','m4RooqzPc','2005-01-12','Canada','2020-09-08 14:00:35'),(400,'Demetria','Pidgeley','dpidgeleyb3@time.com','Female','33.81.16.228','dpidgeleyb3','Kgt07jyZd','1972-08-16','Indonesia','2020-10-21 14:43:20'),(401,'Emery','Goeff','egoeffb4@unc.edu','Male','153.179.204.129','egoeffb4','UgFbcvqpzkWe','1968-10-11','Indonesia','2020-01-10 07:47:27'),(402,'Halette','Michele','hmicheleb5@spiegel.de','Female','80.237.180.246','hmicheleb5','JvM11F','1995-09-16','Poland','2020-11-16 16:59:15'),(403,'Lura','Canape','lcanapeb6@free.fr','Female','8.193.133.235','lcanapeb6','gqI1NiBPKKZb','1989-09-22','Peru','2020-03-11 02:58:56'),(404,'Ronny','Prevost','rprevostb7@flickr.com','Male','222.191.239.129','rprevostb7','CxzsLle','1988-09-23','China','2020-09-30 10:47:38'),(405,'Rana','Kegan','rkeganb8@1und1.de','Female','228.5.52.148','rkeganb8','xIfa6y8Roenr','1979-05-05','Philippines','2020-11-05 11:28:29'),(406,'Rorke','Fetter','rfetterb9@printfriendly.com','Male','233.22.11.21','rfetterb9','9h8palOQ','1994-12-06','Russia','2020-11-01 04:00:50'),(407,'Bethanne','Viccary','bviccaryba@tiny.cc','Female','92.157.184.253','bviccaryba','Ek6dkNMGWym','1976-01-14','China','2020-08-11 09:03:33'),(408,'Petronille','Placido','pplacidobb@arizona.edu','Female','243.238.171.38','pplacidobb','QnQ1jvgweQl','2001-04-15','France','2020-06-25 20:50:35'),(409,'Cris','Sharply','csharplybc@accuweather.com','Female','13.196.234.206','csharplybc','gq9n24XApFc0','1984-05-30','Argentina','2020-05-06 19:11:44'),(410,'Bronnie','Candlin','bcandlinbd@hc360.com','Male','233.220.55.24','bcandlinbd','RLfgD40Ww','1967-05-09','Mali','2020-11-24 03:27:02'),(411,'Hallie','Jewson','hjewsonbe@uol.com.br','Female','166.243.0.234','hjewsonbe','ezrf0sYQyf','1983-07-13','Indonesia','2020-03-01 04:42:14'),(412,'Dido','Carlett','dcarlettbf@unc.edu','Female','120.197.253.112','dcarlettbf','XObMTJKsS','1966-08-07','Brazil','2020-08-19 00:28:45'),(413,'Luise','Ackeroyd','lackeroydbg@boston.com','Female','255.171.17.98','lackeroydbg','QcIAx5u0','1983-10-18','China','2020-03-19 13:47:52'),(414,'Di','Besse','dbessebh@globo.com','Female','95.17.8.207','dbessebh','f7VZ8C2n1f','1964-08-05','Togo','2020-03-20 01:36:21'),(415,'Hilliard','Daughtry','hdaughtrybi@unc.edu','Male','90.49.170.32','hdaughtrybi','EFrRJquJla2B','1994-01-09','China','2020-05-15 16:39:39'),(416,'Ravi','Maddams','rmaddamsbj@nasa.gov','Male','109.110.137.246','rmaddamsbj','m7kLds','1985-07-16','Ukraine','2020-01-22 03:09:19'),(417,'Callie','Milam','cmilambk@hexun.com','Female','160.196.186.202','cmilambk','kiRRivC','1996-11-04','Canada','2020-07-24 00:13:04'),(418,'Lanae','Starbuck','lstarbuckbl@omniture.com','Female','164.52.26.252','lstarbuckbl','2ffDrPk5iS','1993-01-01','China','2020-05-30 17:32:57'),(419,'Marlin','Coursor','mcoursorbm@whitehouse.gov','Male','8.154.144.63','mcoursorbm','4WQUXYYr7','1967-10-29','Micronesia','2020-02-22 17:20:10'),(420,'Audy','Fenelon','afenelonbn@indiatimes.com','Female','124.128.139.120','afenelonbn','re8AJxR','1995-07-13','China','2020-08-01 21:23:35'),(421,'Matthias','Billin','mbillinbo@desdev.cn','Male','25.2.74.208','mbillinbo','enhth4','2001-12-24','Indonesia','2020-11-15 07:51:01'),(422,'Bevon','Waud','bwaudbp@photobucket.com','Male','74.125.216.101','bwaudbp','Kj2trCLrm2','1983-04-20','Czech Republic','2020-11-11 20:23:57'),(423,'Barty','Thaxter','bthaxterbq@freewebs.com','Male','254.156.150.150','bthaxterbq','z7zziZl','1961-04-03','Thailand','2020-03-02 21:48:07'),(424,'Xever','Bruyns','xbruynsbr@phoca.cz','Male','186.89.175.199','xbruynsbr','Hk71nYgBrD','2007-09-01','Colombia','2020-07-17 08:24:28'),(425,'Patten','Rendall','prendallbs@yandex.ru','Male','156.41.69.167','prendallbs','ZQqabXIpKe','1995-09-21','China','2020-05-24 11:06:30'),(426,'Rosella','Ladyman','rladymanbt@altervista.org','Female','94.215.124.143','rladymanbt','GF7QCW6r2','1985-10-26','Portugal','2020-03-18 18:35:57'),(427,'Arluene','Grummitt','agrummittbu@constantcontact.com','Female','77.107.178.19','agrummittbu','C9HWxkOANVLF','2001-05-04','China','2020-05-08 09:23:38'),(428,'Zollie','Guidi','zguidibv@paypal.com','Male','61.105.21.248','zguidibv','OdYzqZdH921','2007-01-11','Indonesia','2020-06-18 11:19:22'),(429,'Delmer','Oxford','doxfordbw@webs.com','Male','60.118.227.5','doxfordbw','1Zqcj3DeY','1999-08-03','Yemen','2020-01-03 04:55:19'),(430,'Elianore','Tredwell','etredwellbx@domainmarket.com','Female','187.211.233.104','etredwellbx','24SL82fP5g54','1991-11-15','Japan','2020-12-05 14:56:37'),(431,'Malissa','Gaughan','mgaughanby@cnbc.com','Female','18.191.226.8','mgaughanby','cNin0o','1974-04-15','United States','2020-08-23 04:56:56'),(432,'Celka','Grigoletti','cgrigolettibz@bloglines.com','Female','236.110.15.82','cgrigolettibz','6Zl6ACE','2001-11-18','Bangladesh','2020-05-05 15:22:35'),(433,'Tory','Labes','tlabesc0@nytimes.com','Female','83.61.48.77','tlabesc0','JPWGYZ6','1966-02-22','Philippines','2020-09-26 09:04:31'),(434,'Kaila','Olyunin','kolyuninc1@goo.ne.jp','Female','102.126.251.55','kolyuninc1','9ATVPb','1996-11-20','Indonesia','2020-02-09 00:45:57'),(435,'Torre','Mockes','tmockesc2@ted.com','Male','188.9.142.54','tmockesc2','XRwWP2uu0N86','1964-08-10','China','2020-03-18 05:39:49'),(436,'Farley','Ivons','fivonsc3@jimdo.com','Male','140.5.33.33','fivonsc3','O5JSQIFLP','1965-07-17','Philippines','2020-01-28 13:39:24'),(437,'Devi','Tallboy','dtallboyc4@soundcloud.com','Female','26.247.0.161','dtallboyc4','8ljrEfIPLrF','1989-02-25','China','2020-10-02 13:32:13'),(438,'Bondie','Guillond','bguillondc5@drupal.org','Male','215.169.143.81','bguillondc5','q62XK2Sru9Tt','1987-02-25','China','2020-04-27 09:24:50'),(439,'Hettie','Ludwikiewicz','hludwikiewiczc6@flickr.com','Female','222.137.10.204','hludwikiewiczc6','B0rVYhhG','1999-05-28','France','2020-09-06 16:58:14'),(440,'Fae','Woolley','fwoolleyc7@imageshack.us','Female','248.226.189.174','fwoolleyc7','SYCOsi8','1991-06-05','China','2020-08-23 13:43:44'),(441,'Millicent','Marrow','mmarrowc8@dedecms.com','Female','153.133.34.233','mmarrowc8','jYuIelbt2N9','1993-07-30','United Kingdom','2020-10-09 17:45:55'),(442,'Arel','Booth','aboothc9@webmd.com','Male','52.3.84.86','aboothc9','jw0ZbcmYPXa','1973-07-06','Bhutan','2020-08-10 22:15:18'),(443,'Constanta','Rizzardo','crizzardoca@timesonline.co.uk','Female','193.83.52.76','crizzardoca','DuhEbkeBgf','1978-10-23','China','2020-06-22 11:28:57'),(444,'Sherri','Pescod','spescodcb@histats.com','Female','104.83.232.189','spescodcb','8etVims','1994-06-16','Colombia','2020-11-21 11:03:41'),(445,'Natasha','Cordeux','ncordeuxcc@virginia.edu','Female','44.50.7.249','ncordeuxcc','LMYX3O5a2DKT','2003-09-20','Indonesia','2020-06-13 15:13:11'),(446,'Zelma','Gonneau','zgonneaucd@utexas.edu','Female','242.26.6.231','zgonneaucd','DBybdnyR4OrS','1971-11-24','Philippines','2020-02-21 21:44:18'),(447,'Red','Krolman','rkrolmance@posterous.com','Male','122.213.181.214','rkrolmance','lM7oiNSufVNF','1976-04-09','Japan','2020-05-28 10:02:43'),(448,'Andrej','Shakspeare','ashakspearecf@webmd.com','Male','190.44.249.107','ashakspearecf','Swt0AoY','1996-07-31','Nepal','2020-01-25 06:33:18'),(449,'Lorrie','Bulled','lbulledcg@baidu.com','Male','123.246.29.232','lbulledcg','CJh83FPPW9vD','1970-11-13','China','2020-02-18 06:25:43'),(450,'Filberto','Rainford','frainfordch@acquirethisname.com','Male','109.199.181.22','frainfordch','hX0LUXWe','1981-04-12','Sweden','2020-09-03 18:38:22'),(451,'Ferris','Tersay','ftersayci@gnu.org','Male','219.173.10.241','ftersayci','mbDk8jI','1984-04-04','Brazil','2020-05-18 13:58:07'),(452,'Devora','Chatell','dchatellcj@paypal.com','Female','30.111.28.22','dchatellcj','9KRETl','1972-04-14','Chile','2020-04-28 06:33:27'),(453,'Veradis','Burns','vburnsck@microsoft.com','Female','11.184.72.187','vburnsck','bogiRqNY','2007-01-21','Australia','2020-10-23 14:40:06'),(454,'Crin','Ginnell','cginnellcl@whitehouse.gov','Female','212.40.25.96','cginnellcl','EJfj5pI1pV','2010-08-17','Peru','2020-04-23 11:28:13'),(455,'Marysa','Sterte','mstertecm@smugmug.com','Female','52.23.146.148','mstertecm','bbI3cFqft','2002-03-13','Poland','2020-11-15 19:05:51'),(456,'Patrice','Coniam','pconiamcn@list-manage.com','Male','120.180.123.172','pconiamcn','XDnoQK','1992-08-07','China','2020-04-16 02:05:23'),(457,'Freddy','Kave','fkaveco@umich.edu','Male','124.117.22.129','fkaveco','wmuOJTX','2000-11-01','Iraq','2020-01-26 07:23:14'),(458,'Sindee','Adanez','sadanezcp@wufoo.com','Female','42.68.227.124','sadanezcp','J2vVNCYs','1972-09-26','Indonesia','2020-10-03 22:43:03'),(459,'Alta','Antunes','aantunescq@vk.com','Female','230.141.220.125','aantunescq','YsjEgajnhcU','1977-05-02','China','2020-10-25 08:59:39'),(460,'Arty','Loffhead','aloffheadcr@taobao.com','Male','241.92.147.53','aloffheadcr','4KKsRKID','2006-05-09','Russia','2020-05-03 02:28:59'),(461,'Dyane','McKomb','dmckombcs@tinyurl.com','Female','88.81.155.182','dmckombcs','uXiCzLRoAPDp','1975-01-31','United States','2020-07-15 14:24:12'),(462,'Sharlene','Boxhall','sboxhallct@smugmug.com','Female','68.243.19.26','sboxhallct','JaN9l2OJRX','1962-10-13','Honduras','2020-03-16 21:41:15'),(463,'Natalya','Vize','nvizecu@nydailynews.com','Female','212.117.150.192','nvizecu','pcDlbbZrvsg','1998-03-23','China','2020-08-18 12:49:01'),(464,'Klarrisa','Godthaab','kgodthaabcv@nationalgeographic.com','Female','146.141.59.61','kgodthaabcv','ieUJHlxpRLP','1992-04-25','Indonesia','2020-12-01 00:10:17'),(465,'Turner','Gehrtz','tgehrtzcw@dyndns.org','Male','138.237.157.160','tgehrtzcw','d5GU5VKB5J','2001-05-27','Malawi','2020-06-13 13:31:36'),(466,'Jannel','Balme','jbalmecx@dailymail.co.uk','Female','99.223.111.73','jbalmecx','m211eqr','1978-11-23','Portugal','2020-07-13 12:42:29'),(467,'Angelico','Alliston','aallistoncy@scientificamerican.com','Male','159.192.141.244','aallistoncy','KePZ2XJxS4','1970-04-17','Albania','2020-12-23 17:00:43'),(468,'Bellina','Coldbreath','bcoldbreathcz@bigcartel.com','Female','10.113.235.66','bcoldbreathcz','4DRBC8tt4F','1991-11-09','China','2020-03-12 11:25:43'),(469,'Noe','Ipplett','nipplettd0@free.fr','Male','213.29.137.57','nipplettd0','YNikgiFi','1983-06-05','Ukraine','2020-03-28 21:48:41'),(470,'Jacquie','Dowthwaite','jdowthwaited1@canalblog.com','Female','13.171.181.126','jdowthwaited1','dSyTmSm5te','1979-01-24','China','2020-07-11 06:42:41'),(471,'Sophey','Elintune','selintuned2@fotki.com','Female','111.98.124.248','selintuned2','I0oyEh','1988-11-06','Japan','2020-12-13 05:50:26'),(472,'Trever','Heinzler','theinzlerd3@illinois.edu','Male','37.191.102.32','theinzlerd3','dWQdcN7','1990-05-01','Macedonia','2020-12-15 10:08:43'),(473,'Peyton','Mcmanaman','pmcmanamand4@wp.com','Male','60.80.84.159','pmcmanamand4','O8PfvXmhR','1996-05-30','Egypt','2020-11-27 21:23:44'),(474,'Dirk','Beavon','dbeavond5@npr.org','Male','97.70.231.60','dbeavond5','0bK3KaeASa','1986-09-28','Brazil','2020-06-14 13:23:17'),(475,'Alfi','Parkes','aparkesd6@dagondesign.com','Female','211.207.144.1','aparkesd6','76pztsZmm','2009-12-19','Kiribati','2020-12-19 10:55:17'),(476,'Pamelina','Koles','pkolesd7@howstuffworks.com','Female','169.142.232.227','pkolesd7','mSDiALd1','1993-12-04','Philippines','2020-01-30 21:25:59'),(477,'Yolanthe','Stein','ysteind8@wikia.com','Female','238.233.117.161','ysteind8','xKarjf','1963-06-19','Brazil','2020-06-23 08:02:47'),(478,'Dougie','Oliphand','doliphandd9@google.ru','Male','42.76.4.63','doliphandd9','SvASxh5ARlxj','1963-08-31','Tanzania','2020-09-18 19:24:04'),(479,'Ania','Tubbs','atubbsda@nytimes.com','Female','124.173.252.13','atubbsda','gfzmawga8q','1999-12-17','Indonesia','2020-04-10 19:03:53'),(480,'Pincas','Langrish','plangrishdb@netlog.com','Male','34.212.191.191','plangrishdb','AyBW6meDq','1962-10-22','United States','2020-09-30 19:29:37'),(481,'Carver','Bruce','cbrucedc@prnewswire.com','Male','228.114.148.21','cbrucedc','vpBKD4','1991-08-12','Canada','2020-07-20 11:11:08'),(482,'Ambur','Morling','amorlingdd@skyrock.com','Female','163.122.120.68','amorlingdd','LgaLBgh','1994-08-13','Ukraine','2020-01-25 15:28:24'),(483,'Vail','Hallam','vhallamde@npr.org','Male','159.173.247.81','vhallamde','PYof9x1','1972-10-18','Vietnam','2020-03-24 09:24:21'),(484,'Cara','Claybourne','cclaybournedf@vimeo.com','Female','169.86.20.229','cclaybournedf','XGxN1TlWb','2006-04-15','Colombia','2020-08-16 06:42:01'),(485,'Pepe','Hallybone','phallybonedg@yellowpages.com','Male','128.219.12.26','phallybonedg','OhTk0BGCZ3a','2003-07-21','Brazil','2020-02-24 08:35:39'),(486,'Keene','Biasotti','kbiasottidh@sun.com','Male','165.84.125.10','kbiasottidh','HW7M9C','1965-10-20','Russia','2020-05-18 01:56:22'),(487,'Fred','Grinin','fgrinindi@diigo.com','Female','189.213.66.190','fgrinindi','vSEPbURiJBmE','1963-06-16','Norway','2020-10-25 00:39:59'),(488,'Anny','Margram','amargramdj@ucsd.edu','Female','159.135.31.189','amargramdj','oCxaFr84M','1992-08-13','Poland','2020-11-15 11:05:46'),(489,'Janna','Martin','jmartindk@tuttocitta.it','Female','151.96.26.133','jmartindk','ha8e332U','1987-02-11','Vietnam','2020-03-12 14:07:27'),(490,'Gale','Sate','gsatedl@joomla.org','Female','233.28.30.173','gsatedl','FQH7Fqhe','1975-11-24','China','2020-03-02 05:06:43'),(491,'Giulio','Spofford','gspofforddm@4shared.com','Male','181.14.159.121','gspofforddm','eUMWbmEh3t','1987-03-04','Indonesia','2020-10-25 13:22:39'),(492,'Gerianne','Fetters','gfettersdn@aboutads.info','Female','107.48.5.195','gfettersdn','Nk9H9t2cst','1995-06-08','Botswana','2020-10-16 02:27:56'),(493,'Susanna','Reicherz','sreicherzdo@flavors.me','Female','115.204.217.180','sreicherzdo','a9HuAgSv9IA','1979-01-31','Thailand','2020-09-18 04:11:51'),(494,'Benedikta','Cruikshank','bcruikshankdp@rambler.ru','Female','16.156.201.30','bcruikshankdp','uFAOaCJVo','1985-02-10','Russia','2020-08-12 15:25:56'),(495,'Evy','Delacroux','edelacrouxdq@altervista.org','Female','159.126.249.176','edelacrouxdq','ujj6QhXPb09','1988-08-25','Yemen','2020-10-25 15:12:28'),(496,'Swen','Thing','sthingdr@facebook.com','Male','171.8.180.76','sthingdr','JgYCdFgj4','1978-08-29','Kazakhstan','2020-10-28 01:39:35'),(497,'Loella','Stanners','lstannersds@umich.edu','Female','251.247.97.195','lstannersds','XgnFpsnV0','1989-04-03','Argentina','2020-10-10 16:50:00'),(498,'Goober','Bennell','gbennelldt@csmonitor.com','Male','206.205.12.94','gbennelldt','ulp5m0XM1AD','2000-04-20','China','2020-05-22 18:23:00'),(499,'Marius','Fawcus','mfawcusdu@vkontakte.ru','Male','171.216.169.202','mfawcusdu','rFicMqNhI0T4','1990-02-02','Peru','2020-08-19 07:20:06'),(500,'Dave','Elstob','delstobdv@twitter.com','Male','102.221.107.250','delstobdv','AB7x9qnf2w','1999-05-14','China','2020-05-17 06:23:51');
/*!40000 ALTER TABLE `users` ENABLE KEYS */;
UNLOCK TABLES;
/*!50003 SET @saved_cs_client      = @@character_set_client */ ;
/*!50003 SET @saved_cs_results     = @@character_set_results */ ;
/*!50003 SET @saved_col_connection = @@collation_connection */ ;
/*!50003 SET character_set_client  = utf8mb4 */ ;
/*!50003 SET character_set_results = utf8mb4 */ ;
/*!50003 SET collation_connection  = utf8mb4_0900_ai_ci */ ;
/*!50003 SET @saved_sql_mode       = @@sql_mode */ ;
/*!50003 SET sql_mode              = 'STRICT_TRANS_TABLES,NO_ENGINE_SUBSTITUTION' */ ;
DELIMITER ;;
/*!50003 CREATE*/ /*!50017 DEFINER=`root`@`localhost`*/ /*!50003 TRIGGER `check_user_age_before_insert` BEFORE INSERT ON `users` FOR EACH ROW begin
	if new.birthday > current_date() then
		set new.birthday = current_date();
	end if; 
end */;;
DELIMITER ;
/*!50003 SET sql_mode              = @saved_sql_mode */ ;
/*!50003 SET character_set_client  = @saved_cs_client */ ;
/*!50003 SET character_set_results = @saved_cs_results */ ;
/*!50003 SET collation_connection  = @saved_col_connection */ ;

--
-- Temporary view structure for view `usersplaylists`
--

DROP TABLE IF EXISTS `usersplaylists`;
/*!50001 DROP VIEW IF EXISTS `usersplaylists`*/;
SET @saved_cs_client     = @@character_set_client;
/*!50503 SET character_set_client = utf8mb4 */;
/*!50001 CREATE VIEW `usersplaylists` AS SELECT 
 1 AS `id`,
 1 AS `playlistname`,
 1 AS `coverimage`,
 1 AS `description`,
 1 AS `created_by`*/;
SET character_set_client = @saved_cs_client;

--
-- Final view structure for view `allsongalbumartist`
--

/*!50001 DROP VIEW IF EXISTS `allsongalbumartist`*/;
/*!50001 SET @saved_cs_client          = @@character_set_client */;
/*!50001 SET @saved_cs_results         = @@character_set_results */;
/*!50001 SET @saved_col_connection     = @@collation_connection */;
/*!50001 SET character_set_client      = utf8mb4 */;
/*!50001 SET character_set_results     = utf8mb4 */;
/*!50001 SET collation_connection      = utf8mb4_0900_ai_ci */;
/*!50001 CREATE ALGORITHM=UNDEFINED */
/*!50013 DEFINER=`root`@`localhost` SQL SECURITY DEFINER */
/*!50001 VIEW `allsongalbumartist` (`id`,`songname`,`albumname`,`artist_id`,`artistsname`) AS select `s`.`id` AS `id`,`s`.`songname` AS `songname`,`a`.`albumname` AS `albumname`,`sp`.`artist_id` AS `artist_id`,`ar`.`artistsname` AS `artistsname` from (((`artists` `ar` left join `songperformers` `sp` on((`sp`.`artist_id` = `ar`.`id`))) left join `songs` `s` on((`sp`.`song_id` = `s`.`id`))) left join `albums` `a` on((`s`.`album_id` = `a`.`id`))) */;
/*!50001 SET character_set_client      = @saved_cs_client */;
/*!50001 SET character_set_results     = @saved_cs_results */;
/*!50001 SET collation_connection      = @saved_col_connection */;

--
-- Final view structure for view `likedsongsview`
--

/*!50001 DROP VIEW IF EXISTS `likedsongsview`*/;
/*!50001 SET @saved_cs_client          = @@character_set_client */;
/*!50001 SET @saved_cs_results         = @@character_set_results */;
/*!50001 SET @saved_col_connection     = @@collation_connection */;
/*!50001 SET character_set_client      = utf8mb4 */;
/*!50001 SET character_set_results     = utf8mb4 */;
/*!50001 SET collation_connection      = utf8mb4_0900_ai_ci */;
/*!50001 CREATE ALGORITHM=UNDEFINED */
/*!50013 DEFINER=`root`@`localhost` SQL SECURITY DEFINER */
/*!50001 VIEW `likedsongsview` (`song_id`,`countoflikes`) AS select `likedsongs`.`song_id` AS `song_id`,count(0) AS `countoflikes` from `likedsongs` where (`likedsongs`.`likedornot` = '1') group by `likedsongs`.`song_id` order by `countoflikes` desc */;
/*!50001 SET character_set_client      = @saved_cs_client */;
/*!50001 SET character_set_results     = @saved_cs_results */;
/*!50001 SET collation_connection      = @saved_col_connection */;

--
-- Final view structure for view `moststreamedalbums`
--

/*!50001 DROP VIEW IF EXISTS `moststreamedalbums`*/;
/*!50001 SET @saved_cs_client          = @@character_set_client */;
/*!50001 SET @saved_cs_results         = @@character_set_results */;
/*!50001 SET @saved_col_connection     = @@collation_connection */;
/*!50001 SET character_set_client      = utf8mb4 */;
/*!50001 SET character_set_results     = utf8mb4 */;
/*!50001 SET collation_connection      = utf8mb4_0900_ai_ci */;
/*!50001 CREATE ALGORITHM=UNDEFINED */
/*!50013 DEFINER=`root`@`localhost` SQL SECURITY DEFINER */
/*!50001 VIEW `moststreamedalbums` (`album_id`,`countofstreams`) AS select `streams`.`album_id` AS `album_id`,count(0) AS `countofstreams` from `streams` group by `streams`.`album_id` order by `countofstreams` desc */;
/*!50001 SET character_set_client      = @saved_cs_client */;
/*!50001 SET character_set_results     = @saved_cs_results */;
/*!50001 SET collation_connection      = @saved_col_connection */;

--
-- Final view structure for view `moststreamedsongs`
--

/*!50001 DROP VIEW IF EXISTS `moststreamedsongs`*/;
/*!50001 SET @saved_cs_client          = @@character_set_client */;
/*!50001 SET @saved_cs_results         = @@character_set_results */;
/*!50001 SET @saved_col_connection     = @@collation_connection */;
/*!50001 SET character_set_client      = utf8mb4 */;
/*!50001 SET character_set_results     = utf8mb4 */;
/*!50001 SET collation_connection      = utf8mb4_0900_ai_ci */;
/*!50001 CREATE ALGORITHM=UNDEFINED */
/*!50013 DEFINER=`root`@`localhost` SQL SECURITY DEFINER */
/*!50001 VIEW `moststreamedsongs` (`song_id`,`countofstreams`) AS select `streams`.`song_id` AS `song_id`,count(0) AS `countofstreams` from `streams` group by `streams`.`song_id` order by `countofstreams` desc */;
/*!50001 SET character_set_client      = @saved_cs_client */;
/*!50001 SET character_set_results     = @saved_cs_results */;
/*!50001 SET collation_connection      = @saved_col_connection */;

--
-- Final view structure for view `songalbumartist`
--

/*!50001 DROP VIEW IF EXISTS `songalbumartist`*/;
/*!50001 SET @saved_cs_client          = @@character_set_client */;
/*!50001 SET @saved_cs_results         = @@character_set_results */;
/*!50001 SET @saved_col_connection     = @@collation_connection */;
/*!50001 SET character_set_client      = utf8mb4 */;
/*!50001 SET character_set_results     = utf8mb4 */;
/*!50001 SET collation_connection      = utf8mb4_0900_ai_ci */;
/*!50001 CREATE ALGORITHM=UNDEFINED */
/*!50013 DEFINER=`root`@`localhost` SQL SECURITY DEFINER */
/*!50001 VIEW `songalbumartist` (`id`,`songname`,`albumname`,`artist_id`,`artistsname`) AS select `s`.`id` AS `id`,`s`.`songname` AS `songname`,`a`.`albumname` AS `albumname`,`sp`.`artist_id` AS `artist_id`,`ar`.`artistsname` AS `artistsname` from (((`songperformers` `sp` left join `artists` `ar` on((`sp`.`artist_id` = `ar`.`id`))) left join `songs` `s` on((`sp`.`song_id` = `s`.`id`))) left join `albums` `a` on((`s`.`album_id` = `a`.`id`))) */;
/*!50001 SET character_set_client      = @saved_cs_client */;
/*!50001 SET character_set_results     = @saved_cs_results */;
/*!50001 SET collation_connection      = @saved_col_connection */;

--
-- Final view structure for view `usersplaylists`
--

/*!50001 DROP VIEW IF EXISTS `usersplaylists`*/;
/*!50001 SET @saved_cs_client          = @@character_set_client */;
/*!50001 SET @saved_cs_results         = @@character_set_results */;
/*!50001 SET @saved_col_connection     = @@collation_connection */;
/*!50001 SET character_set_client      = utf8mb4 */;
/*!50001 SET character_set_results     = utf8mb4 */;
/*!50001 SET collation_connection      = utf8mb4_0900_ai_ci */;
/*!50001 CREATE ALGORITHM=UNDEFINED */
/*!50013 DEFINER=`root`@`localhost` SQL SECURITY DEFINER */
/*!50001 VIEW `usersplaylists` (`id`,`playlistname`,`coverimage`,`description`,`created_by`) AS select `p`.`id` AS `id`,`p`.`playlistname` AS `playlistname`,`p`.`coverimage` AS `coverimage`,`p`.`description` AS `description`,`u`.`loginname` AS `loginname` from (`playlists` `p` left join `users` `u` on((`p`.`created_by` = `u`.`id`))) */;
/*!50001 SET character_set_client      = @saved_cs_client */;
/*!50001 SET character_set_results     = @saved_cs_results */;
/*!50001 SET collation_connection      = @saved_col_connection */;
/*!40103 SET TIME_ZONE=@OLD_TIME_ZONE */;

/*!40101 SET SQL_MODE=@OLD_SQL_MODE */;
/*!40014 SET FOREIGN_KEY_CHECKS=@OLD_FOREIGN_KEY_CHECKS */;
/*!40014 SET UNIQUE_CHECKS=@OLD_UNIQUE_CHECKS */;
/*!40101 SET CHARACTER_SET_CLIENT=@OLD_CHARACTER_SET_CLIENT */;
/*!40101 SET CHARACTER_SET_RESULTS=@OLD_CHARACTER_SET_RESULTS */;
/*!40101 SET COLLATION_CONNECTION=@OLD_COLLATION_CONNECTION */;
/*!40111 SET SQL_NOTES=@OLD_SQL_NOTES */;

-- Dump completed on 2020-12-26 16:46:28
